scheme_name,amfi_code,trading_day,nav_p05,nav_p25,nav_median,nav_p75,nav_p95,starting_nav
ABSL Small Cap Fund - Regular - Growth,101207,0,53.9836,53.9836,53.9836,53.9836,53.9836,53.9836
ABSL Small Cap Fund - Regular - Growth,101207,1,52.5435931995055,53.40143482468126,53.98071918955689,54.565423693844934,55.45263086737802,53.9836
ABSL Small Cap Fund - Regular - Growth,101207,2,52.018732801723345,53.1620857233974,54.00745252418482,54.838012734066055,56.12075752884011,53.9836
ABSL Small Cap Fund - Regular - Growth,101207,3,51.623813514409505,53.01562158908217,54.019602010496,55.04560960772362,56.58248286629615,53.9836
ABSL Small Cap Fund - Regular - Growth,101207,4,51.239562988291745,52.86255445218977,54.01079237246339,55.216076432684396,57.014605439591705,53.9836
ABSL Small Cap Fund - Regular - Growth,101207,5,50.93277586395699,52.72385641514716,54.00590629127555,55.348107054876365,57.34738386701629,53.9836
ABSL Small Cap Fund - Regular - Growth,101207,6,50.64063365020679,52.62578906220515,54.03028774100022,55.460612476625194,57.674137339188626,53.9836
ABSL Small Cap Fund - Regular - Growth,101207,7,50.39556203710277,52.54411680467619,54.04128769811217,55.59293680181124,57.946980862996526,53.9836
ABSL Small Cap Fund - Regular - Growth,101207,8,50.15193383513834,52.430528318622876,54.04997829095019,55.69952144584826,58.23949149095229,53.9836
ABSL Small Cap Fund - Regular - Growth,101207,9,49.958014013266194,52.3251725534691,54.04576821659399,55.813748370451854,58.501025712286,53.9836
ABSL Small Cap Fund - Regular - Growth,101207,10,49.753457980655185,52.23461701510125,54.04065844716415,55.890210001976605,58.761183176154255,53.9836
ABSL Small Cap Fund - Regular - Growth,101207,11,49.503436987097466,52.13265186378016,54.03684479462289,55.971207560279815,59.09148301520173,53.9836
ABSL Small Cap Fund - Regular - Growth,101207,12,49.34321024919892,52.078072487261466,54.04410406037172,56.0947529270608,59.348734651638004,53.9836
ABSL Small Cap Fund - Regular - Growth,101207,13,49.11456668896803,51.97158642342027,54.00607512086963,56.2076324899779,59.591398550455494,53.9836
ABSL Small Cap Fund - Regular - Growth,101207,14,48.948239351133964,51.896276615984206,54.065438866123166,56.30377243688186,59.87893699988122,53.9836
ABSL Small Cap Fund - Regular - Growth,101207,15,48.79865802493512,51.792618802515904,54.02455114018511,56.386317909374505,60.11471902215299,53.9836
ABSL Small Cap Fund - Regular - Growth,101207,16,48.65013384465473,51.76802389997645,54.03138720148425,56.475684525334,60.253716501938854,53.9836
ABSL Small Cap Fund - Regular - Growth,101207,17,48.55438055028341,51.6875931369721,54.0202621577573,56.555566700065945,60.46566721001755,53.9836
ABSL Small Cap Fund - Regular - Growth,101207,18,48.32142335466745,51.6798003317613,54.06360874290459,56.68814880628069,60.71839785431931,53.9836
ABSL Small Cap Fund - Regular - Growth,101207,19,48.18148361645913,51.674594011311505,54.08587829685542,56.7456546442949,60.872057118744245,53.9836
ABSL Small Cap Fund - Regular - Growth,101207,20,48.029721426655854,51.6254650264173,54.1092912326516,56.82213453446146,60.998847126813594,53.9836
ABSL Small Cap Fund - Regular - Growth,101207,21,47.911467765592185,51.549541626338865,54.12498418183378,56.86317973358188,61.21223629798076,53.9836
ABSL Small Cap Fund - Regular - Growth,101207,22,47.83085896574263,51.50106633233685,54.108192875753204,56.96850643741752,61.38322151251051,53.9836
ABSL Small Cap Fund - Regular - Growth,101207,23,47.78627350181185,51.492087342504725,54.15052235232719,57.0299025318954,61.618282517551826,53.9836
ABSL Small Cap Fund - Regular - Growth,101207,24,47.69160216647112,51.415451239791786,54.17124874851169,57.11048149205357,61.75366007210957,53.9836
ABSL Small Cap Fund - Regular - Growth,101207,25,47.60026013713675,51.33598248036088,54.14305386251134,57.23608453653069,62.00506329958306,53.9836
ABSL Small Cap Fund - Regular - Growth,101207,26,47.45030447803892,51.2842099260821,54.16145064889322,57.25207718746073,62.09636642038808,53.9836
ABSL Small Cap Fund - Regular - Growth,101207,27,47.3162877540734,51.22536770035149,54.18201172710665,57.32727592916114,62.29785608609512,53.9836
ABSL Small Cap Fund - Regular - Growth,101207,28,47.25051501921673,51.184277188432596,54.220862452422175,57.456072757158054,62.57512005210512,53.9836
ABSL Small Cap Fund - Regular - Growth,101207,29,47.06488232177554,51.108702610189695,54.23439115610353,57.54743164465236,62.667255597627424,53.9836
ABSL Small Cap Fund - Regular - Growth,101207,30,46.968178325474454,51.08799833511078,54.20596926167423,57.57527500489795,62.79037426746754,53.9836
ABSL Small Cap Fund - Regular - Growth,101207,31,46.73734548296943,51.03556466364446,54.2062581249538,57.62177197195193,62.93799310565644,53.9836
ABSL Small Cap Fund - Regular - Growth,101207,32,46.685308838973384,50.99475338230431,54.23490626959911,57.65161393170271,63.104622081957885,53.9836
ABSL Small Cap Fund - Regular - Growth,101207,33,46.56319565976767,50.985521738034905,54.205786240248855,57.72062190652684,63.47040514265342,53.9836
ABSL Small Cap Fund - Regular - Growth,101207,34,46.42996238674151,50.97201009978967,54.242296408251086,57.84577611776031,63.49719315124734,53.9836
ABSL Small Cap Fund - Regular - Growth,101207,35,46.449009651513734,50.933395880339354,54.25439329031379,57.929991318613844,63.551861410697526,53.9836
ABSL Small Cap Fund - Regular - Growth,101207,36,46.321767072602505,50.899581941574304,54.23928191794311,57.96055389014106,63.82289339763116,53.9836
ABSL Small Cap Fund - Regular - Growth,101207,37,46.28798220185798,50.85335159096043,54.25465075868868,58.0053603949591,63.83991739815447,53.9836
ABSL Small Cap Fund - Regular - Growth,101207,38,46.106458689866095,50.81019626981675,54.32180013489537,58.059307871387475,64.00421289043737,53.9836
ABSL Small Cap Fund - Regular - Growth,101207,39,46.04628851049784,50.69905695934696,54.249326855315765,58.11195378932297,64.1590049726148,53.9836
ABSL Small Cap Fund - Regular - Growth,101207,40,45.88252158843803,50.706470701951105,54.31017992547515,58.21661344981929,64.34763060696805,53.9836
ABSL Small Cap Fund - Regular - Growth,101207,41,45.72970098119973,50.670499362260266,54.30111089064343,58.23974350842737,64.59156124015884,53.9836
ABSL Small Cap Fund - Regular - Growth,101207,42,45.71343123890327,50.62758970597679,54.330410695053075,58.34333903688465,64.69626494632314,53.9836
ABSL Small Cap Fund - Regular - Growth,101207,43,45.56580057653686,50.58587752621414,54.316157608836136,58.39632791663634,64.74548695748966,53.9836
ABSL Small Cap Fund - Regular - Growth,101207,44,45.520126435383425,50.48274427059626,54.33561903993417,58.4027610466003,64.88976480239269,53.9836
ABSL Small Cap Fund - Regular - Growth,101207,45,45.46768851488846,50.44234130565617,54.304853627606505,58.484640252253236,65.0238953519377,53.9836
ABSL Small Cap Fund - Regular - Growth,101207,46,45.4244576668328,50.46305918554322,54.373876833842175,58.56386512665372,65.19689000721212,53.9836
ABSL Small Cap Fund - Regular - Growth,101207,47,45.34813284718485,50.43669757832886,54.408659478748085,58.51814383023664,65.39387811898374,53.9836
ABSL Small Cap Fund - Regular - Growth,101207,48,45.29580504529373,50.368052975179985,54.41974989858237,58.616487064535974,65.53741424663183,53.9836
ABSL Small Cap Fund - Regular - Growth,101207,49,45.20333669591176,50.33238073107567,54.399851573227096,58.70945499557372,65.64161829852542,53.9836
ABSL Small Cap Fund - Regular - Growth,101207,50,45.121952474428966,50.35816121309913,54.399709163271936,58.731188029731115,65.7915591777243,53.9836
ABSL Small Cap Fund - Regular - Growth,101207,51,45.07168220650014,50.262478742700885,54.38935267467836,58.844563230185415,65.93955704868632,53.9836
ABSL Small Cap Fund - Regular - Growth,101207,52,45.011649032339655,50.25367937118999,54.36061460055667,58.8800736885638,66.19168787933383,53.9836
ABSL Small Cap Fund - Regular - Growth,101207,53,44.95424093861125,50.19846649773575,54.358975365563936,58.92827693917088,66.29649935648938,53.9836
ABSL Small Cap Fund - Regular - Growth,101207,54,44.88623702533988,50.17869733214093,54.371365774590856,59.04255993544102,66.27552348269444,53.9836
ABSL Small Cap Fund - Regular - Growth,101207,55,44.860654346002555,50.20038119089804,54.412268154461124,59.08288848881569,66.53568576516689,53.9836
ABSL Small Cap Fund - Regular - Growth,101207,56,44.70844260620018,50.10142633247793,54.3987490465733,59.093417378540366,66.5219117963518,53.9836
ABSL Small Cap Fund - Regular - Growth,101207,57,44.545570093090014,50.078351695584324,54.429572197146115,59.04738436499712,66.66853671973502,53.9836
ABSL Small Cap Fund - Regular - Growth,101207,58,44.523589495216946,50.08640672246358,54.42876955759345,59.14165801604563,66.65910353533714,53.9836
ABSL Small Cap Fund - Regular - Growth,101207,59,44.36378129913429,50.09542143360472,54.45213728203457,59.15868178641852,66.8752936047731,53.9836
ABSL Small Cap Fund - Regular - Growth,101207,60,44.33721033649157,49.99113241818207,54.446702006009005,59.19367840690793,66.94841110118294,53.9836
ABSL Small Cap Fund - Regular - Growth,101207,61,44.33691960520055,49.98894332199821,54.44271136245233,59.29993275501473,67.2067715133453,53.9836
ABSL Small Cap Fund - Regular - Growth,101207,62,44.299479140230574,49.95838102760493,54.427087308770766,59.29875793981145,67.30029197369164,53.9836
ABSL Small Cap Fund - Regular - Growth,101207,63,44.15281555933487,49.890305786019795,54.45104241462191,59.36390123282929,67.39628560604584,53.9836
ABSL Small Cap Fund - Regular - Growth,101207,64,44.02646907099641,49.84086175649615,54.449297078970325,59.40933376840035,67.60433162714875,53.9836
ABSL Small Cap Fund - Regular - Growth,101207,65,43.99041462241398,49.841781987297395,54.40912918801469,59.462144250484,67.60451968282628,53.9836
ABSL Small Cap Fund - Regular - Growth,101207,66,43.944664949474735,49.81052329200274,54.428914496989506,59.551701275092164,67.70235954601148,53.9836
ABSL Small Cap Fund - Regular - Growth,101207,67,43.875696558613285,49.755242301702545,54.40429340988553,59.58582356886969,67.8035032606774,53.9836
ABSL Small Cap Fund - Regular - Growth,101207,68,43.8621081628225,49.75224813207944,54.42272775849112,59.58750830839165,67.87565336671804,53.9836
ABSL Small Cap Fund - Regular - Growth,101207,69,43.76637530701646,49.733313770730796,54.41503897938857,59.63144480325693,68.05525839767935,53.9836
ABSL Small Cap Fund - Regular - Growth,101207,70,43.66237801312495,49.6907137923006,54.45799201347855,59.688175203987186,68.10136070452856,53.9836
ABSL Small Cap Fund - Regular - Growth,101207,71,43.53296613284926,49.639269085821766,54.47806136331616,59.70938242119952,68.33253409937643,53.9836
ABSL Small Cap Fund - Regular - Growth,101207,72,43.515585490875054,49.68532109140121,54.519938515380524,59.74572589415256,68.3619378794861,53.9836
ABSL Small Cap Fund - Regular - Growth,101207,73,43.4153808791108,49.703488404218184,54.52934236089051,59.90680546011606,68.51034240971404,53.9836
ABSL Small Cap Fund - Regular - Growth,101207,74,43.29779995791335,49.673471218836866,54.538096027658455,59.91300536340189,68.59156178844471,53.9836
ABSL Small Cap Fund - Regular - Growth,101207,75,43.190065508447546,49.68252261922385,54.58714868728436,60.01231163940406,68.56686798966301,53.9836
ABSL Small Cap Fund - Regular - Growth,101207,76,43.12866302993506,49.62529597734677,54.6436634316245,60.08105315377985,68.73563523730007,53.9836
ABSL Small Cap Fund - Regular - Growth,101207,77,43.24196186827193,49.63939694544622,54.644852657459545,60.055035781668366,68.91714889394585,53.9836
ABSL Small Cap Fund - Regular - Growth,101207,78,43.136359275190976,49.60092857833107,54.64712432226344,60.096222468085145,69.01135615842345,53.9836
ABSL Small Cap Fund - Regular - Growth,101207,79,43.08751070968127,49.59964213323303,54.687921487025065,60.1299694954695,69.10483995920147,53.9836
ABSL Small Cap Fund - Regular - Growth,101207,80,42.9602293946825,49.54520480907521,54.692208111978,60.24237719386895,69.27887626403141,53.9836
ABSL Small Cap Fund - Regular - Growth,101207,81,42.94483170324023,49.50808755147912,54.70552511755828,60.2348604421447,69.34890956166633,53.9836
ABSL Small Cap Fund - Regular - Growth,101207,82,42.83634908433582,49.51326611227654,54.67448755902876,60.438353007501036,69.29578268377915,53.9836
ABSL Small Cap Fund - Regular - Growth,101207,83,42.86419991444908,49.485523992111276,54.592886351087024,60.41318383180956,69.56216207740157,53.9836
ABSL Small Cap Fund - Regular - Growth,101207,84,42.78955868215263,49.48161877123222,54.61947006847559,60.42196442636475,69.68336674114819,53.9836
ABSL Small Cap Fund - Regular - Growth,101207,85,42.746318896228644,49.42795778375092,54.58768809411495,60.44396132200654,69.97375932151215,53.9836
ABSL Small Cap Fund - Regular - Growth,101207,86,42.68416591914439,49.421100817006334,54.59230850992996,60.54147941146422,70.0429908435675,53.9836
ABSL Small Cap Fund - Regular - Growth,101207,87,42.516602585457505,49.4022453307841,54.65616455686569,60.555579851458326,70.1707934430273,53.9836
ABSL Small Cap Fund - Regular - Growth,101207,88,42.441636642728675,49.442597601413155,54.705584901979066,60.609227964099254,70.17775424685804,53.9836
ABSL Small Cap Fund - Regular - Growth,101207,89,42.415244203283876,49.34544966142808,54.65892772144123,60.61295060944145,70.349995026182,53.9836
ABSL Small Cap Fund - Regular - Growth,101207,90,42.31052247045092,49.355561833351295,54.68285280828803,60.725607828425844,70.40963329097453,53.9836
ABSL Small Cap Fund - Regular - Growth,101207,91,42.3005610898346,49.37678941446631,54.71868413492078,60.756398526662366,70.4869477578112,53.9836
ABSL Small Cap Fund - Regular - Growth,101207,92,42.25887585691507,49.3139624757627,54.77711953574713,60.83335086596614,70.67475718073442,53.9836
ABSL Small Cap Fund - Regular - Growth,101207,93,42.14948266645526,49.29140064829099,54.74249745223536,60.807971710981995,70.98757486145168,53.9836
ABSL Small Cap Fund - Regular - Growth,101207,94,42.185664692985625,49.23476627929426,54.79124870273034,60.861419273111395,70.9229650536868,53.9836
ABSL Small Cap Fund - Regular - Growth,101207,95,42.078816909485546,49.25872127120917,54.85298179217186,60.936335695718036,71.00043979355728,53.9836
ABSL Small Cap Fund - Regular - Growth,101207,96,42.11543058716202,49.21058248325814,54.877855670009126,60.99558218591224,71.22445052086691,53.9836
ABSL Small Cap Fund - Regular - Growth,101207,97,42.11391102292902,49.24136378049343,54.867490113423855,61.02659580811837,71.39368456458263,53.9836
ABSL Small Cap Fund - Regular - Growth,101207,98,41.96250780961475,49.19320248659986,54.85454259811743,61.076216152993695,71.34950320609767,53.9836
ABSL Small Cap Fund - Regular - Growth,101207,99,41.91806450774648,49.18143939602478,54.89852867311579,61.155185544419055,71.65008749722446,53.9836
ABSL Small Cap Fund - Regular - Growth,101207,100,41.98602562529796,49.06340088131562,54.92593142588055,61.17034646255664,71.64876901228214,53.9836
ABSL Small Cap Fund - Regular - Growth,101207,101,41.85076422753224,49.18026492356152,54.93620472701572,61.168213940098525,71.88313391810588,53.9836
ABSL Small Cap Fund - Regular - Growth,101207,102,41.86008099059089,49.14249521688076,54.92919029182265,61.1941032624449,71.90816978948608,53.9836
ABSL Small Cap Fund - Regular - Growth,101207,103,41.6823589172807,49.10871239561939,54.95240703945693,61.22137725120514,72.18530977227016,53.9836
ABSL Small Cap Fund - Regular - Growth,101207,104,41.679037383637414,49.041322560353905,54.94511595223596,61.30993158822902,72.07577732325323,53.9836
ABSL Small Cap Fund - Regular - Growth,101207,105,41.647722755693096,49.028583506959876,54.9991144820773,61.38769641074035,72.26322309765851,53.9836
ABSL Small Cap Fund - Regular - Growth,101207,106,41.63171119264707,48.92488988986569,54.94695798294735,61.37976541370224,72.4233524374459,53.9836
ABSL Small Cap Fund - Regular - Growth,101207,107,41.67077055260579,48.958527424014235,54.99768095412956,61.447430319505465,72.46546761935664,53.9836
ABSL Small Cap Fund - Regular - Growth,101207,108,41.50496997812527,48.94114868985803,55.00373517098155,61.483605171691174,72.56761734430903,53.9836
ABSL Small Cap Fund - Regular - Growth,101207,109,41.57357181887878,48.89389091423735,55.01898329687617,61.65671446308889,72.75874865757714,53.9836
ABSL Small Cap Fund - Regular - Growth,101207,110,41.56021303353088,48.92531388523603,55.02023167434798,61.6789966581572,72.87657435662132,53.9836
ABSL Small Cap Fund - Regular - Growth,101207,111,41.440936472807294,48.9164833667405,55.00207109674963,61.67096034605586,72.98117866234382,53.9836
ABSL Small Cap Fund - Regular - Growth,101207,112,41.52607879491601,48.87681770939081,55.08470367986776,61.738353227274644,73.18047662624828,53.9836
ABSL Small Cap Fund - Regular - Growth,101207,113,41.349599592271666,48.81181866713182,55.05299754643708,61.74033683587374,73.36044837980407,53.9836
ABSL Small Cap Fund - Regular - Growth,101207,114,41.359450463414646,48.85879783011126,55.065134614300824,61.799845310956634,73.19271604035701,53.9836
ABSL Small Cap Fund - Regular - Growth,101207,115,41.3461794492442,48.850892962790674,55.05639568909919,61.844600827781804,73.44985071000676,53.9836
ABSL Small Cap Fund - Regular - Growth,101207,116,41.263483086626984,48.86714529156039,55.04360197026976,61.93900466699802,73.61134413472082,53.9836
ABSL Small Cap Fund - Regular - Growth,101207,117,41.06891732024012,48.84548723931615,55.0154158749265,62.00346821296408,73.7375526671984,53.9836
ABSL Small Cap Fund - Regular - Growth,101207,118,40.93741348053372,48.78712325334568,55.09982947768205,61.984657805434644,73.73686397516056,53.9836
ABSL Small Cap Fund - Regular - Growth,101207,119,41.01856949739579,48.78937052012539,55.14028406534601,62.03785001346674,73.95625360329694,53.9836
ABSL Small Cap Fund - Regular - Growth,101207,120,40.950970441982136,48.79806565472346,55.08741158633131,62.08472124360508,73.9128568645826,53.9836
ABSL Small Cap Fund - Regular - Growth,101207,121,40.912559152304176,48.724477338124444,55.171096882674064,62.1160997029421,74.03197956710757,53.9836
ABSL Small Cap Fund - Regular - Growth,101207,122,40.972113507563854,48.73990197783057,55.18578442398696,62.10295306840664,74.15465499765905,53.9836
ABSL Small Cap Fund - Regular - Growth,101207,123,40.93000733683578,48.716166533304076,55.17824900853206,62.15827988864646,74.2889151981271,53.9836
ABSL Small Cap Fund - Regular - Growth,101207,124,40.84903759867374,48.68438327763905,55.14715781684867,62.215222286038525,74.5349861040231,53.9836
ABSL Small Cap Fund - Regular - Growth,101207,125,40.816730619651835,48.73180306744765,55.17538228858948,62.28820764691619,74.50683076854757,53.9836
ABSL Small Cap Fund - Regular - Growth,101207,126,40.722842032234226,48.710963047303515,55.22452407824296,62.39550854811853,74.74374215905004,53.9836
ABSL Small Cap Fund - Regular - Growth,101207,127,40.740050974340015,48.792967731716516,55.22402551703096,62.40682853946862,74.70389369571733,53.9836
ABSL Small Cap Fund - Regular - Growth,101207,128,40.713863854509746,48.671634688135555,55.283673244953505,62.32303662197726,74.81645222989114,53.9836
ABSL Small Cap Fund - Regular - Growth,101207,129,40.61264733596144,48.67373348457123,55.262588058722784,62.42429568918814,74.64049696975324,53.9836
ABSL Small Cap Fund - Regular - Growth,101207,130,40.639595528456844,48.637873207567424,55.2786454189264,62.3973765759671,74.84490644876968,53.9836
ABSL Small Cap Fund - Regular - Growth,101207,131,40.68417615205904,48.68029421754563,55.27443109340608,62.39983431590662,74.9358424656959,53.9836
ABSL Small Cap Fund - Regular - Growth,101207,132,40.63570365520814,48.621037364240706,55.24641226420183,62.53140993701169,75.16856526228462,53.9836
ABSL Small Cap Fund - Regular - Growth,101207,133,40.635828558522256,48.70736212878788,55.33565922881073,62.57685011896548,75.46548380958502,53.9836
ABSL Small Cap Fund - Regular - Growth,101207,134,40.699489087630845,48.6588883879009,55.312654303266314,62.563993875587656,75.47836903609766,53.9836
ABSL Small Cap Fund - Regular - Growth,101207,135,40.49799168026452,48.63926517432965,55.297645181426105,62.67477676701548,75.64575647319708,53.9836
ABSL Small Cap Fund - Regular - Growth,101207,136,40.518054493276246,48.619988130608945,55.25051718173877,62.638443521704595,75.44552418213082,53.9836
ABSL Small Cap Fund - Regular - Growth,101207,137,40.45440711194229,48.616859702853255,55.29879326689205,62.7347952362537,75.55414373624428,53.9836
ABSL Small Cap Fund - Regular - Growth,101207,138,40.3247626391753,48.677730933464915,55.33956490902942,62.72126152032254,75.73042658153666,53.9836
ABSL Small Cap Fund - Regular - Growth,101207,139,40.32607876353009,48.720100692974924,55.33836435448379,62.786059282798,75.96021577176016,53.9836
ABSL Small Cap Fund - Regular - Growth,101207,140,40.36872081084364,48.71619691581777,55.31155238516377,62.88697521857664,75.98269433225424,53.9836
ABSL Small Cap Fund - Regular - Growth,101207,141,40.24569905411108,48.571454929965,55.28481846022979,62.93703569165325,76.16558033167195,53.9836
ABSL Small Cap Fund - Regular - Growth,101207,142,40.23346120769884,48.578774079346644,55.30567211522755,62.933053537755896,76.0843796259466,53.9836
ABSL Small Cap Fund - Regular - Growth,101207,143,40.18659068344895,48.51106801881515,55.2585584634065,62.908069732537584,76.15808394111075,53.9836
ABSL Small Cap Fund - Regular - Growth,101207,144,40.189208528051175,48.57437227438401,55.289391861106935,62.97307500756746,76.23161173919668,53.9836
ABSL Small Cap Fund - Regular - Growth,101207,145,40.15301090747747,48.52293195132153,55.2875529355817,63.038564160824805,76.55616947948505,53.9836
ABSL Small Cap Fund - Regular - Growth,101207,146,39.96035110453003,48.53075323028337,55.28001308568992,63.05640959966413,76.52450205448223,53.9836
ABSL Small Cap Fund - Regular - Growth,101207,147,40.040362047227994,48.52610788886517,55.26879864875548,63.18460337112818,76.56041376621967,53.9836
ABSL Small Cap Fund - Regular - Growth,101207,148,39.91128703729071,48.50555184880072,55.28500038719575,63.248953851668304,76.74752611611494,53.9836
ABSL Small Cap Fund - Regular - Growth,101207,149,39.90322318898702,48.529845979646836,55.311404329687036,63.3934736969899,76.68143606760327,53.9836
ABSL Small Cap Fund - Regular - Growth,101207,150,39.89585838928361,48.50274256836753,55.340656447701726,63.39988151434942,76.66516705408732,53.9836
ABSL Small Cap Fund - Regular - Growth,101207,151,39.899802486214405,48.488625011317524,55.34785490086996,63.44711990869742,76.8404665101845,53.9836
ABSL Small Cap Fund - Regular - Growth,101207,152,39.91004674042069,48.42980451347592,55.3964405662987,63.42154221381174,77.07963678166229,53.9836
ABSL Small Cap Fund - Regular - Growth,101207,153,39.8667778846726,48.38530158055043,55.38164098258859,63.50357475964271,77.24940504380524,53.9836
ABSL Small Cap Fund - Regular - Growth,101207,154,39.851532271415884,48.43029014469947,55.462260653185865,63.484355008698415,77.07833485232979,53.9836
ABSL Small Cap Fund - Regular - Growth,101207,155,39.792467366477084,48.38028079650505,55.45615582591445,63.55138557555866,77.23192700424967,53.9836
ABSL Small Cap Fund - Regular - Growth,101207,156,39.72685129398409,48.36511231434076,55.44166346114247,63.63486075912921,77.3733964340977,53.9836
ABSL Small Cap Fund - Regular - Growth,101207,157,39.6256845115631,48.341030968432236,55.500001800372075,63.64671474729516,77.56807967908537,53.9836
ABSL Small Cap Fund - Regular - Growth,101207,158,39.63331642003033,48.32165502670536,55.50730186144152,63.61043665159523,77.57343507590166,53.9836
ABSL Small Cap Fund - Regular - Growth,101207,159,39.53648833655771,48.428207900060386,55.4986426273277,63.756126479554595,77.71674018817983,53.9836
ABSL Small Cap Fund - Regular - Growth,101207,160,39.608635955812666,48.40989941619957,55.50915153961569,63.789843856941985,77.97295745998589,53.9836
ABSL Small Cap Fund - Regular - Growth,101207,161,39.6153479102525,48.37990941592149,55.51312652797272,63.82913559069412,78.10206966830665,53.9836
ABSL Small Cap Fund - Regular - Growth,101207,162,39.48167270147534,48.320355888277746,55.52316569431469,63.763341953722374,78.15110635841994,53.9836
ABSL Small Cap Fund - Regular - Growth,101207,163,39.44125855028289,48.336521893253355,55.544215888340446,63.80048261972979,78.35036669927138,53.9836
ABSL Small Cap Fund - Regular - Growth,101207,164,39.492930946509404,48.37170681030257,55.50662641870095,63.854891850810475,78.40981637155875,53.9836
ABSL Small Cap Fund - Regular - Growth,101207,165,39.44472022982268,48.35683959142881,55.51636010279958,63.83550295377435,78.59259141605654,53.9836
ABSL Small Cap Fund - Regular - Growth,101207,166,39.407519387145626,48.33131813063778,55.56414271789417,63.90500007596746,78.60435345429872,53.9836
ABSL Small Cap Fund - Regular - Growth,101207,167,39.46659713294919,48.32174982557606,55.66565067554488,63.99466988308736,78.5895455240024,53.9836
ABSL Small Cap Fund - Regular - Growth,101207,168,39.403048292328755,48.26489619164411,55.573481108779966,63.90741476707866,78.8728836663267,53.9836
ABSL Small Cap Fund - Regular - Growth,101207,169,39.24843453812166,48.27301870812454,55.582015342586516,64.0513380437643,78.89742510237404,53.9836
ABSL Small Cap Fund - Regular - Growth,101207,170,39.30703310669303,48.239660625060736,55.61669279491474,64.0452430990002,79.10835277868625,53.9836
ABSL Small Cap Fund - Regular - Growth,101207,171,39.43589007488139,48.23231056620621,55.51475505511907,64.0274965517434,79.32730513832125,53.9836
ABSL Small Cap Fund - Regular - Growth,101207,172,39.255877914391846,48.25612675332267,55.55261891890687,64.00980910530049,79.36362835899934,53.9836
ABSL Small Cap Fund - Regular - Growth,101207,173,39.331928045805604,48.26022725627231,55.64769157389608,64.14068150983226,79.24235420987806,53.9836
ABSL Small Cap Fund - Regular - Growth,101207,174,39.281829193967994,48.20511526554868,55.69354367851287,64.124375357628,79.33284930890049,53.9836
ABSL Small Cap Fund - Regular - Growth,101207,175,39.08604126001352,48.16828101796352,55.72770380244557,64.12502266895956,79.27783323434744,53.9836
ABSL Small Cap Fund - Regular - Growth,101207,176,39.163680695644864,48.10558672421049,55.7156009787913,64.19247796377682,79.43311890157405,53.9836
ABSL Small Cap Fund - Regular - Growth,101207,177,38.96065048590146,48.15744297907004,55.655286292204806,64.295992324649,79.32677278178807,53.9836
ABSL Small Cap Fund - Regular - Growth,101207,178,38.96313720867241,48.12356878401222,55.62450577007849,64.31899361414183,79.24404597916062,53.9836
ABSL Small Cap Fund - Regular - Growth,101207,179,38.93586182137734,48.11532983958425,55.60417088019056,64.36993722167904,79.43473792929535,53.9836
ABSL Small Cap Fund - Regular - Growth,101207,180,38.93377520208301,48.109074004437566,55.69963600136563,64.40849875378632,79.69947167891095,53.9836
ABSL Small Cap Fund - Regular - Growth,101207,181,38.80906326172356,48.12313336948216,55.799735875019564,64.37104424141961,79.91671903544058,53.9836
ABSL Small Cap Fund - Regular - Growth,101207,182,38.83689243987568,48.13467373068875,55.84608059463672,64.40212007154518,80.1224335796904,53.9836
ABSL Small Cap Fund - Regular - Growth,101207,183,38.85320280032042,48.050356634472024,55.779351055118624,64.58222172355048,80.27918899172363,53.9836
ABSL Small Cap Fund - Regular - Growth,101207,184,38.736877268426134,48.10613538962622,55.781630168880525,64.62969382680946,80.39951449411701,53.9836
ABSL Small Cap Fund - Regular - Growth,101207,185,38.624988930132766,48.037349450563184,55.801963998330905,64.6737879958978,80.23389326265543,53.9836
ABSL Small Cap Fund - Regular - Growth,101207,186,38.73498455897994,47.9690412447894,55.80762737370799,64.72343465408116,80.44242867658707,53.9836
ABSL Small Cap Fund - Regular - Growth,101207,187,38.64647120793715,47.92329133604536,55.88935545304183,64.7281267251884,80.48475743219217,53.9836
ABSL Small Cap Fund - Regular - Growth,101207,188,38.63437230731938,47.9207008942173,55.86586299656033,64.73545623890016,80.59614668723346,53.9836
ABSL Small Cap Fund - Regular - Growth,101207,189,38.55179637198861,47.8619587683319,55.918753426301336,64.79919483791473,80.80095033917016,53.9836
ABSL Small Cap Fund - Regular - Growth,101207,190,38.61310678724986,47.88520456625467,55.9482445020685,64.84525072905949,80.65137578160699,53.9836
ABSL Small Cap Fund - Regular - Growth,101207,191,38.49787597823346,47.90676504794918,55.93131756118709,64.77446392623962,80.72637173821529,53.9836
ABSL Small Cap Fund - Regular - Growth,101207,192,38.453411009934115,47.87534843984609,55.955059396897234,64.93362683699829,80.88598577030457,53.9836
ABSL Small Cap Fund - Regular - Growth,101207,193,38.4180689288883,47.87794872933607,55.93180991990222,64.94849850824517,80.96731225952858,53.9836
ABSL Small Cap Fund - Regular - Growth,101207,194,38.370602060752354,47.83332668384269,55.85910711837289,65.00112686414877,80.71397446824732,53.9836
ABSL Small Cap Fund - Regular - Growth,101207,195,38.27929228043036,47.7626762817826,55.97567430208277,65.04522733422611,80.91282738970999,53.9836
ABSL Small Cap Fund - Regular - Growth,101207,196,38.253349269394484,47.75624236625886,56.03279800420434,65.02541529141996,81.22521381934469,53.9836
ABSL Small Cap Fund - Regular - Growth,101207,197,38.247476385192996,47.80807653379689,56.02046254179017,65.04292434747443,81.36276623164457,53.9836
ABSL Small Cap Fund - Regular - Growth,101207,198,38.18744228295555,47.80622182425764,56.00757734032266,65.09729105160338,81.40972701368787,53.9836
ABSL Small Cap Fund - Regular - Growth,101207,199,38.115231803974034,47.760888496495795,56.023399486590485,65.14951294069728,81.37467061508447,53.9836
ABSL Small Cap Fund - Regular - Growth,101207,200,38.14791485151154,47.733128824720275,56.05591052050559,65.15620715048237,81.41274541823346,53.9836
ABSL Small Cap Fund - Regular - Growth,101207,201,38.20378742133776,47.688157838117384,55.99830559047791,65.16170347100419,81.56240802977588,53.9836
ABSL Small Cap Fund - Regular - Growth,101207,202,38.02543241241684,47.74353896949307,56.00305856066524,65.29137072809772,81.70156310736314,53.9836
ABSL Small Cap Fund - Regular - Growth,101207,203,38.065271250566155,47.70894347299754,56.076896222151035,65.27431276431908,81.88520621746723,53.9836
ABSL Small Cap Fund - Regular - Growth,101207,204,38.09181132988686,47.653879236516275,56.02225087311331,65.31950930990823,82.00440364911542,53.9836
ABSL Small Cap Fund - Regular - Growth,101207,205,38.07615014333117,47.66739234697857,56.03863148255862,65.28043982007082,81.93885297950939,53.9836
ABSL Small Cap Fund - Regular - Growth,101207,206,38.042591638387194,47.62070902844174,56.04950448382378,65.34573341089276,81.88131469422595,53.9836
ABSL Small Cap Fund - Regular - Growth,101207,207,38.01449608628693,47.696372103232136,56.042984970196386,65.48948608321956,81.91668776816262,53.9836
ABSL Small Cap Fund - Regular - Growth,101207,208,37.8845492991922,47.63862023235299,56.04854786130704,65.56084994466273,82.08011901237448,53.9836
ABSL Small Cap Fund - Regular - Growth,101207,209,37.813223592149676,47.602257596614315,56.114298939540845,65.66385187889466,81.96676218819978,53.9836
ABSL Small Cap Fund - Regular - Growth,101207,210,37.73628836558212,47.5513311008274,56.10950650234699,65.65540941880899,82.06798860866054,53.9836
ABSL Small Cap Fund - Regular - Growth,101207,211,37.71343786757654,47.60237770794966,56.0521913022763,65.80064287581314,82.27744080033965,53.9836
ABSL Small Cap Fund - Regular - Growth,101207,212,37.63516700839521,47.53385839588435,56.05859023357008,65.80179835042489,82.45106170507161,53.9836
ABSL Small Cap Fund - Regular - Growth,101207,213,37.66257365953064,47.51003317651889,56.072238950882365,65.7720339890817,82.38170705594588,53.9836
ABSL Small Cap Fund - Regular - Growth,101207,214,37.68304555498166,47.48334872936969,56.09264837600274,65.75815011725612,82.50011639136667,53.9836
ABSL Small Cap Fund - Regular - Growth,101207,215,37.729123013559274,47.468370734953005,56.127992807947024,65.880841192997,82.94673093718963,53.9836
ABSL Small Cap Fund - Regular - Growth,101207,216,37.735639921910554,47.51279439912508,56.15069757333083,65.9681192011958,83.13323951182058,53.9836
ABSL Small Cap Fund - Regular - Growth,101207,217,37.68355676339327,47.51526263055347,56.11024985854162,65.93239797783811,82.82015067690749,53.9836
ABSL Small Cap Fund - Regular - Growth,101207,218,37.718580304763705,47.4765415367913,56.15981774935713,65.95913302117341,83.19212008204032,53.9836
ABSL Small Cap Fund - Regular - Growth,101207,219,37.63468105215847,47.48342098172414,56.2403215540405,66.04660780691958,83.10477143444741,53.9836
ABSL Small Cap Fund - Regular - Growth,101207,220,37.71577154040973,47.562258655182234,56.18637474408142,66.22236197628737,83.24039693774618,53.9836
ABSL Small Cap Fund - Regular - Growth,101207,221,37.562322205339925,47.553238770724064,56.19778097138219,66.12374599470981,83.22483285763475,53.9836
ABSL Small Cap Fund - Regular - Growth,101207,222,37.51171742570927,47.5549751417721,56.147007464759874,66.26086811250897,83.42107913880962,53.9836
ABSL Small Cap Fund - Regular - Growth,101207,223,37.64421361819234,47.60689299708159,56.05298234871174,66.30093144812517,83.16230801947857,53.9836
ABSL Small Cap Fund - Regular - Growth,101207,224,37.55960280238389,47.62323090420066,56.121945904736265,66.31137388315274,83.3084224910473,53.9836
ABSL Small Cap Fund - Regular - Growth,101207,225,37.52093465209673,47.56897024052773,56.11351258376514,66.30888897126222,83.52444575271677,53.9836
ABSL Small Cap Fund - Regular - Growth,101207,226,37.37244477960165,47.6119053523371,56.18937583003746,66.39690474297984,83.63385725365971,53.9836
ABSL Small Cap Fund - Regular - Growth,101207,227,37.426990655474796,47.610620648264984,56.19192216482001,66.37228012350205,83.60013397771644,53.9836
ABSL Small Cap Fund - Regular - Growth,101207,228,37.34294531005665,47.54771062125244,56.18939566996994,66.40635809850767,83.66207385685159,53.9836
ABSL Small Cap Fund - Regular - Growth,101207,229,37.28989066487373,47.55409549204653,56.197305665707184,66.43883917887567,83.71694917651557,53.9836
ABSL Small Cap Fund - Regular - Growth,101207,230,37.400881101733496,47.59325622552049,56.11688686525014,66.56562374688973,83.90784931153479,53.9836
ABSL Small Cap Fund - Regular - Growth,101207,231,37.29789484198418,47.571050986988425,56.16459641355337,66.48824430433817,84.30123324955768,53.9836
ABSL Small Cap Fund - Regular - Growth,101207,232,37.19123256872371,47.52695778141893,56.24532600630307,66.55271533737431,84.11568803131962,53.9836
ABSL Small Cap Fund - Regular - Growth,101207,233,37.224497325022966,47.55550666491888,56.227532073885804,66.56997539886628,84.40449964299897,53.9836
ABSL Small Cap Fund - Regular - Growth,101207,234,37.22783179372198,47.537419390674366,56.18490063354276,66.7000610655206,84.48110867027196,53.9836
ABSL Small Cap Fund - Regular - Growth,101207,235,37.183634111577604,47.43196381051345,56.15675101670388,66.68803801886497,84.61529430405801,53.9836
ABSL Small Cap Fund - Regular - Growth,101207,236,37.15634599389558,47.42947038485738,56.15268946999433,66.72042883278924,84.85649682167673,53.9836
ABSL Small Cap Fund - Regular - Growth,101207,237,37.100105251484855,47.4000237916235,56.09760979998047,66.78789619821832,84.84429454581021,53.9836
ABSL Small Cap Fund - Regular - Growth,101207,238,37.09200349983455,47.44152307348456,56.13293934746105,66.84209953605195,84.9178180179485,53.9836
ABSL Small Cap Fund - Regular - Growth,101207,239,37.06689733429687,47.43274751909315,56.08247138726693,66.86423595517795,85.07935402003486,53.9836
ABSL Small Cap Fund - Regular - Growth,101207,240,37.098373913036134,47.41900461423082,56.09692393363871,66.84609568335635,85.38651028104148,53.9836
ABSL Small Cap Fund - Regular - Growth,101207,241,36.9883908179651,47.40895566724748,56.11790398045059,66.93152861535644,85.45181110342826,53.9836
ABSL Small Cap Fund - Regular - Growth,101207,242,36.99069339719572,47.48574949977548,56.17456456504418,66.88349685640637,85.54749519692992,53.9836
ABSL Small Cap Fund - Regular - Growth,101207,243,36.84570883264784,47.39909026584846,56.20686132771245,66.9547397335468,85.75409750216103,53.9836
ABSL Small Cap Fund - Regular - Growth,101207,244,36.818082706489875,47.405885175895904,56.318775679970386,66.95326817880182,85.81398354588634,53.9836
ABSL Small Cap Fund - Regular - Growth,101207,245,36.86486037583488,47.48240477890313,56.263290277215475,66.89821474322689,85.60880532092833,53.9836
ABSL Small Cap Fund - Regular - Growth,101207,246,36.820570551623916,47.4928436866017,56.27219627208733,66.9246576579452,85.49612022969934,53.9836
ABSL Small Cap Fund - Regular - Growth,101207,247,36.79349459187458,47.522750120266124,56.21997790150414,66.99028827536681,85.6275470772404,53.9836
ABSL Small Cap Fund - Regular - Growth,101207,248,36.872459010199286,47.50244996994554,56.19842560293716,66.94294016085536,85.70303209039606,53.9836
ABSL Small Cap Fund - Regular - Growth,101207,249,36.6529634860023,47.466298500919024,56.102517533753826,67.01752879370838,86.03669271844528,53.9836
ABSL Small Cap Fund - Regular - Growth,101207,250,36.687221816409746,47.5101242665071,56.21183478999092,67.07396698609747,86.14633225198324,53.9836
ABSL Small Cap Fund - Regular - Growth,101207,251,36.68677569207482,47.482297059355204,56.19871215857307,67.0575179568935,86.0436269554437,53.9836
ABSL Small Cap Fund - Regular - Growth,101207,252,36.6658089323586,47.40791120977795,56.27243027490424,67.13131084253274,86.19417078709684,53.9836
ABSL Small Cap Fund - Regular - Growth,101207,253,36.63177782715707,47.457658844991045,56.30755695922922,67.16313699806429,86.11734876783639,53.9836
ABSL Small Cap Fund - Regular - Growth,101207,254,36.593343105394105,47.4171512635742,56.29193020535717,67.25867160787725,86.22533468380948,53.9836
ABSL Small Cap Fund - Regular - Growth,101207,255,36.59018008528192,47.35041166023154,56.24148449783852,67.29812073948834,86.39470773440922,53.9836
ABSL Small Cap Fund - Regular - Growth,101207,256,36.74786804174488,47.383593272919775,56.258389457805585,67.38572889195608,86.58384772922906,53.9836
ABSL Small Cap Fund - Regular - Growth,101207,257,36.734213017073024,47.32586615266858,56.31859482905085,67.50049167377651,86.51128013659184,53.9836
ABSL Small Cap Fund - Regular - Growth,101207,258,36.76509558236208,47.311174702493375,56.41595042130975,67.4965529102086,86.76559267869435,53.9836
ABSL Small Cap Fund - Regular - Growth,101207,259,36.72133366034109,47.32159575751386,56.32822646614674,67.50794958573395,86.76795055432017,53.9836
ABSL Small Cap Fund - Regular - Growth,101207,260,36.64495385376378,47.373899536414456,56.38544451658119,67.57753895040197,86.96797386644127,53.9836
ABSL Small Cap Fund - Regular - Growth,101207,261,36.56681827221342,47.329891114834986,56.35186660302123,67.62593528476393,87.207795658087,53.9836
ABSL Small Cap Fund - Regular - Growth,101207,262,36.63004406446923,47.34551571011546,56.35228083637887,67.70085953066953,87.05111538693835,53.9836
ABSL Small Cap Fund - Regular - Growth,101207,263,36.5492741044969,47.38051552161983,56.43707975105738,67.67427989884821,87.3012867754394,53.9836
ABSL Small Cap Fund - Regular - Growth,101207,264,36.51058535136297,47.300145216580255,56.460019750375864,67.72687918650354,87.49363842087855,53.9836
ABSL Small Cap Fund - Regular - Growth,101207,265,36.37503085978766,47.27265764248871,56.48361185325018,67.77219259203977,87.3043404829794,53.9836
ABSL Small Cap Fund - Regular - Growth,101207,266,36.42929909788733,47.21969533948272,56.562330756900955,67.80051613134796,87.51381541704777,53.9836
ABSL Small Cap Fund - Regular - Growth,101207,267,36.35437478655736,47.27673040981389,56.557005352136954,67.82155372652544,87.5440164743215,53.9836
ABSL Small Cap Fund - Regular - Growth,101207,268,36.3412717416099,47.20336002529774,56.477328738276896,67.9005528936668,87.67313413623695,53.9836
ABSL Small Cap Fund - Regular - Growth,101207,269,36.29518623588077,47.12243930171356,56.46839267260319,68.01583437978951,87.94280610691281,53.9836
ABSL Small Cap Fund - Regular - Growth,101207,270,36.37869944954604,47.070298525142185,56.49637266960568,68.06754034754104,88.03621958859866,53.9836
ABSL Small Cap Fund - Regular - Growth,101207,271,36.330499179846605,47.03650174090391,56.55907490766594,68.02467408484677,87.96418629907537,53.9836
ABSL Small Cap Fund - Regular - Growth,101207,272,36.29470903445953,47.061237341772014,56.568946926138615,68.10668206104181,87.99563225378277,53.9836
ABSL Small Cap Fund - Regular - Growth,101207,273,36.2436838366625,47.06641796689138,56.64115159627032,68.08939695232617,88.1991890752885,53.9836
ABSL Small Cap Fund - Regular - Growth,101207,274,36.254480103193984,47.02757585925777,56.596816998344586,68.14586325841974,87.88202349948376,53.9836
ABSL Small Cap Fund - Regular - Growth,101207,275,36.42570008094973,46.98203863959096,56.66105953052144,68.15145242309995,87.85489942899808,53.9836
ABSL Small Cap Fund - Regular - Growth,101207,276,36.37527725328688,46.96635350419008,56.71125490378908,68.18097334750395,87.96338659517347,53.9836
ABSL Small Cap Fund - Regular - Growth,101207,277,36.29161932235787,46.9551958328103,56.61222498000542,68.35635000368764,88.08477093298289,53.9836
ABSL Small Cap Fund - Regular - Growth,101207,278,36.267143729296485,47.02680374479654,56.67111476127096,68.23282596800945,88.33202814784289,53.9836
ABSL Small Cap Fund - Regular - Growth,101207,279,36.20264695457972,46.94012689064204,56.632924913519616,68.36496817366574,88.39148986638455,53.9836
ABSL Small Cap Fund - Regular - Growth,101207,280,36.105238482366296,46.94042553457785,56.590324517844024,68.24412638979106,88.56379785539177,53.9836
ABSL Small Cap Fund - Regular - Growth,101207,281,36.08217833709359,46.916603795579405,56.562591839430766,68.21695378517695,88.81109487926224,53.9836
ABSL Small Cap Fund - Regular - Growth,101207,282,36.13154959203998,46.92948800583881,56.54345133238638,68.27863655764025,88.75104024516503,53.9836
ABSL Small Cap Fund - Regular - Growth,101207,283,36.09895783625535,47.00214707910224,56.49502763557804,68.22176668520756,88.90836934110916,53.9836
ABSL Small Cap Fund - Regular - Growth,101207,284,36.17527658545289,47.03354013894523,56.58042104670554,68.32914530948459,89.01643757285507,53.9836
ABSL Small Cap Fund - Regular - Growth,101207,285,36.064297805568735,46.94618488057971,56.643340038489825,68.25834762921298,89.10482070733106,53.9836
ABSL Small Cap Fund - Regular - Growth,101207,286,36.12211608488877,46.91885696021788,56.650427668846895,68.35390521096542,89.08450406679047,53.9836
ABSL Small Cap Fund - Regular - Growth,101207,287,36.162073017355965,46.999329157872594,56.62937958376307,68.42908884911779,89.41208171231357,53.9836
ABSL Small Cap Fund - Regular - Growth,101207,288,36.14548049398873,46.99071380163174,56.63437603871964,68.40185499403182,89.46290849512606,53.9836
ABSL Small Cap Fund - Regular - Growth,101207,289,36.06616446472142,46.95731408828019,56.703693801760714,68.50978569051576,89.41819000128247,53.9836
ABSL Small Cap Fund - Regular - Growth,101207,290,36.01799278997105,46.90388566544221,56.678976758603184,68.53021467460631,89.80406237396892,53.9836
ABSL Small Cap Fund - Regular - Growth,101207,291,36.00103340031259,46.93475086953078,56.65064139746562,68.62828926135333,89.87499160152204,53.9836
ABSL Small Cap Fund - Regular - Growth,101207,292,35.90837796794457,46.92405792788854,56.7236212053927,68.71019034532144,89.89734396505405,53.9836
ABSL Small Cap Fund - Regular - Growth,101207,293,35.92514701153075,46.84600208040511,56.59266790814718,68.68137123350226,89.88697371861937,53.9836
ABSL Small Cap Fund - Regular - Growth,101207,294,35.874531082545396,46.78503316374713,56.71793011081202,68.7699962969098,90.16652661486165,53.9836
ABSL Small Cap Fund - Regular - Growth,101207,295,35.91024652217025,46.786849676101504,56.61593948669126,68.87773465071007,90.17511024300977,53.9836
ABSL Small Cap Fund - Regular - Growth,101207,296,35.83077891782149,46.812583408882794,56.62538409332869,68.83701156697803,90.55916552040048,53.9836
ABSL Small Cap Fund - Regular - Growth,101207,297,35.879933284141956,46.74949458077173,56.61648686951325,68.92077009521618,90.68362119449213,53.9836
ABSL Small Cap Fund - Regular - Growth,101207,298,35.80009527886039,46.82575663115357,56.61772793032412,68.99424252632548,90.733294493651,53.9836
ABSL Small Cap Fund - Regular - Growth,101207,299,35.78570143547786,46.80641640716768,56.6682478868088,69.12791159376215,90.82460976715535,53.9836
ABSL Small Cap Fund - Regular - Growth,101207,300,35.80189268869571,46.764586760162665,56.64565304032902,69.00479118848637,90.85467861931745,53.9836
ABSL Small Cap Fund - Regular - Growth,101207,301,35.70083715158854,46.734428061667735,56.573280220408506,68.96768629857225,90.99268918515585,53.9836
ABSL Small Cap Fund - Regular - Growth,101207,302,35.61808802153102,46.763264580826856,56.631614790733984,69.01678369617824,91.13755244260751,53.9836
ABSL Small Cap Fund - Regular - Growth,101207,303,35.55104920504244,46.780982925556486,56.67767049480133,68.96643278079931,91.44029522858968,53.9836
ABSL Small Cap Fund - Regular - Growth,101207,304,35.58210993959757,46.69006406176032,56.72124153841796,69.03147853012055,91.26148216996627,53.9836
ABSL Small Cap Fund - Regular - Growth,101207,305,35.55407685476606,46.67908756737018,56.75861104287351,69.19061190253333,91.22440346716377,53.9836
ABSL Small Cap Fund - Regular - Growth,101207,306,35.61655702975495,46.63725321050382,56.69366793551623,69.22996668091317,91.38540577679855,53.9836
ABSL Small Cap Fund - Regular - Growth,101207,307,35.51891300879333,46.659005865198594,56.63424800101606,69.40527075554807,91.33174198921608,53.9836
ABSL Small Cap Fund - Regular - Growth,101207,308,35.6039633124479,46.637721826112696,56.75484331300367,69.4853815398198,91.5266612013056,53.9836
ABSL Small Cap Fund - Regular - Growth,101207,309,35.49147072015318,46.58259889786391,56.770426445634115,69.47642237005408,91.46769282629583,53.9836
ABSL Small Cap Fund - Regular - Growth,101207,310,35.45684016851635,46.67652057676679,56.8263468916588,69.42119851723317,91.52518338401875,53.9836
ABSL Small Cap Fund - Regular - Growth,101207,311,35.48596567631215,46.69300955192644,56.81994064475606,69.3943209838439,91.56243542186739,53.9836
ABSL Small Cap Fund - Regular - Growth,101207,312,35.44048964274004,46.7842972828182,56.93846941831475,69.67873800963072,91.70372076679686,53.9836
ABSL Small Cap Fund - Regular - Growth,101207,313,35.51342764023016,46.708951735701675,56.87196560205547,69.59202786454058,91.8183050788722,53.9836
ABSL Small Cap Fund - Regular - Growth,101207,314,35.457306062479205,46.779612616423194,56.82828093647062,69.60303040718367,92.06534708636121,53.9836
ABSL Small Cap Fund - Regular - Growth,101207,315,35.35500823242569,46.711290329226514,56.98702570116194,69.620660859558,92.11967165100015,53.9836
ABSL Small Cap Fund - Regular - Growth,101207,316,35.46211761893025,46.74155617469003,56.98399007319992,69.62234483359734,91.95374441733472,53.9836
ABSL Small Cap Fund - Regular - Growth,101207,317,35.51718582118762,46.68816768711568,56.966979229242654,69.68235466776889,92.06838593301518,53.9836
ABSL Small Cap Fund - Regular - Growth,101207,318,35.46292959692574,46.762368172598755,57.01419973146089,69.73468935843104,92.17162912178598,53.9836
ABSL Small Cap Fund - Regular - Growth,101207,319,35.384342273450706,46.7561772862561,57.06638874291163,69.62351731116918,92.32278977109084,53.9836
ABSL Small Cap Fund - Regular - Growth,101207,320,35.33264075671963,46.76194725930423,57.052829903564955,69.83811092283705,92.42305063511793,53.9836
ABSL Small Cap Fund - Regular - Growth,101207,321,35.30565398036917,46.66808321250288,57.07902822848788,69.7865051477088,92.41223781080598,53.9836
ABSL Small Cap Fund - Regular - Growth,101207,322,35.36088827091939,46.700634377268784,57.093176601667565,69.79355191021665,92.80887813674269,53.9836
ABSL Small Cap Fund - Regular - Growth,101207,323,35.354180142037954,46.68400468289252,57.12596781913647,69.7156772085838,92.71620756388444,53.9836
ABSL Small Cap Fund - Regular - Growth,101207,324,35.424683941577925,46.72428163694834,57.22864184414301,69.79547146986839,92.92338513169076,53.9836
ABSL Small Cap Fund - Regular - Growth,101207,325,35.45587072166105,46.71003485135189,57.199290477364485,69.76001026317388,92.9512689858958,53.9836
ABSL Small Cap Fund - Regular - Growth,101207,326,35.456379332143335,46.59767823274778,57.2417963755248,69.70814906958827,93.10342180387195,53.9836
ABSL Small Cap Fund - Regular - Growth,101207,327,35.36824554204911,46.65009761044264,57.22139747974025,69.80093956757963,93.04074823578966,53.9836
ABSL Small Cap Fund - Regular - Growth,101207,328,35.44024325048364,46.659833029775186,57.16303364027746,69.89147654574214,93.1711408779744,53.9836
ABSL Small Cap Fund - Regular - Growth,101207,329,35.45880526913571,46.56253714456777,57.18324048310508,69.9598062616569,93.26463973046597,53.9836
ABSL Small Cap Fund - Regular - Growth,101207,330,35.38785839886179,46.59947180413305,57.23825338642939,70.03269736367929,92.94269654753077,53.9836
ABSL Small Cap Fund - Regular - Growth,101207,331,35.31462418322454,46.661460658968615,57.16446295566955,70.14861106769207,93.30858282422825,53.9836
ABSL Small Cap Fund - Regular - Growth,101207,332,35.24341718577678,46.64830490703034,57.222422356859354,70.15151321201994,93.48612756002173,53.9836
ABSL Small Cap Fund - Regular - Growth,101207,333,35.26285554125125,46.59886300627795,57.15150252119044,70.19587416268806,93.61460103112917,53.9836
ABSL Small Cap Fund - Regular - Growth,101207,334,35.20307543697165,46.627896655394835,57.22156783066181,70.1316061134965,93.68046291414413,53.9836
ABSL Small Cap Fund - Regular - Growth,101207,335,35.212376681814035,46.60152758423456,57.22707409285477,70.27171167543801,93.81839414031774,53.9836
ABSL Small Cap Fund - Regular - Growth,101207,336,35.23593967036147,46.643335726165354,57.276617570385625,70.31001026127927,93.72608964816284,53.9836
ABSL Small Cap Fund - Regular - Growth,101207,337,35.25081600547571,46.63383486561111,57.26871374416099,70.33715011817723,93.51332955721313,53.9836
ABSL Small Cap Fund - Regular - Growth,101207,338,35.12781902626014,46.665669820570415,57.27875434506398,70.3582437767863,93.663678963411,53.9836
ABSL Small Cap Fund - Regular - Growth,101207,339,35.106337152856604,46.63522379239216,57.293323742621574,70.31976216664802,94.04802478523145,53.9836
ABSL Small Cap Fund - Regular - Growth,101207,340,35.17990399837258,46.66488297445228,57.26335236592004,70.2281254132946,94.24406136065186,53.9836
ABSL Small Cap Fund - Regular - Growth,101207,341,35.0867092096954,46.65288103249097,57.30943409581705,70.32996643751245,94.3700286293683,53.9836
ABSL Small Cap Fund - Regular - Growth,101207,342,35.00614535722521,46.69270842314493,57.31513209671709,70.43462933357537,94.17131205761724,53.9836
ABSL Small Cap Fund - Regular - Growth,101207,343,35.0070023373216,46.6755973084017,57.291612209303835,70.47059778958283,94.05989799480813,53.9836
ABSL Small Cap Fund - Regular - Growth,101207,344,34.94394626357946,46.717542056573876,57.244364541145615,70.46316530352468,94.02218108943484,53.9836
ABSL Small Cap Fund - Regular - Growth,101207,345,35.054015699615924,46.70812851481327,57.262589830688675,70.40121990902455,94.15580305058533,53.9836
ABSL Small Cap Fund - Regular - Growth,101207,346,34.97664897129956,46.76520439994357,57.2733406242548,70.4139296218309,94.15289281415342,53.9836
ABSL Small Cap Fund - Regular - Growth,101207,347,34.93758247769184,46.64604570056045,57.32280899875512,70.37612663806784,94.43712264746857,53.9836
ABSL Small Cap Fund - Regular - Growth,101207,348,35.02770162829992,46.68571955895607,57.422757269555305,70.47847962936626,94.65680696347343,53.9836
ABSL Small Cap Fund - Regular - Growth,101207,349,34.956726293663436,46.68991338126048,57.37547826658748,70.50715868682221,94.76606292869607,53.9836
ABSL Small Cap Fund - Regular - Growth,101207,350,34.95706717163505,46.6636979341787,57.37258669732977,70.57997970673624,94.9658036461562,53.9836
ABSL Small Cap Fund - Regular - Growth,101207,351,34.86085219377921,46.63326740942125,57.39084572605548,70.67031881394254,94.35565089996628,53.9836
ABSL Small Cap Fund - Regular - Growth,101207,352,34.913415756941085,46.60164618694487,57.31386676610953,70.72798078908872,94.62626877700674,53.9836
ABSL Small Cap Fund - Regular - Growth,101207,353,34.79567436735639,46.58704190909557,57.39806253162778,70.88332681774794,94.54289131444378,53.9836
ABSL Small Cap Fund - Regular - Growth,101207,354,34.770807607770124,46.588651002153135,57.30254606181184,70.89879596925867,94.82391046733458,53.9836
ABSL Small Cap Fund - Regular - Growth,101207,355,34.76550226365431,46.548061430926275,57.36654865458978,70.89741865133708,94.45025990166175,53.9836
ABSL Small Cap Fund - Regular - Growth,101207,356,34.74349101815593,46.58329679957508,57.38823559183949,70.90418787022558,94.63347121147947,53.9836
ABSL Small Cap Fund - Regular - Growth,101207,357,34.70620414356006,46.54816027996432,57.302200214559804,70.87670348738354,94.91506398288898,53.9836
ABSL Small Cap Fund - Regular - Growth,101207,358,34.69585029311513,46.47089431321437,57.32177012761129,70.94717013154929,94.84193282234273,53.9836
ABSL Small Cap Fund - Regular - Growth,101207,359,34.64979884778503,46.41696614612654,57.31705511801037,70.91923959303001,95.15108576138465,53.9836
ABSL Small Cap Fund - Regular - Growth,101207,360,34.6165608633975,46.49648332887027,57.35513568675858,70.9247894575929,95.43743478912437,53.9836
ABSL Small Cap Fund - Regular - Growth,101207,361,34.597207376329315,46.41018789879993,57.44167975757784,71.0951705610878,95.56790791383459,53.9836
ABSL Small Cap Fund - Regular - Growth,101207,362,34.59679971154202,46.44602523987105,57.41136778964409,71.15800553044917,95.57276052577004,53.9836
ABSL Small Cap Fund - Regular - Growth,101207,363,34.559386900145455,46.36672545805238,57.53824717367593,71.0726210238311,95.83913830037578,53.9836
ABSL Small Cap Fund - Regular - Growth,101207,364,34.53026342322802,46.37110253830899,57.41290183829281,71.09545473427343,95.8264265820355,53.9836
ABSL Small Cap Fund - Regular - Growth,101207,365,34.54933892396925,46.37899234200381,57.39263070773298,71.15274145595328,96.09657984848961,53.9836
ABSL Small Cap Fund - Regular - Growth,101207,366,34.47207386391367,46.35096550413516,57.45699286112311,71.1888571330224,95.88871535794011,53.9836
ABSL Small Cap Fund - Regular - Growth,101207,367,34.381359368915874,46.35198043038125,57.44484409770543,71.13859005335897,95.83453572659187,53.9836
ABSL Small Cap Fund - Regular - Growth,101207,368,34.4827569097681,46.39623294371522,57.47604635200406,71.15586325186459,95.94677292631876,53.9836
ABSL Small Cap Fund - Regular - Growth,101207,369,34.373568223191235,46.40220891865896,57.45354895000451,71.22290720776775,96.12489639347501,53.9836
ABSL Small Cap Fund - Regular - Growth,101207,370,34.338502711211056,46.30418676547433,57.451618807622495,71.31609776805169,96.19921029237977,53.9836
ABSL Small Cap Fund - Regular - Growth,101207,371,34.3297458322966,46.41518157186215,57.586853844475115,71.18535412665179,96.28730480381374,53.9836
ABSL Small Cap Fund - Regular - Growth,101207,372,34.27469784632166,46.44021679396276,57.65222119319749,71.1582468117215,96.72975377141856,53.9836
ABSL Small Cap Fund - Regular - Growth,101207,373,34.277326895767025,46.37946014691653,57.66714937150027,71.3965147186061,96.92985217024442,53.9836
ABSL Small Cap Fund - Regular - Growth,101207,374,34.16148490610209,46.32677337438014,57.72149243346129,71.47145504809113,96.72776109780784,53.9836
ABSL Small Cap Fund - Regular - Growth,101207,375,34.24091622752748,46.3036756193516,57.68240390574241,71.51851260685889,96.82246975585335,53.9836
ABSL Small Cap Fund - Regular - Growth,101207,376,34.31830999516852,46.372203934252546,57.663494752105194,71.54552855225873,97.06192792856687,53.9836
ABSL Small Cap Fund - Regular - Growth,101207,377,34.34728023576992,46.38855152876519,57.74113085193234,71.53954793764616,97.19863998144113,53.9836
ABSL Small Cap Fund - Regular - Growth,101207,378,34.32811041865788,46.372521302971954,57.7854819749996,71.46441880875766,97.20862853897307,53.9836
ABSL Small Cap Fund - Regular - Growth,101207,379,34.288262916420486,46.31740782552627,57.786170194279386,71.54531983372306,97.47760215170676,53.9836
ABSL Small Cap Fund - Regular - Growth,101207,380,34.14849254586384,46.27253424576943,57.78380577322175,71.62865670886748,97.38903413845097,53.9836
ABSL Small Cap Fund - Regular - Growth,101207,381,34.19963283004619,46.36703873243788,57.68733381324486,71.61026122848192,97.45184978210179,53.9836
ABSL Small Cap Fund - Regular - Growth,101207,382,34.16453780603433,46.35412226061025,57.677920620938664,71.78109647472883,97.70562217962566,53.9836
ABSL Small Cap Fund - Regular - Growth,101207,383,34.24911893833434,46.36301701937529,57.747453619228324,71.5816252130043,97.68985456780459,53.9836
ABSL Small Cap Fund - Regular - Growth,101207,384,34.21156396344888,46.39026174798681,57.76071662682284,71.57884420445968,97.74755821427328,53.9836
ABSL Small Cap Fund - Regular - Growth,101207,385,34.23995790829369,46.34187816696557,57.749378303676366,71.79328304683905,97.81575662592633,53.9836
ABSL Small Cap Fund - Regular - Growth,101207,386,34.26225498051521,46.373926440863094,57.760938151279305,71.70608083460272,97.95131718617945,53.9836
ABSL Small Cap Fund - Regular - Growth,101207,387,34.25075638899053,46.32397182070759,57.706488103620565,71.79155066784116,97.92917421786208,53.9836
ABSL Small Cap Fund - Regular - Growth,101207,388,34.24869937982167,46.40271038974975,57.70253081809142,71.87287326110439,98.18623106875252,53.9836
ABSL Small Cap Fund - Regular - Growth,101207,389,34.157152699507,46.35510647139756,57.69056495067679,71.97593642039939,98.02767578480176,53.9836
ABSL Small Cap Fund - Regular - Growth,101207,390,34.30885261881823,46.317519169615274,57.753876107398085,71.98431516283964,98.5009715896593,53.9836
ABSL Small Cap Fund - Regular - Growth,101207,391,34.0904756596654,46.363495337711555,57.78928122520247,72.01897430494944,98.4541251402318,53.9836
ABSL Small Cap Fund - Regular - Growth,101207,392,34.02179319708209,46.40481681580316,57.85085726272275,72.07385249588835,98.47089991110633,53.9836
ABSL Small Cap Fund - Regular - Growth,101207,393,34.05346837806604,46.40970889358116,57.744131795469414,72.18368283998629,98.75936867504743,53.9836
ABSL Small Cap Fund - Regular - Growth,101207,394,33.97387426510116,46.3014191965808,57.809866384596035,72.0613517712278,98.54385890634855,53.9836
ABSL Small Cap Fund - Regular - Growth,101207,395,34.0296782410104,46.25024478666679,57.89569458543549,72.16841865300069,98.34394902289864,53.9836
ABSL Small Cap Fund - Regular - Growth,101207,396,34.117219609302744,46.23889208993111,57.86280772075318,72.2264439608013,98.79834375444258,53.9836
ABSL Small Cap Fund - Regular - Growth,101207,397,34.1579964246582,46.23232789405294,57.86530724065564,72.20837994988374,98.66440241275006,53.9836
ABSL Small Cap Fund - Regular - Growth,101207,398,34.10117637512285,46.30579684805315,57.90012271147923,72.21242799865661,98.98727155355617,53.9836
ABSL Small Cap Fund - Regular - Growth,101207,399,34.0701079970841,46.33532488573343,57.90818942257643,72.2558685804583,98.75609978093364,53.9836
ABSL Small Cap Fund - Regular - Growth,101207,400,33.96136562322088,46.23111903070599,57.91629229837159,72.18732049624688,99.21580136538854,53.9836
ABSL Small Cap Fund - Regular - Growth,101207,401,34.01395451836012,46.35817172235736,57.81952368345012,72.27501348266557,99.41077065808092,53.9836
ABSL Small Cap Fund - Regular - Growth,101207,402,33.865605944913874,46.35916400768568,57.90646929888238,72.22387565897046,99.70945811737407,53.9836
ABSL Small Cap Fund - Regular - Growth,101207,403,33.86109427813213,46.33955720271055,57.8295599815921,72.24886425810955,99.8094260290317,53.9836
ABSL Small Cap Fund - Regular - Growth,101207,404,33.834243042753776,46.33486783407801,57.85126925110739,72.3814869199434,99.70918501320307,53.9836
ABSL Small Cap Fund - Regular - Growth,101207,405,33.834581725076895,46.32929216420965,57.82491005043535,72.35404579939687,99.69169004817232,53.9836
ABSL Small Cap Fund - Regular - Growth,101207,406,33.75249756612088,46.400050987656314,57.82050635344551,72.35013405615972,99.82170237146026,53.9836
ABSL Small Cap Fund - Regular - Growth,101207,407,33.79057341014578,46.24342801985865,57.79192828608457,72.5051123280524,100.17507466318243,53.9836
ABSL Small Cap Fund - Regular - Growth,101207,408,33.79505255184024,46.25041320838244,57.86328091436827,72.47250543524409,99.87808334442285,53.9836
ABSL Small Cap Fund - Regular - Growth,101207,409,33.82293082271578,46.369862061139884,57.828947092847685,72.59920653425922,100.08327926468716,53.9836
ABSL Small Cap Fund - Regular - Growth,101207,410,33.759213886252866,46.27762589902841,57.94650989070372,72.5768401126874,100.29415479983855,53.9836
ABSL Small Cap Fund - Regular - Growth,101207,411,33.790419590465895,46.288608837530894,57.95725567701659,72.48833562791654,100.39101717880683,53.9836
ABSL Small Cap Fund - Regular - Growth,101207,412,33.667845904089425,46.33303770047702,57.85922497564349,72.71911409934653,100.58504191455887,53.9836
ABSL Small Cap Fund - Regular - Growth,101207,413,33.573173801128696,46.246282335247344,57.89263435798584,72.77241448908566,100.39324640407278,53.9836
ABSL Small Cap Fund - Regular - Growth,101207,414,33.626991268719614,46.230458807740256,57.96210301682284,72.82479950183402,100.18003097146322,53.9836
ABSL Small Cap Fund - Regular - Growth,101207,415,33.6622792580416,46.2250043721465,58.017644205844334,72.68029091113343,100.5729752534195,53.9836
ABSL Small Cap Fund - Regular - Growth,101207,416,33.696068318295595,46.253269174664226,57.95591755447203,72.70851378558984,100.63893729213008,53.9836
ABSL Small Cap Fund - Regular - Growth,101207,417,33.701926765278,46.24220794711256,57.98889791915758,72.75042579744516,100.78568657950446,53.9836
ABSL Small Cap Fund - Regular - Growth,101207,418,33.6983924464282,46.208793519976076,58.038265105386515,72.80155749510627,100.65761063851237,53.9836
ABSL Small Cap Fund - Regular - Growth,101207,419,33.609713907782265,46.21821383839686,58.084292690278765,72.68919542817328,100.30022621142332,53.9836
ABSL Small Cap Fund - Regular - Growth,101207,420,33.65769373585903,46.129014907961896,58.05951807370896,72.88454654647742,100.54242163496569,53.9836
ABSL Small Cap Fund - Regular - Growth,101207,421,33.690986581853096,46.142647610830316,58.01126706950165,72.92271067616343,100.95769614863352,53.9836
ABSL Small Cap Fund - Regular - Growth,101207,422,33.57177804147184,46.092937836309076,57.972147159858835,72.9352942229072,101.23585661988719,53.9836
ABSL Small Cap Fund - Regular - Growth,101207,423,33.54877664162021,46.10591712065748,57.973338695294,72.84167859536879,101.07226484269076,53.9836
ABSL Small Cap Fund - Regular - Growth,101207,424,33.50092159321031,46.13709008050219,57.86323424189054,72.8376960088439,101.37526984453008,53.9836
ABSL Small Cap Fund - Regular - Growth,101207,425,33.58482088729398,46.07711770381255,57.93169989693251,73.10273952514788,101.47448394520173,53.9836
ABSL Small Cap Fund - Regular - Growth,101207,426,33.65094892972127,46.0958356317324,57.96319515607864,73.09107760979796,101.41665829345041,53.9836
ABSL Small Cap Fund - Regular - Growth,101207,427,33.50038253316523,46.044641364863196,57.902536128232114,73.20886418561658,101.42848058667026,53.9836
ABSL Small Cap Fund - Regular - Growth,101207,428,33.435783111372196,45.99757911616768,57.95499395672603,73.16383850531781,101.41417729908305,53.9836
ABSL Small Cap Fund - Regular - Growth,101207,429,33.458114990949355,46.082683581056756,57.96952955804372,73.17354786763977,101.47207375693972,53.9836
ABSL Small Cap Fund - Regular - Growth,101207,430,33.436663274341626,46.07136134979833,57.99854356501153,73.21542980231715,101.73565115459775,53.9836
ABSL Small Cap Fund - Regular - Growth,101207,431,33.41940685890029,46.00404637417886,58.03887260948745,73.29155466115893,101.83017526018745,53.9836
ABSL Small Cap Fund - Regular - Growth,101207,432,33.45790276644165,45.96379029004538,57.97139086995716,73.24128021245401,101.75026571076359,53.9836
ABSL Small Cap Fund - Regular - Growth,101207,433,33.540285353934664,45.98490462305524,58.07251200374764,73.33248192672167,101.94851095820002,53.9836
ABSL Small Cap Fund - Regular - Growth,101207,434,33.453968805481544,46.048110064764366,57.97532594241335,73.30413217315318,101.78353754384014,53.9836
ABSL Small Cap Fund - Regular - Growth,101207,435,33.37267626870453,45.98197071805282,58.05117127959532,73.41970541985313,101.96031523749166,53.9836
ABSL Small Cap Fund - Regular - Growth,101207,436,33.3135473957785,45.93992768599415,58.16362419705831,73.40095710426849,101.91278249996006,53.9836
ABSL Small Cap Fund - Regular - Growth,101207,437,33.3610651628423,45.90407817807507,58.1107863448123,73.43998358132983,102.02938113727,53.9836
ABSL Small Cap Fund - Regular - Growth,101207,438,33.348387809838655,45.844792097587316,58.15346566515921,73.45593342364909,102.01945569067573,53.9836
ABSL Small Cap Fund - Regular - Growth,101207,439,33.32529445506337,45.96315508658802,58.16385757222102,73.46635120633843,102.37052880881434,53.9836
ABSL Small Cap Fund - Regular - Growth,101207,440,33.391338808198235,45.958780739620806,58.23424909917415,73.54011227923881,102.67693305707766,53.9836
ABSL Small Cap Fund - Regular - Growth,101207,441,33.386007197269066,45.915509120013965,58.111089854136566,73.49558104485803,102.86099735628599,53.9836
ABSL Small Cap Fund - Regular - Growth,101207,442,33.31632944918559,45.97218058164049,58.12059344610566,73.59780619911682,102.67055246166602,53.9836
ABSL Small Cap Fund - Regular - Growth,101207,443,33.31402435812349,46.01145002034359,58.159354424733834,73.58115754714916,102.94210981406158,53.9836
ABSL Small Cap Fund - Regular - Growth,101207,444,33.2329075924788,45.96359631373943,58.158787471025974,73.65810751638936,103.4739824986074,53.9836
ABSL Small Cap Fund - Regular - Growth,101207,445,33.151983457995065,46.128168608198315,58.10281789887202,73.6598110609219,102.9533786478557,53.9836
ABSL Small Cap Fund - Regular - Growth,101207,446,33.030156942923576,46.04428212355828,58.096226464116064,73.79683734701422,102.99814781844417,53.9836
ABSL Small Cap Fund - Regular - Growth,101207,447,33.05666769568979,45.98627015755072,58.142305080808455,73.81738162153488,102.88790823436426,53.9836
ABSL Small Cap Fund - Regular - Growth,101207,448,33.06959940663083,46.04702966213016,58.132326947089595,73.84532168538209,103.0216517165825,53.9836
ABSL Small Cap Fund - Regular - Growth,101207,449,33.10758418795759,45.94898090795317,58.15732611628569,73.85861774090313,102.89595674698269,53.9836
ABSL Small Cap Fund - Regular - Growth,101207,450,33.07476093407702,46.01130983371772,58.2221955590258,73.75827837463459,103.52946710603638,53.9836
ABSL Small Cap Fund - Regular - Growth,101207,451,33.11917749797253,46.001911005007685,58.23070700762672,73.77962197335205,103.40917934334365,53.9836
ABSL Small Cap Fund - Regular - Growth,101207,452,33.10554691439003,46.029008587844146,58.26734045443838,73.81494546917676,103.13372420940743,53.9836
ABSL Small Cap Fund - Regular - Growth,101207,453,33.133379001449796,46.01536915066126,58.324809791971525,73.86549167095565,103.15185785837278,53.9836
ABSL Small Cap Fund - Regular - Growth,101207,454,33.16827511531826,45.989456795502555,58.29583101586273,73.77753844705083,103.80458786535215,53.9836
ABSL Small Cap Fund - Regular - Growth,101207,455,33.14581810787314,45.970934573286634,58.29959463670554,74.05896796131816,103.39111505387419,53.9836
ABSL Small Cap Fund - Regular - Growth,101207,456,33.05995546841291,45.99500563130718,58.241306510076065,74.12678667244155,103.82217682705094,53.9836
ABSL Small Cap Fund - Regular - Growth,101207,457,32.98384110724835,45.994239456550794,58.33730683391238,74.14078327215879,103.67191833224393,53.9836
ABSL Small Cap Fund - Regular - Growth,101207,458,32.925051967044205,45.871250267174176,58.382875701007656,74.15505811769583,103.71665861093703,53.9836
ABSL Small Cap Fund - Regular - Growth,101207,459,32.967514681435574,45.930128904997645,58.30169443844311,74.09164141867814,103.78935609601048,53.9836
ABSL Small Cap Fund - Regular - Growth,101207,460,33.01172751584128,45.9488711569529,58.473399081149715,74.237916232991,103.67723476530877,53.9836
ABSL Small Cap Fund - Regular - Growth,101207,461,33.03930834269896,45.94593993426999,58.440035005038474,74.17433378686296,103.977408046957,53.9836
ABSL Small Cap Fund - Regular - Growth,101207,462,33.11604432058254,45.90357586546317,58.38536774623553,74.11629138462717,103.93575432863895,53.9836
ABSL Small Cap Fund - Regular - Growth,101207,463,32.92145001900073,45.96842234738634,58.38035397254389,74.18859464408976,104.13653562509282,53.9836
ABSL Small Cap Fund - Regular - Growth,101207,464,32.94083095938541,46.03712672172646,58.464898689198264,74.16708191935597,104.37355826040466,53.9836
ABSL Small Cap Fund - Regular - Growth,101207,465,32.952417323581045,46.05200660386307,58.4454133227033,74.23044814143987,104.41290873131622,53.9836
ABSL Small Cap Fund - Regular - Growth,101207,466,32.83196884308213,45.969847223307866,58.374923626637745,74.26441718413125,104.09066432712146,53.9836
ABSL Small Cap Fund - Regular - Growth,101207,467,32.80676164169052,45.901858571011516,58.39145937588998,74.26065755795398,104.03819197557378,53.9836
ABSL Small Cap Fund - Regular - Growth,101207,468,32.75062257007489,46.01231424990504,58.53130511581452,74.43932384661466,104.28835418011673,53.9836
ABSL Small Cap Fund - Regular - Growth,101207,469,32.71183960450237,45.98084277433663,58.58382146287555,74.40937414520016,104.17460577659268,53.9836
ABSL Small Cap Fund - Regular - Growth,101207,470,32.65152468217382,45.9995149055343,58.5117626745336,74.42298165613545,104.24718025674977,53.9836
ABSL Small Cap Fund - Regular - Growth,101207,471,32.72100365309855,46.005348482520674,58.55352023257003,74.36998014409943,104.45108206443474,53.9836
ABSL Small Cap Fund - Regular - Growth,101207,472,32.60823141592237,46.04645206574127,58.3915324979951,74.38286175078564,104.5098819117535,53.9836
ABSL Small Cap Fund - Regular - Growth,101207,473,32.642355711835094,46.05994761248293,58.46966573105627,74.31646578468762,104.53124204160068,53.9836
ABSL Small Cap Fund - Regular - Growth,101207,474,32.59349809760685,46.13756886791751,58.46050633808761,74.4570097100665,104.68333265811276,53.9836
ABSL Small Cap Fund - Regular - Growth,101207,475,32.55530237475647,46.124471122797,58.49553103045975,74.52611367285834,105.07813666930902,53.9836
ABSL Small Cap Fund - Regular - Growth,101207,476,32.49222799374988,46.11747902964161,58.42157045567292,74.57684418236937,104.78035708303176,53.9836
ABSL Small Cap Fund - Regular - Growth,101207,477,32.5211621848468,46.0459828219883,58.41064455331329,74.6099559484182,105.07494761278562,53.9836
ABSL Small Cap Fund - Regular - Growth,101207,478,32.54939298540704,46.11925901513578,58.3768205865691,74.74642287816715,105.15008559284067,53.9836
ABSL Small Cap Fund - Regular - Growth,101207,479,32.5475420725847,46.09765739641617,58.446525939679994,74.70868467023487,105.10579351491909,53.9836
ABSL Small Cap Fund - Regular - Growth,101207,480,32.44408458847117,46.06895462049405,58.67507645146463,74.76647048274968,105.34246207119686,53.9836
ABSL Small Cap Fund - Regular - Growth,101207,481,32.43105364635969,46.05328577523373,58.57933958662362,74.91106063321719,105.30434059581178,53.9836
ABSL Small Cap Fund - Regular - Growth,101207,482,32.400010832341174,46.04127197196453,58.614336282293465,74.88080479289283,105.29947751496002,53.9836
ABSL Small Cap Fund - Regular - Growth,101207,483,32.38069468428568,45.95139180023393,58.61493713523562,75.06260808169881,105.12759897531268,53.9836
ABSL Small Cap Fund - Regular - Growth,101207,484,32.274540945222114,45.99011359521581,58.7066832232145,74.8956658947925,105.34824655020168,53.9836
ABSL Small Cap Fund - Regular - Growth,101207,485,32.248264837845234,46.02114930990156,58.61020856088392,74.85750470812312,105.67107090674853,53.9836
ABSL Small Cap Fund - Regular - Growth,101207,486,32.21887368686224,45.979133165390394,58.59791318498044,74.91243344453662,105.42166859148931,53.9836
ABSL Small Cap Fund - Regular - Growth,101207,487,32.12674328716569,46.02547534317735,58.626585814442535,74.92548310962383,105.52898118615735,53.9836
ABSL Small Cap Fund - Regular - Growth,101207,488,32.17162946154798,45.917495330330055,58.7468054233566,74.90941740835237,106.05311566503512,53.9836
ABSL Small Cap Fund - Regular - Growth,101207,489,32.18301838496101,45.90113435362616,58.66011191667383,74.93978091715705,105.97846450457173,53.9836
ABSL Small Cap Fund - Regular - Growth,101207,490,32.19869912750751,45.98274873730375,58.758247695252415,74.92355288751286,106.18232271810979,53.9836
ABSL Small Cap Fund - Regular - Growth,101207,491,32.13997399433653,46.09167454261377,58.808629426610196,74.9882277952542,105.99914610754008,53.9836
ABSL Small Cap Fund - Regular - Growth,101207,492,32.090264109959364,46.07763654730753,58.73561493940758,75.01817165275546,106.29159860602554,53.9836
ABSL Small Cap Fund - Regular - Growth,101207,493,32.09216924049765,46.042426298182235,58.86219843938615,75.17257153972947,106.17828636304218,53.9836
ABSL Small Cap Fund - Regular - Growth,101207,494,31.993151960451126,45.99418393861998,58.893502328796245,75.07889793959457,106.14272111067564,53.9836
ABSL Small Cap Fund - Regular - Growth,101207,495,31.859718738592523,46.02815694289147,58.934136937785254,75.08767627802449,106.22736153645229,53.9836
ABSL Small Cap Fund - Regular - Growth,101207,496,31.902730254486613,45.99356767486222,58.931304918927495,75.12097983694989,106.33375148960407,53.9836
ABSL Small Cap Fund - Regular - Growth,101207,497,32.01021735202671,45.9943275530523,58.86560994443719,75.4058655736369,106.4175028678011,53.9836
ABSL Small Cap Fund - Regular - Growth,101207,498,32.045580954376334,46.03187595039843,59.00313899391347,75.41293308397512,106.51042883188002,53.9836
ABSL Small Cap Fund - Regular - Growth,101207,499,32.116208330564646,46.06067646947199,58.93983644304858,75.3294287753908,106.34345822221914,53.9836
ABSL Small Cap Fund - Regular - Growth,101207,500,32.20768963572139,46.0319060883061,58.88979555991824,75.28749922873968,106.82507372730575,53.9836
ABSL Small Cap Fund - Regular - Growth,101207,501,32.26262707941593,46.08311503702663,58.899602045027734,75.37723918911075,106.88342305643859,53.9836
ABSL Small Cap Fund - Regular - Growth,101207,502,32.181818931690664,46.10012866604399,58.97509766744851,75.3176685071941,106.83316917890957,53.9836
ABSL Small Cap Fund - Regular - Growth,101207,503,32.18137146806018,46.11042734460694,58.89990255985005,75.39898737272296,107.07265125159086,53.9836
ABSL Small Cap Fund - Regular - Growth,101207,504,32.17670248633796,46.06182591920853,59.03167810165714,75.43857266311863,107.27999693690693,53.9836
ABSL Small Cap Fund - Regular - Growth,101207,505,32.16048430164747,46.02308439388394,59.076867469752344,75.59604663534526,107.2357344205532,53.9836
ABSL Small Cap Fund - Regular - Growth,101207,506,32.178061749624895,46.09699336967489,59.08608332972999,75.6063123725131,107.51034159293651,53.9836
ABSL Small Cap Fund - Regular - Growth,101207,507,32.07385758438435,46.1378081470235,59.186543750365004,75.8909360658372,107.53348117711697,53.9836
ABSL Small Cap Fund - Regular - Growth,101207,508,31.975170363819732,46.14457699563937,59.17124487304855,75.97721894552049,107.3898507672255,53.9836
ABSL Small Cap Fund - Regular - Growth,101207,509,31.993507360281207,46.09860142907097,59.12073115696329,75.8229495876368,107.56249467156135,53.9836
ABSL Small Cap Fund - Regular - Growth,101207,510,31.95238397150341,46.11570551459427,59.13304360645809,75.81368182822766,107.89791042174407,53.9836
ABSL Small Cap Fund - Regular - Growth,101207,511,32.04127356235764,46.131415286151245,59.11087876604647,75.69898619775766,108.00561977901434,53.9836
ABSL Small Cap Fund - Regular - Growth,101207,512,32.01813298676982,46.10715119373328,59.14544358311062,75.68155868011188,108.3036084739604,53.9836
ABSL Small Cap Fund - Regular - Growth,101207,513,31.99468056095833,46.00195274276791,59.18862481919204,75.660151406328,107.92745943785015,53.9836
ABSL Small Cap Fund - Regular - Growth,101207,514,31.966097437755774,46.02140047007936,59.22295408010976,75.78127107097856,107.99698770985651,53.9836
ABSL Small Cap Fund - Regular - Growth,101207,515,31.942039704125538,46.043102180265585,59.18687294235562,75.81515382507905,107.78420133983677,53.9836
ABSL Small Cap Fund - Regular - Growth,101207,516,31.978189646699896,46.05375531375765,59.23820256331071,75.92208133741846,108.35793958908604,53.9836
ABSL Small Cap Fund - Regular - Growth,101207,517,31.863826125171745,45.983630890022475,59.29884893945834,76.00287804723996,108.3445700608759,53.9836
ABSL Small Cap Fund - Regular - Growth,101207,518,31.841312893310054,45.98713682302012,59.15039083663445,76.04786459481981,108.76917477234338,53.9836
ABSL Small Cap Fund - Regular - Growth,101207,519,31.898844659573694,45.97161788169555,59.265397593362344,76.05450906236779,108.85213675399025,53.9836
ABSL Small Cap Fund - Regular - Growth,101207,520,32.06442227893858,45.93128712715666,59.345661672461034,76.21714376826431,108.54047698816719,53.9836
ABSL Small Cap Fund - Regular - Growth,101207,521,31.952779531429663,46.02662011749986,59.34421433155955,76.06738725805107,108.86349927452494,53.9836
ABSL Small Cap Fund - Regular - Growth,101207,522,32.002338295073876,45.99966232126767,59.28320170565275,76.04408678454435,108.41687305222675,53.9836
ABSL Small Cap Fund - Regular - Growth,101207,523,31.89847825489654,45.990134831618114,59.33795406518878,76.17966220359537,108.25751469918825,53.9836
ABSL Small Cap Fund - Regular - Growth,101207,524,31.831313531716216,45.9505506149311,59.308045239307475,76.14850023262039,108.41898837636779,53.9836
ABSL Small Cap Fund - Regular - Growth,101207,525,31.83878161314107,45.94010759117828,59.210482914099686,76.16295035306686,108.73147885816454,53.9836
ABSL Small Cap Fund - Regular - Growth,101207,526,31.856008764724542,45.94749880707724,59.329475531270745,76.05682376207083,108.91309502436025,53.9836
ABSL Small Cap Fund - Regular - Growth,101207,527,31.802808931617786,45.90844792643293,59.28327248197685,76.11616885908865,109.08261956292023,53.9836
ABSL Small Cap Fund - Regular - Growth,101207,528,31.842954527865487,45.89151979734838,59.324745134876544,76.08235726385146,109.54465564829891,53.9836
ABSL Small Cap Fund - Regular - Growth,101207,529,31.858764995771253,45.80416985447425,59.364734477684834,76.01159340435015,109.53422084464688,53.9836
ABSL Small Cap Fund - Regular - Growth,101207,530,31.754341981277182,45.87980484137758,59.40872891547859,76.21209445075759,109.4633953896466,53.9836
ABSL Small Cap Fund - Regular - Growth,101207,531,31.786644712382984,45.806499873682625,59.329618402485494,76.20612094242158,109.40124400574385,53.9836
ABSL Small Cap Fund - Regular - Growth,101207,532,31.80020293525983,45.88191824421423,59.31670868422951,76.2275670315356,109.74538321761919,53.9836
ABSL Small Cap Fund - Regular - Growth,101207,533,31.693023691350685,45.89601127696194,59.30250855303713,76.29705194098557,109.72607119144341,53.9836
ABSL Small Cap Fund - Regular - Growth,101207,534,31.70676770087608,45.85615016488013,59.328759497178496,76.32053186013194,109.49365223462452,53.9836
ABSL Small Cap Fund - Regular - Growth,101207,535,31.730212748249425,45.845540644765045,59.306870201269774,76.37525296045509,109.45784172123011,53.9836
ABSL Small Cap Fund - Regular - Growth,101207,536,31.671554026102523,45.866027101638124,59.28210396636025,76.20721425571594,109.51104933280746,53.9836
ABSL Small Cap Fund - Regular - Growth,101207,537,31.733618407710082,45.88449453839277,59.376720517403456,76.28111623661987,109.56334070710211,53.9836
ABSL Small Cap Fund - Regular - Growth,101207,538,31.79839522026608,45.75685906257583,59.3225205799333,76.47598473184347,109.50582039982167,53.9836
ABSL Small Cap Fund - Regular - Growth,101207,539,31.6764417072719,45.79866651355633,59.49032825973319,76.76337878398618,109.59284612467258,53.9836
ABSL Small Cap Fund - Regular - Growth,101207,540,31.670986660569508,45.86218782052493,59.38588803966819,76.5872495874859,109.81075309703301,53.9836
ABSL Small Cap Fund - Regular - Growth,101207,541,31.57677827354688,45.8502837163937,59.43361971309146,76.53814986355069,109.56862410634287,53.9836
ABSL Small Cap Fund - Regular - Growth,101207,542,31.581307777767847,45.93924650408093,59.521645678517025,76.56275931195641,110.21130272976333,53.9836
ABSL Small Cap Fund - Regular - Growth,101207,543,31.582166462943018,45.855124654020415,59.6191308901709,76.58256537210099,110.34947847085719,53.9836
ABSL Small Cap Fund - Regular - Growth,101207,544,31.504644414294656,45.876336311331436,59.518480059779506,76.65049571778715,110.19693975004016,53.9836
ABSL Small Cap Fund - Regular - Growth,101207,545,31.524004101224566,45.869523449181955,59.49781646582201,76.7230118645224,110.58300155287972,53.9836
ABSL Small Cap Fund - Regular - Growth,101207,546,31.362482094179985,45.807101574875546,59.481959866210644,76.82993040176274,110.66101395522924,53.9836
ABSL Small Cap Fund - Regular - Growth,101207,547,31.371622619392447,45.75572455829037,59.513164728767,76.80660006397235,110.36082315892901,53.9836
ABSL Small Cap Fund - Regular - Growth,101207,548,31.30702504192034,45.81449504476878,59.48703854411998,76.71768876039107,110.63139243129406,53.9836
ABSL Small Cap Fund - Regular - Growth,101207,549,31.32598743697448,45.76061659005434,59.52593834313494,76.70049158484666,110.49791900672685,53.9836
ABSL Small Cap Fund - Regular - Growth,101207,550,31.29211388238692,45.75952972944066,59.5517263010816,76.88773215227272,110.74966636491294,53.9836
ABSL Small Cap Fund - Regular - Growth,101207,551,31.313334588195065,45.87574092007247,59.525301998208334,76.87768261993543,110.80914354191408,53.9836
ABSL Small Cap Fund - Regular - Growth,101207,552,31.236719244979696,45.843594612573916,59.54419240784257,77.08417379131322,110.4967846842085,53.9836
ABSL Small Cap Fund - Regular - Growth,101207,553,31.261718641291704,45.80231227346045,59.51631914748484,77.1344283942971,110.91809689428038,53.9836
ABSL Small Cap Fund - Regular - Growth,101207,554,31.26023178644927,45.76923665900369,59.54645942650344,77.06143142727755,111.13455899548794,53.9836
ABSL Small Cap Fund - Regular - Growth,101207,555,31.0916103665699,45.78199396995643,59.608003375334434,77.14222024338525,110.87597007164416,53.9836
ABSL Small Cap Fund - Regular - Growth,101207,556,31.11812568988873,45.836197060793396,59.594552585538466,77.01795084666776,111.36539903213227,53.9836
ABSL Small Cap Fund - Regular - Growth,101207,557,31.100284859740704,45.86611105016798,59.589374386655024,77.16775399050094,111.55511839419867,53.9836
ABSL Small Cap Fund - Regular - Growth,101207,558,31.058996418040046,45.86244776350282,59.73617792128738,77.069485231508,111.40998663722323,53.9836
ABSL Small Cap Fund - Regular - Growth,101207,559,31.034434631530075,45.82050508878642,59.70541413510334,77.31347946880281,111.54649726498477,53.9836
ABSL Small Cap Fund - Regular - Growth,101207,560,31.061949948485495,45.86684079728188,59.62266830999849,77.15703159791946,111.80399357080948,53.9836
ABSL Small Cap Fund - Regular - Growth,101207,561,31.171242885467393,45.94866604057262,59.623082421409904,77.19014264159357,111.58168565066387,53.9836
ABSL Small Cap Fund - Regular - Growth,101207,562,31.184684471803248,45.93367063202127,59.685143526779626,77.34717553401825,111.80484899219209,53.9836
ABSL Small Cap Fund - Regular - Growth,101207,563,31.02027136792012,45.89040218271924,59.69042469280555,77.40010808931548,112.1525901012348,53.9836
ABSL Small Cap Fund - Regular - Growth,101207,564,31.00804160821011,45.95203280076955,59.63804366281337,77.33514560951934,112.51575166237893,53.9836
ABSL Small Cap Fund - Regular - Growth,101207,565,31.16695442068974,45.96224025827534,59.79354293401392,77.29137009065765,112.16776200975619,53.9836
ABSL Small Cap Fund - Regular - Growth,101207,566,31.0778938321127,45.85035332937038,59.72076656448718,77.45017250979313,112.50718307545526,53.9836
ABSL Small Cap Fund - Regular - Growth,101207,567,31.109724123134484,45.94264706679323,59.79900968233579,77.53100727152615,112.66846786082289,53.9836
ABSL Small Cap Fund - Regular - Growth,101207,568,30.994706772940514,45.977239008948274,59.79560658484747,77.59938485629218,112.78240462437762,53.9836
ABSL Small Cap Fund - Regular - Growth,101207,569,31.053257650291684,45.950790255109304,59.84481540998479,77.66019282741934,112.9366353348901,53.9836
ABSL Small Cap Fund - Regular - Growth,101207,570,31.02300600006384,45.95639122967627,59.77400815452346,77.48733082943463,113.10403582574264,53.9836
ABSL Small Cap Fund - Regular - Growth,101207,571,31.02115339058039,45.84495793085597,59.744872771444356,77.74788488209177,113.26403356137537,53.9836
ABSL Small Cap Fund - Regular - Growth,101207,572,30.97619232628535,45.96988102031121,59.69702139268769,77.78936363349034,113.5214430755134,53.9836
ABSL Small Cap Fund - Regular - Growth,101207,573,30.8643384773645,45.963584566872804,59.61874274724721,77.6722047608708,113.64925323284515,53.9836
ABSL Small Cap Fund - Regular - Growth,101207,574,30.914815482721675,45.955708301147425,59.69914167733271,77.91774442386844,113.68355140325757,53.9836
ABSL Small Cap Fund - Regular - Growth,101207,575,30.90270194792066,45.92372390525393,59.75392074402457,77.60035629285392,113.3290958878628,53.9836
ABSL Small Cap Fund - Regular - Growth,101207,576,30.828846002755366,45.96936438437672,59.74008671252827,77.68260571473768,113.71627054918818,53.9836
ABSL Small Cap Fund - Regular - Growth,101207,577,30.907003244789056,45.933994757577544,59.84394111933888,77.57418408614726,113.8526172772559,53.9836
ABSL Small Cap Fund - Regular - Growth,101207,578,30.935125360516007,45.891175414884664,59.80723052945813,77.62447104708663,113.81524663604954,53.9836
ABSL Small Cap Fund - Regular - Growth,101207,579,30.805564374056285,45.928621971278616,59.794376454862004,77.75248628316793,113.79018483590659,53.9836
ABSL Small Cap Fund - Regular - Growth,101207,580,30.89516432478864,45.972132241043525,59.78325528761134,77.72603490809499,113.37247755479426,53.9836
ABSL Small Cap Fund - Regular - Growth,101207,581,30.92297449387767,45.98481709727526,59.80422672986603,77.79266433440196,113.18362763104722,53.9836
ABSL Small Cap Fund - Regular - Growth,101207,582,30.812743609134472,45.956982916216425,59.82696917694214,77.6683282530277,113.07648425603078,53.9836
ABSL Small Cap Fund - Regular - Growth,101207,583,30.913707752056908,45.95787043977653,59.8520888009906,77.64787606851674,113.60621901727885,53.9836
ABSL Small Cap Fund - Regular - Growth,101207,584,30.944790258670814,46.05959154265487,59.75042431726662,77.7494558438603,113.51595430218956,53.9836
ABSL Small Cap Fund - Regular - Growth,101207,585,30.8309809181527,46.07687134027779,59.87924264633497,77.84400090734013,113.83099184243547,53.9836
ABSL Small Cap Fund - Regular - Growth,101207,586,30.8849841015678,46.00417887632004,59.816232007130864,77.7750600499546,113.766997935653,53.9836
ABSL Small Cap Fund - Regular - Growth,101207,587,30.811159600802668,45.97285558298692,59.792775227954714,77.73872828030258,113.73555001722285,53.9836
ABSL Small Cap Fund - Regular - Growth,101207,588,30.759750059367093,45.925592248166225,59.70805488130673,77.81629227775669,113.81178600864727,53.9836
ABSL Small Cap Fund - Regular - Growth,101207,589,30.75001183413101,45.9113677952736,59.809160148633794,77.76480309449433,113.97747622009771,53.9836
ABSL Small Cap Fund - Regular - Growth,101207,590,30.67450198488673,45.8936683857504,59.84881167330181,77.77783407581167,114.42705497082434,53.9836
ABSL Small Cap Fund - Regular - Growth,101207,591,30.745732736034597,45.96567537411893,59.79754378553624,77.82990907093243,114.10837596984393,53.9836
ABSL Small Cap Fund - Regular - Growth,101207,592,30.79199420702667,46.01051695783562,59.90537788848398,77.96151065025839,114.65595317302856,53.9836
ABSL Small Cap Fund - Regular - Growth,101207,593,30.677669107967024,45.912902205624995,59.83567625490407,77.95230100355701,114.82210534364944,53.9836
ABSL Small Cap Fund - Regular - Growth,101207,594,30.645922594751262,45.98338841773986,59.84422522976109,78.02814508458397,114.7038247319735,53.9836
ABSL Small Cap Fund - Regular - Growth,101207,595,30.774612562759128,46.031378175032245,59.94949859534838,77.97995425994563,114.71734005862896,53.9836
ABSL Small Cap Fund - Regular - Growth,101207,596,30.69852658575162,46.021215188707345,59.96419740866443,78.05928333032261,114.64468364476593,53.9836
ABSL Small Cap Fund - Regular - Growth,101207,597,30.636248493021892,45.974228805597846,60.00378502864682,78.03019890903005,114.74644561093002,53.9836
ABSL Small Cap Fund - Regular - Growth,101207,598,30.672192120886425,46.0246400319647,60.07976478822549,78.17103776894733,114.89092180758882,53.9836
ABSL Small Cap Fund - Regular - Growth,101207,599,30.63056467449825,45.99537692031058,59.98932129722429,78.23887563398367,114.9001792871462,53.9836
ABSL Small Cap Fund - Regular - Growth,101207,600,30.66426985430125,45.94899945917109,59.87556434312121,78.21495473823434,115.20048963314849,53.9836
ABSL Small Cap Fund - Regular - Growth,101207,601,30.679673634027548,45.9578732513389,59.93777698258452,78.22553513722484,115.10957935074983,53.9836
ABSL Small Cap Fund - Regular - Growth,101207,602,30.680954341211333,45.97947202698241,59.96379140436345,78.1528692434722,115.09386979266868,53.9836
ABSL Small Cap Fund - Regular - Growth,101207,603,30.68899479931382,45.88793467185096,60.12600948189969,78.20220547358991,115.11069078320358,53.9836
ABSL Small Cap Fund - Regular - Growth,101207,604,30.706223322749377,45.85516829952259,60.09530070337829,78.28750734930523,115.16538926675855,53.9836
ABSL Small Cap Fund - Regular - Growth,101207,605,30.68620324542609,45.91697137964697,60.134757080121524,78.40060107695453,115.31298282015429,53.9836
ABSL Small Cap Fund - Regular - Growth,101207,606,30.603132022076085,45.92300844328724,60.069736968006964,78.42651608410964,115.37831806340985,53.9836
ABSL Small Cap Fund - Regular - Growth,101207,607,30.799972260258013,45.94926471180448,60.04627061447397,78.57740591120685,115.23499610542964,53.9836
ABSL Small Cap Fund - Regular - Growth,101207,608,30.70312253399455,45.807068865866675,60.143591137802545,78.56498732203187,115.89471584040625,53.9836
ABSL Small Cap Fund - Regular - Growth,101207,609,30.70797196241639,45.84062163242103,60.07177065716315,78.64900865342744,115.75416978796669,53.9836
ABSL Small Cap Fund - Regular - Growth,101207,610,30.712092103298453,45.85477237729434,60.05651120329493,78.52097241640628,115.96953106581594,53.9836
ABSL Small Cap Fund - Regular - Growth,101207,611,30.742239651233234,45.907404965393546,60.10141421861795,78.48158388821523,116.26888948285986,53.9836
ABSL Small Cap Fund - Regular - Growth,101207,612,30.699563070489233,45.933440953242844,60.23445716806138,78.5047251779495,116.0393505244673,53.9836
ABSL Small Cap Fund - Regular - Growth,101207,613,30.600449117716877,45.76801771954696,60.19725213568054,78.50522837032716,116.18185508225126,53.9836
ABSL Small Cap Fund - Regular - Growth,101207,614,30.58487353825292,45.5953368482918,60.18174708657192,78.49452030367151,116.49580409524134,53.9836
ABSL Small Cap Fund - Regular - Growth,101207,615,30.55387849529156,45.69556650365916,60.22903293861491,78.64410814774197,116.86163219713906,53.9836
ABSL Small Cap Fund - Regular - Growth,101207,616,30.51356774632697,45.71338112906068,60.354278397061705,78.74105022479037,116.8235394677494,53.9836
ABSL Small Cap Fund - Regular - Growth,101207,617,30.453879763302613,45.74181482787491,60.429970288797264,78.74328843090471,116.86957905987246,53.9836
ABSL Small Cap Fund - Regular - Growth,101207,618,30.386063834759398,45.697904633933575,60.41738912248407,78.76243101670073,117.06563826577843,53.9836
ABSL Small Cap Fund - Regular - Growth,101207,619,30.45093865891191,45.66619161162346,60.50010529397567,78.82412130230139,116.70574572198306,53.9836
ABSL Small Cap Fund - Regular - Growth,101207,620,30.384863831869968,45.68687212305531,60.473704362074656,78.87083674423575,117.32143379313736,53.9836
ABSL Small Cap Fund - Regular - Growth,101207,621,30.380748528571477,45.710526450817426,60.4231500603923,78.84030493873581,117.21358148813755,53.9836
ABSL Small Cap Fund - Regular - Growth,101207,622,30.37649692811217,45.7978414206842,60.36770095846687,78.69702300914145,117.33122338381847,53.9836
ABSL Small Cap Fund - Regular - Growth,101207,623,30.362590428037702,45.78911298654824,60.42791726836603,78.71383492599735,117.76033434816256,53.9836
ABSL Small Cap Fund - Regular - Growth,101207,624,30.462178963316322,45.70373843549818,60.472901898623824,78.77857131684864,117.40834989736305,53.9836
ABSL Small Cap Fund - Regular - Growth,101207,625,30.375684130513086,45.71966870718276,60.437805837324596,78.76121103294386,117.2427761094397,53.9836
ABSL Small Cap Fund - Regular - Growth,101207,626,30.350778663421004,45.672702617753934,60.4235118040348,78.92803835819866,117.54497861370459,53.9836
ABSL Small Cap Fund - Regular - Growth,101207,627,30.387210931394247,45.71009952400095,60.34483667254999,79.15817476877372,117.24069212525917,53.9836
ABSL Small Cap Fund - Regular - Growth,101207,628,30.420495108845493,45.75234968368082,60.33668222170533,79.09542533648016,117.50489538150117,53.9836
ABSL Small Cap Fund - Regular - Growth,101207,629,30.48826278420246,45.71983608178516,60.27229577197714,78.95991680339615,117.86369112751774,53.9836
ABSL Small Cap Fund - Regular - Growth,101207,630,30.30558509406075,45.814096011325574,60.2648730239987,79.2702859453223,118.15250678220008,53.9836
ABSL Small Cap Fund - Regular - Growth,101207,631,30.240354849024982,45.716101324938464,60.26598230157852,79.27206300187083,118.24899384514548,53.9836
ABSL Small Cap Fund - Regular - Growth,101207,632,30.328673505062817,45.744859040468384,60.20517723524678,79.15500127888947,118.00821100896714,53.9836
ABSL Small Cap Fund - Regular - Growth,101207,633,30.22963347405191,45.602222416551676,60.26759796068379,79.15795303972266,118.64387194148611,53.9836
ABSL Small Cap Fund - Regular - Growth,101207,634,30.200349917172947,45.54410457457566,60.29240829465519,79.21684005270154,118.55177679926939,53.9836
ABSL Small Cap Fund - Regular - Growth,101207,635,30.299939833188045,45.61259568550314,60.22757828187821,79.27574168315448,118.5787149944997,53.9836
ABSL Small Cap Fund - Regular - Growth,101207,636,30.287180104322097,45.63809271383414,60.167672126525716,79.25991491077798,118.47808040231304,53.9836
ABSL Small Cap Fund - Regular - Growth,101207,637,30.339374139289344,45.63751998978479,60.253901478046195,79.31059785566744,118.64549839419638,53.9836
ABSL Small Cap Fund - Regular - Growth,101207,638,30.26401927792404,45.63835462703724,60.25338681304128,79.3842757113362,118.75304917107911,53.9836
ABSL Small Cap Fund - Regular - Growth,101207,639,30.291958119812712,45.59380820504221,60.35062978652438,79.39144336208592,119.00301452352251,53.9836
ABSL Small Cap Fund - Regular - Growth,101207,640,30.268328887294278,45.636635152103864,60.36796656678138,79.44102836826154,119.05067429543094,53.9836
ABSL Small Cap Fund - Regular - Growth,101207,641,30.25098348442245,45.589331333563685,60.47722544231415,79.30463824340498,118.69718100384775,53.9836
ABSL Small Cap Fund - Regular - Growth,101207,642,30.34476468568797,45.604412593677075,60.47537164902981,79.25668301887674,119.26182882785318,53.9836
ABSL Small Cap Fund - Regular - Growth,101207,643,30.190353615867785,45.60259311460465,60.35820479510988,79.32792574573803,119.06675103516156,53.9836
ABSL Small Cap Fund - Regular - Growth,101207,644,30.23882550539405,45.51236263604919,60.33098080036241,79.47482914563132,119.5273233726949,53.9836
ABSL Small Cap Fund - Regular - Growth,101207,645,30.244661654721632,45.54037947319007,60.339574422574785,79.41423084069028,119.56288597846518,53.9836
ABSL Small Cap Fund - Regular - Growth,101207,646,30.308556911864287,45.50390539985938,60.40643251871239,79.5138088599691,120.28622545786895,53.9836
ABSL Small Cap Fund - Regular - Growth,101207,647,30.327208012017373,45.53667722821453,60.56886226927881,79.5144072546992,120.05973612097696,53.9836
ABSL Small Cap Fund - Regular - Growth,101207,648,30.2892775678628,45.65358708990708,60.466928676114286,79.55641144754259,119.86510059850555,53.9836
ABSL Small Cap Fund - Regular - Growth,101207,649,30.24645209554247,45.60394667970357,60.47041270701297,79.60667607268249,119.96286163456335,53.9836
ABSL Small Cap Fund - Regular - Growth,101207,650,30.180119075751005,45.60271616963749,60.461977288348606,79.59474169396002,120.04419381324882,53.9836
ABSL Small Cap Fund - Regular - Growth,101207,651,30.28564330622846,45.63778736043756,60.39230885826534,79.64389546990273,119.97591507566912,53.9836
ABSL Small Cap Fund - Regular - Growth,101207,652,30.340008073144425,45.6030392095477,60.41280972242609,79.6354085525737,120.46653017012854,53.9836
ABSL Small Cap Fund - Regular - Growth,101207,653,30.15841749168749,45.61212191365186,60.36853509314431,79.78509389797749,120.56833050332922,53.9836
ABSL Small Cap Fund - Regular - Growth,101207,654,30.167599304806526,45.59326788174025,60.39373505909455,79.69071530469714,120.44955618062578,53.9836
ABSL Small Cap Fund - Regular - Growth,101207,655,30.14026902134133,45.62541617172293,60.409090602617106,79.87009292743296,120.6119905513471,53.9836
ABSL Small Cap Fund - Regular - Growth,101207,656,30.017020399573944,45.74414036254227,60.3351521722691,79.88307674563127,121.10430283140361,53.9836
ABSL Small Cap Fund - Regular - Growth,101207,657,29.982465623460186,45.70305555543539,60.379951773471355,79.78336059772664,120.56611502172267,53.9836
ABSL Small Cap Fund - Regular - Growth,101207,658,30.038095184803634,45.59359014897476,60.38011301369386,79.84973285224606,120.78467575366167,53.9836
ABSL Small Cap Fund - Regular - Growth,101207,659,30.02895262404411,45.60721712762241,60.53061262762435,79.87713622240838,121.1304230892554,53.9836
ABSL Small Cap Fund - Regular - Growth,101207,660,29.991147293276562,45.62677296746756,60.41335407271835,79.98986742578472,120.97126248519129,53.9836
ABSL Small Cap Fund - Regular - Growth,101207,661,29.952022936634297,45.535391459317786,60.42211155944935,79.88766459887248,121.06470084365114,53.9836
ABSL Small Cap Fund - Regular - Growth,101207,662,29.902681968174864,45.499992864216516,60.412240357913596,79.91474639614125,121.474870801123,53.9836
ABSL Small Cap Fund - Regular - Growth,101207,663,29.934638081172068,45.55505337136782,60.39569875087015,79.82971457590565,121.56513069639597,53.9836
ABSL Small Cap Fund - Regular - Growth,101207,664,30.063879775010967,45.55232613650623,60.40354088576692,79.797554229696,121.7747396114732,53.9836
ABSL Small Cap Fund - Regular - Growth,101207,665,29.938913219036227,45.49833714637977,60.38174189028214,79.84625223814311,121.87571582308058,53.9836
ABSL Small Cap Fund - Regular - Growth,101207,666,30.019527240809673,45.53151386283236,60.37300369931104,79.7971148506656,121.965318354542,53.9836
ABSL Small Cap Fund - Regular - Growth,101207,667,29.985221693343103,45.50838981038524,60.416188724946224,79.95215363222358,121.60920314848119,53.9836
ABSL Small Cap Fund - Regular - Growth,101207,668,29.923001439357144,45.425411264624714,60.3782559476097,79.94890336516107,121.76210679360334,53.9836
ABSL Small Cap Fund - Regular - Growth,101207,669,30.025946867989134,45.50718875161245,60.42471331119471,79.88483692330676,121.58052127074352,53.9836
ABSL Small Cap Fund - Regular - Growth,101207,670,29.91379459811696,45.593610718826895,60.36655153535581,79.98536871197885,121.36593432584804,53.9836
ABSL Small Cap Fund - Regular - Growth,101207,671,29.919998387414008,45.505302920818025,60.463197952636534,80.02875077171721,121.13375848733236,53.9836
ABSL Small Cap Fund - Regular - Growth,101207,672,29.962481066588108,45.53048014181587,60.318854938958964,80.08150726573871,121.8027020806759,53.9836
ABSL Small Cap Fund - Regular - Growth,101207,673,29.94086617968224,45.49101898452465,60.367330598320365,80.23677592275955,121.59663727692853,53.9836
ABSL Small Cap Fund - Regular - Growth,101207,674,29.89885120347848,45.489474268346186,60.43264186022752,80.34257232244009,122.18789060618168,53.9836
ABSL Small Cap Fund - Regular - Growth,101207,675,29.913523886695568,45.41253204259915,60.45082761678454,80.43038565970441,121.91911620824101,53.9836
ABSL Small Cap Fund - Regular - Growth,101207,676,29.95208526449068,45.4574566509845,60.45299097935768,80.59547796031788,121.82583732180792,53.9836
ABSL Small Cap Fund - Regular - Growth,101207,677,29.951872674487298,45.496391574251774,60.493935817910256,80.62407833652298,121.89893407769819,53.9836
ABSL Small Cap Fund - Regular - Growth,101207,678,30.036900731685392,45.510814482707204,60.359486072386794,80.57668460246803,122.30574348107892,53.9836
ABSL Small Cap Fund - Regular - Growth,101207,679,30.028014385806532,45.51283958260443,60.51943894444911,80.50424715946785,122.98285184437442,53.9836
ABSL Small Cap Fund - Regular - Growth,101207,680,29.943199003943246,45.52649045017008,60.342393635464376,80.57272322108412,122.69018595296578,53.9836
ABSL Small Cap Fund - Regular - Growth,101207,681,29.870576499157764,45.529991941874115,60.26130749451764,80.77896538782167,122.73232883567087,53.9836
ABSL Small Cap Fund - Regular - Growth,101207,682,29.78947024713789,45.520456275248584,60.38821300708052,80.66901821304782,122.89080385597923,53.9836
ABSL Small Cap Fund - Regular - Growth,101207,683,29.842767924056627,45.44629471803427,60.33540804364212,80.76670733119946,122.88619609954587,53.9836
ABSL Small Cap Fund - Regular - Growth,101207,684,29.84623147587767,45.39740543377641,60.33317075120222,80.82786956973383,123.19588977103692,53.9836
ABSL Small Cap Fund - Regular - Growth,101207,685,29.79689545695588,45.39531374344054,60.33247020293071,80.92833294647916,123.5664929602682,53.9836
ABSL Small Cap Fund - Regular - Growth,101207,686,29.79029686836979,45.370122737433164,60.438511018903256,80.91560544964209,123.35943348845832,53.9836
ABSL Small Cap Fund - Regular - Growth,101207,687,29.79432087196479,45.41703407011967,60.4689769394908,81.03989522037224,123.60032919759699,53.9836
ABSL Small Cap Fund - Regular - Growth,101207,688,29.775251241332587,45.35187170611793,60.50274541582017,80.9592117424952,123.5703253812679,53.9836
ABSL Small Cap Fund - Regular - Growth,101207,689,29.727819375407016,45.29197467929709,60.476206527936526,81.0923240985859,123.81469542801422,53.9836
ABSL Small Cap Fund - Regular - Growth,101207,690,29.638829987143602,45.39649808149731,60.5100267669074,81.16378536648499,123.76030374913132,53.9836
ABSL Small Cap Fund - Regular - Growth,101207,691,29.62295769571219,45.461820592534515,60.50391545690261,81.06930506696744,123.51538324043878,53.9836
ABSL Small Cap Fund - Regular - Growth,101207,692,29.66658829344245,45.44799711082909,60.56096852436811,81.08702190586257,123.98143940842084,53.9836
ABSL Small Cap Fund - Regular - Growth,101207,693,29.66344990794367,45.404222651865624,60.511092394002446,81.19515808385654,124.0082567418703,53.9836
ABSL Small Cap Fund - Regular - Growth,101207,694,29.664875836653763,45.362262790667515,60.54503030029494,81.18019404355678,123.81517851523279,53.9836
ABSL Small Cap Fund - Regular - Growth,101207,695,29.646627758497868,45.42702572837672,60.696241487090205,81.04380241900965,124.6770793859897,53.9836
ABSL Small Cap Fund - Regular - Growth,101207,696,29.581466668748124,45.37267929170182,60.734365864809774,81.09040817556478,124.08393308247669,53.9836
ABSL Small Cap Fund - Regular - Growth,101207,697,29.54533654773947,45.34379651056864,60.661105644401076,81.0184017079503,124.29610679449962,53.9836
ABSL Small Cap Fund - Regular - Growth,101207,698,29.73764627821626,45.27683202576068,60.8096761792919,81.10221551369679,124.70500158609678,53.9836
ABSL Small Cap Fund - Regular - Growth,101207,699,29.692248424204607,45.26400849308547,60.779493456684826,81.13855726098754,124.7832938338489,53.9836
ABSL Small Cap Fund - Regular - Growth,101207,700,29.640567822423854,45.27036724600356,60.77972194755091,81.21156588544913,124.74553058426608,53.9836
ABSL Small Cap Fund - Regular - Growth,101207,701,29.629716055187192,45.34294105317683,60.73954264439753,81.43187623750438,124.65941000363975,53.9836
ABSL Small Cap Fund - Regular - Growth,101207,702,29.61881155537706,45.21547426728575,60.72051462297928,81.28362946962321,124.95415695428947,53.9836
ABSL Small Cap Fund - Regular - Growth,101207,703,29.73569737367486,45.24716562151811,60.81228747902926,81.31614511295895,124.80687866958196,53.9836
ABSL Small Cap Fund - Regular - Growth,101207,704,29.59628126823978,45.267875213095536,60.74141051874267,81.506960447035,124.70707035538409,53.9836
ABSL Small Cap Fund - Regular - Growth,101207,705,29.66631415681433,45.31644140915511,60.71490301698235,81.58649533237569,125.01519405194912,53.9836
ABSL Small Cap Fund - Regular - Growth,101207,706,29.718221926410287,45.32834496226438,60.629192324583826,81.56305400835907,124.70980034792754,53.9836
ABSL Small Cap Fund - Regular - Growth,101207,707,29.62836809091584,45.34347070931676,60.7186103703099,81.75840601225744,125.0313048618005,53.9836
ABSL Small Cap Fund - Regular - Growth,101207,708,29.63629286619796,45.369568057916936,60.71619073303893,81.70262906530147,125.35506482777483,53.9836
ABSL Small Cap Fund - Regular - Growth,101207,709,29.747284234829795,45.319917568088684,60.715085971112416,81.60910800484949,125.29230785880968,53.9836
ABSL Small Cap Fund - Regular - Growth,101207,710,29.730227817382836,45.38612696741117,60.872910842806206,81.73489684826129,125.28928627236058,53.9836
ABSL Small Cap Fund - Regular - Growth,101207,711,29.63626250186403,45.43522607181243,60.7713576124385,81.70620437301449,124.90790028914999,53.9836
ABSL Small Cap Fund - Regular - Growth,101207,712,29.64524502068927,45.37230419980057,60.79339901325693,81.8992566991054,124.68352072155908,53.9836
ABSL Small Cap Fund - Regular - Growth,101207,713,29.538124709127477,45.42983742454374,60.78525493840411,81.74596235017768,125.11552455007005,53.9836
ABSL Small Cap Fund - Regular - Growth,101207,714,29.486396982479448,45.35732716686996,60.69300055930506,81.88098134751631,124.97557060416527,53.9836
ABSL Small Cap Fund - Regular - Growth,101207,715,29.58842906459206,45.402846495675874,60.738395815169255,81.97235459620502,125.08597362310738,53.9836
ABSL Small Cap Fund - Regular - Growth,101207,716,29.734659355442876,45.306911473688,60.6146742354666,82.10868897194305,125.60012245745045,53.9836
ABSL Small Cap Fund - Regular - Growth,101207,717,29.810575793061552,45.32681899404436,60.73285715611759,81.9787158007706,125.4993780240725,53.9836
ABSL Small Cap Fund - Regular - Growth,101207,718,29.75144395363881,45.30329532829137,60.72471326468734,81.97399453959846,125.45816465117177,53.9836
ABSL Small Cap Fund - Regular - Growth,101207,719,29.635746226988147,45.312567302815495,60.74649240035678,81.99907249669344,125.37648204385755,53.9836
ABSL Small Cap Fund - Regular - Growth,101207,720,29.525132473770395,45.259974510000504,60.73554992693762,82.07278375448183,125.33217323433992,53.9836
ABSL Small Cap Fund - Regular - Growth,101207,721,29.595486514075468,45.307622037655534,60.66900126344935,82.07251285324305,125.65466657478281,53.9836
ABSL Small Cap Fund - Regular - Growth,101207,722,29.566301848206695,45.252921741724265,60.57286238199695,82.13754643783466,126.09582647585242,53.9836
ABSL Small Cap Fund - Regular - Growth,101207,723,29.646578719584962,45.12808115446357,60.66232963540977,81.8808430134638,125.89129481255003,53.9836
ABSL Small Cap Fund - Regular - Growth,101207,724,29.49197705634885,45.26018773517285,60.6918022950569,81.99885296895094,125.53862866512007,53.9836
ABSL Small Cap Fund - Regular - Growth,101207,725,29.592564404061054,45.262109059567386,60.79074111399596,82.05405599436583,125.95987404100426,53.9836
ABSL Small Cap Fund - Regular - Growth,101207,726,29.548408122448453,45.296217259290025,60.85294842953648,81.95671793332953,125.87724200051005,53.9836
ABSL Small Cap Fund - Regular - Growth,101207,727,29.64776144194126,45.232355611796706,60.724319440546594,82.01216018494115,126.11780003751268,53.9836
ABSL Small Cap Fund - Regular - Growth,101207,728,29.573325003597503,45.20913059560858,60.5510077761749,82.09628112559612,126.44616911078734,53.9836
ABSL Small Cap Fund - Regular - Growth,101207,729,29.544743496174956,45.20863263969718,60.67391239505064,82.0388740844885,126.81769175209108,53.9836
ABSL Small Cap Fund - Regular - Growth,101207,730,29.521875815811292,45.28225656734204,60.61589192401688,81.9523682799942,126.57523946353356,53.9836
ABSL Small Cap Fund - Regular - Growth,101207,731,29.527419551707997,45.25088944534426,60.70662826412685,82.04067177867796,126.38641515287132,53.9836
ABSL Small Cap Fund - Regular - Growth,101207,732,29.459582365426556,45.25907242848821,60.68048079208711,82.08014277406753,126.46006441084103,53.9836
ABSL Small Cap Fund - Regular - Growth,101207,733,29.377949354135453,45.20909140861189,60.8495918512225,82.19017640842507,126.21419433988068,53.9836
ABSL Small Cap Fund - Regular - Growth,101207,734,29.40344709775759,45.18088072761999,60.738611910884245,82.18095448769337,126.51079999338585,53.9836
ABSL Small Cap Fund - Regular - Growth,101207,735,29.324036222957496,45.128931280614424,60.77813342070926,82.39002169511991,126.69939223925842,53.9836
ABSL Small Cap Fund - Regular - Growth,101207,736,29.455582453054426,45.08209033169584,60.727072511944584,82.27334216772448,127.05299580475413,53.9836
ABSL Small Cap Fund - Regular - Growth,101207,737,29.374109133389254,45.177843797648634,60.792281827688754,82.24432514224729,127.07990931892533,53.9836
ABSL Small Cap Fund - Regular - Growth,101207,738,29.41346112528055,45.19747509843706,60.70762771010118,82.26536860017856,127.47172035667121,53.9836
ABSL Small Cap Fund - Regular - Growth,101207,739,29.41925610758425,45.15714843705141,60.94384079788431,82.33961964416383,127.55685074861546,53.9836
ABSL Small Cap Fund - Regular - Growth,101207,740,29.410830071936363,45.00952284461794,60.90825360969282,82.3413720260423,128.4458676668618,53.9836
ABSL Small Cap Fund - Regular - Growth,101207,741,29.381137236476356,45.030957867423105,60.83171086930509,82.3226230324494,128.24544885467847,53.9836
ABSL Small Cap Fund - Regular - Growth,101207,742,29.215065027016827,45.046336637727755,60.93822218757238,82.31287847908067,128.30336520595532,53.9836
ABSL Small Cap Fund - Regular - Growth,101207,743,29.291592277001207,45.04387527447077,60.91482926946176,82.43677542781113,128.11363012140868,53.9836
ABSL Small Cap Fund - Regular - Growth,101207,744,29.345626824995605,45.044557690133416,60.98521443808458,82.28555693483831,127.81629897840082,53.9836
ABSL Small Cap Fund - Regular - Growth,101207,745,29.360460256925336,45.09683426814919,61.08295468151833,82.24278173791855,127.61903717601744,53.9836
ABSL Small Cap Fund - Regular - Growth,101207,746,29.3874710772876,45.06302614389936,60.964217752616236,82.23031287181293,127.9129541297758,53.9836
ABSL Small Cap Fund - Regular - Growth,101207,747,29.439903512709606,45.069866264352704,60.937746011176856,82.21577703125881,128.320764623205,53.9836
ABSL Small Cap Fund - Regular - Growth,101207,748,29.426939847354692,45.17013109141094,60.89221757402578,82.3637547481227,128.51701548453988,53.9836
ABSL Small Cap Fund - Regular - Growth,101207,749,29.40918198528277,45.13251239624189,60.932020616499614,82.56844311719092,128.92514136947696,53.9836
ABSL Small Cap Fund - Regular - Growth,101207,750,29.322879114038887,45.13976574606089,60.94362717406264,82.62542941924406,128.7916468973309,53.9836
ABSL Small Cap Fund - Regular - Growth,101207,751,29.307038815654504,45.16132760431438,61.05792469007773,82.55036978584793,128.75884859113054,53.9836
ABSL Small Cap Fund - Regular - Growth,101207,752,29.321632553984333,45.21395920074065,61.192507713975886,82.64656367924785,129.13254557695544,53.9836
ABSL Small Cap Fund - Regular - Growth,101207,753,29.307824873304597,45.19276806377019,61.10221623777437,82.90705956323586,128.99033600343097,53.9836
ABSL Small Cap Fund - Regular - Growth,101207,754,29.165203774627976,45.23274736265721,61.097636162862784,82.9456996174091,129.24889273947798,53.9836
ABSL Small Cap Fund - Regular - Growth,101207,755,29.28731008668103,45.187395538348596,61.041419592165596,82.92634613860676,128.56873655192686,53.9836
ABSL Small Cap Fund - Regular - Growth,101207,756,29.25792968038341,45.201014679897796,61.10430113286628,83.01899463591558,128.67174185813963,53.9836
ABSL Small Cap Fund - Regular - Growth,101207,757,29.236206975629436,45.2307638467834,60.90583609759307,82.89788864163069,129.08871387554314,53.9836
ABSL Small Cap Fund - Regular - Growth,101207,758,29.259465309464662,45.11986816350601,60.99015843120456,82.87812899158655,129.3466250093381,53.9836
ABSL Small Cap Fund - Regular - Growth,101207,759,29.22226632100164,45.11383089401322,60.95616007015106,82.99897354543884,129.1944803553057,53.9836
ABSL Small Cap Fund - Regular - Growth,101207,760,29.19542237197773,45.087084467825356,60.944077629884255,83.00720907266944,129.5849379863774,53.9836
ABSL Small Cap Fund - Regular - Growth,101207,761,29.1140392610092,45.09176796137291,60.98907708285111,83.00018730469031,129.98551069448936,53.9836
ABSL Small Cap Fund - Regular - Growth,101207,762,29.064923993827474,45.109294247257864,61.08211106249479,83.12623195191895,130.39135378499478,53.9836
ABSL Small Cap Fund - Regular - Growth,101207,763,29.090886293923866,45.24936813666189,61.07099065342379,83.1902363997063,130.13479510322333,53.9836
ABSL Small Cap Fund - Regular - Growth,101207,764,28.982448826297468,45.127386448083946,61.03612141513504,83.21581943267783,130.17995209067556,53.9836
ABSL Small Cap Fund - Regular - Growth,101207,765,29.03354892131897,45.205950385208524,61.02125137206037,83.21973338529838,130.0068559373781,53.9836
ABSL Small Cap Fund - Regular - Growth,101207,766,28.991329762628542,45.153284559022715,61.0540402141081,83.33369280764033,129.70195141242854,53.9836
ABSL Small Cap Fund - Regular - Growth,101207,767,28.996419975115323,45.1600645930945,61.069464785056766,83.38120658579226,130.03709702417683,53.9836
ABSL Small Cap Fund - Regular - Growth,101207,768,29.260842176004193,45.24743220018394,61.202544902952255,83.1820258622412,129.59236696315736,53.9836
ABSL Small Cap Fund - Regular - Growth,101207,769,29.203889840630634,45.09374484864759,61.15311603515487,83.33475442274587,129.56712804897333,53.9836
ABSL Small Cap Fund - Regular - Growth,101207,770,29.257374420782945,45.10549218787544,61.167923044360634,83.4216282887576,129.49309103432475,53.9836
ABSL Small Cap Fund - Regular - Growth,101207,771,29.320965371780222,45.10862884845972,61.183700369379764,83.29678358268487,129.4315859839381,53.9836
ABSL Small Cap Fund - Regular - Growth,101207,772,29.08690461527203,45.052348242289696,61.22769448522385,83.42327016668168,129.65390754736055,53.9836
ABSL Small Cap Fund - Regular - Growth,101207,773,29.135497691602264,45.08401248121294,61.18322212129248,83.38842420379896,129.9415082873959,53.9836
ABSL Small Cap Fund - Regular - Growth,101207,774,29.168623423698893,45.084816374855734,61.179902406992056,83.34932768495217,129.8168519614265,53.9836
ABSL Small Cap Fund - Regular - Growth,101207,775,29.217250095378684,45.0661067682029,61.2784128782033,83.38680634659102,130.22117645112712,53.9836
ABSL Small Cap Fund - Regular - Growth,101207,776,29.066025828667115,45.1100206128285,61.31231072129488,83.359342265337,129.88814060081666,53.9836
ABSL Small Cap Fund - Regular - Growth,101207,777,29.157032289879606,45.032755091183084,61.36573322422296,83.27528662201206,130.10502071982145,53.9836
ABSL Small Cap Fund - Regular - Growth,101207,778,29.10511003166968,45.272529913953676,61.37106163335265,83.47091498416617,130.22621372575017,53.9836
ABSL Small Cap Fund - Regular - Growth,101207,779,29.09179404752385,45.212544218822494,61.3682684609458,83.51483892494463,130.50311030847993,53.9836
ABSL Small Cap Fund - Regular - Growth,101207,780,29.103726646271106,45.183815069039646,61.35812278108479,83.46241581029307,130.90499329235496,53.9836
ABSL Small Cap Fund - Regular - Growth,101207,781,29.136419291461735,45.18536099463322,61.38799782988208,83.48640667817514,130.36074984822707,53.9836
ABSL Small Cap Fund - Regular - Growth,101207,782,29.062314137731583,45.22644165064336,61.3379108215172,83.73786793845025,130.4000073994688,53.9836
ABSL Small Cap Fund - Regular - Growth,101207,783,28.95968499136588,45.16189101257562,61.23250918766952,83.56465126562075,130.66367682985586,53.9836
ABSL Small Cap Fund - Regular - Growth,101207,784,29.025773574556784,45.200308219397556,61.32629132189609,83.44444925372079,130.79696123530954,53.9836
ABSL Small Cap Fund - Regular - Growth,101207,785,28.985680976078598,45.147401492660705,61.36337178461274,83.57736900130571,131.06264587086343,53.9836
ABSL Small Cap Fund - Regular - Growth,101207,786,29.013265284348325,45.16173275865221,61.43435814456272,83.55362750431127,131.0798857606179,53.9836
ABSL Small Cap Fund - Regular - Growth,101207,787,28.98428850692733,45.162112943138695,61.43283696159321,83.56181309235878,131.18724607735123,53.9836
ABSL Small Cap Fund - Regular - Growth,101207,788,28.946262091023897,45.206253535867276,61.44044224843028,83.44238891139236,131.52823098666465,53.9836
ABSL Small Cap Fund - Regular - Growth,101207,789,29.025215960253973,45.203656019533945,61.45899946446286,83.60612742033742,131.70600174636604,53.9836
ABSL Small Cap Fund - Regular - Growth,101207,790,28.984245711901597,45.27569048107827,61.4622498291907,83.63170915898215,131.49035406193147,53.9836
ABSL Small Cap Fund - Regular - Growth,101207,791,29.04217152363045,45.302813474303534,61.44267391795918,83.64420965704642,131.56167559872603,53.9836
ABSL Small Cap Fund - Regular - Growth,101207,792,29.088396713064125,45.26701568269151,61.427286780200504,83.49314396418117,131.37909300711397,53.9836
ABSL Small Cap Fund - Regular - Growth,101207,793,28.99964740472263,45.3411599230714,61.5298328409844,83.71642302414556,131.74479607763053,53.9836
ABSL Small Cap Fund - Regular - Growth,101207,794,29.11933701896779,45.3118781590761,61.50388535981078,83.72616316935226,131.58148480364608,53.9836
ABSL Small Cap Fund - Regular - Growth,101207,795,28.96409730542471,45.24786461736226,61.53165820481925,83.61006911268538,131.8313856371698,53.9836
ABSL Small Cap Fund - Regular - Growth,101207,796,29.01111306306147,45.238598549978676,61.53752971799997,83.85275384851386,131.36674076846535,53.9836
ABSL Small Cap Fund - Regular - Growth,101207,797,28.96089490833399,45.259699013333595,61.605159457138825,83.6572216415125,131.850954956878,53.9836
ABSL Small Cap Fund - Regular - Growth,101207,798,29.017544374870376,45.13760319639686,61.49625613398271,83.68598099099484,132.37768599340367,53.9836
ABSL Small Cap Fund - Regular - Growth,101207,799,28.88240016901612,45.24063998521459,61.40406497365485,83.71686460619922,131.79582074085826,53.9836
ABSL Small Cap Fund - Regular - Growth,101207,800,28.88271140944682,45.24013904981285,61.35496416105428,83.8103448296436,131.84485449799803,53.9836
ABSL Small Cap Fund - Regular - Growth,101207,801,28.942673823447212,45.17405726041333,61.48760749356643,83.79771652819454,132.0425859792815,53.9836
ABSL Small Cap Fund - Regular - Growth,101207,802,28.97748639410245,45.231088369572646,61.51649800121292,83.78070111000054,132.2438722481907,53.9836
ABSL Small Cap Fund - Regular - Growth,101207,803,28.910581413972974,45.25021607396728,61.42687502698111,83.71932844855263,132.2484360816102,53.9836
ABSL Small Cap Fund - Regular - Growth,101207,804,28.900239958628774,45.190439734919174,61.49168455007009,83.81292854844287,131.84061716455096,53.9836
ABSL Small Cap Fund - Regular - Growth,101207,805,28.876759763994773,45.22421915204967,61.54389631840181,83.91054591137382,131.98011746225714,53.9836
ABSL Small Cap Fund - Regular - Growth,101207,806,28.915625577209788,45.1508432187902,61.562638772434106,83.96965432813236,132.81608054156843,53.9836
ABSL Small Cap Fund - Regular - Growth,101207,807,28.85332011699337,45.14496802190758,61.65020762380013,83.78181621252516,132.7776598307746,53.9836
ABSL Small Cap Fund - Regular - Growth,101207,808,28.884279609744958,45.24448549799341,61.64189868209723,83.77842585571312,132.9064906950641,53.9836
ABSL Small Cap Fund - Regular - Growth,101207,809,28.833486783985975,45.224604644695766,61.60331841089864,84.1346039195788,132.67700365345283,53.9836
ABSL Small Cap Fund - Regular - Growth,101207,810,28.86538350280677,45.23828398239505,61.63722226762803,84.2720688944046,132.83743131087954,53.9836
ABSL Small Cap Fund - Regular - Growth,101207,811,28.899365253266666,45.182829815923185,61.475747472207416,84.12418494176853,132.58224887834163,53.9836
ABSL Small Cap Fund - Regular - Growth,101207,812,28.834084168768058,45.23232128041717,61.60939097451953,84.09792527268209,132.53030302839778,53.9836
ABSL Small Cap Fund - Regular - Growth,101207,813,28.862760089811605,45.26456619266616,61.563785726638585,84.22892929978462,132.64745632383708,53.9836
ABSL Small Cap Fund - Regular - Growth,101207,814,28.875076253653813,45.24797214617762,61.699472978998145,84.20655382164544,133.02758211820887,53.9836
ABSL Small Cap Fund - Regular - Growth,101207,815,28.848278305483007,45.21506320348887,61.82717980221399,83.94023155524165,132.4077863989967,53.9836
ABSL Small Cap Fund - Regular - Growth,101207,816,28.74355101360985,45.16858599148045,61.6748039970484,84.03414915451646,132.67289375087122,53.9836
ABSL Small Cap Fund - Regular - Growth,101207,817,28.747722140229307,45.22561553120684,61.73979859385383,83.98954860757479,132.88412621444465,53.9836
ABSL Small Cap Fund - Regular - Growth,101207,818,28.826171305462207,45.175931153976364,61.72692456866354,84.02167720137929,133.28942310731978,53.9836
ABSL Small Cap Fund - Regular - Growth,101207,819,28.745682502985225,45.1913839669623,61.80937880928944,84.08187813506936,132.92875664943037,53.9836
ABSL Small Cap Fund - Regular - Growth,101207,820,28.702081550762248,45.18144000252259,61.769498316669726,84.0867453442821,133.26883059486582,53.9836
ABSL Small Cap Fund - Regular - Growth,101207,821,28.71818076946606,45.20546797296932,61.82629852348572,84.1966921570418,132.595877163721,53.9836
ABSL Small Cap Fund - Regular - Growth,101207,822,28.689794504401636,45.2215878454454,61.8319339338175,84.27615096144773,133.28699454367597,53.9836
ABSL Small Cap Fund - Regular - Growth,101207,823,28.599725660205525,45.310028167582345,61.85414473875638,84.34299308585612,133.10858095358563,53.9836
ABSL Small Cap Fund - Regular - Growth,101207,824,28.6553648890138,45.30728070629113,61.854513416832155,84.2761347782635,133.10033313832733,53.9836
ABSL Small Cap Fund - Regular - Growth,101207,825,28.621071298186223,45.18776623642529,61.792563876995416,84.27287813010271,133.5455255103566,53.9836
ABSL Small Cap Fund - Regular - Growth,101207,826,28.581278359849943,45.2121927412775,61.812832479837155,84.08364936778574,133.47523060385222,53.9836
ABSL Small Cap Fund - Regular - Growth,101207,827,28.643953941896857,45.21099242557224,61.93825402135801,84.19395373810389,133.74308653222857,53.9836
ABSL Small Cap Fund - Regular - Growth,101207,828,28.717612619034885,45.12320190760941,61.86840260741497,84.11404959709036,133.96495266200017,53.9836
ABSL Small Cap Fund - Regular - Growth,101207,829,28.7155423872301,45.12126467190968,61.950773185111224,84.06683589094074,134.40254166619147,53.9836
ABSL Small Cap Fund - Regular - Growth,101207,830,28.669352858191225,45.08410843855344,61.940811828229485,84.33477657131816,134.60925280569396,53.9836
ABSL Small Cap Fund - Regular - Growth,101207,831,28.59225207231436,45.02062789741699,61.898858682339785,84.3927986428036,134.7360638997686,53.9836
ABSL Small Cap Fund - Regular - Growth,101207,832,28.562724948244366,45.01859427487675,61.98664614305903,84.3378516322884,134.59367289350513,53.9836
ABSL Small Cap Fund - Regular - Growth,101207,833,28.64318993215085,45.085187602469986,62.04610184660717,84.29959737969627,134.97931212297686,53.9836
ABSL Small Cap Fund - Regular - Growth,101207,834,28.583249444187395,45.116287476756376,61.822952204315925,84.41289772477471,134.6471638840796,53.9836
ABSL Small Cap Fund - Regular - Growth,101207,835,28.475174663159667,45.09460546108624,61.90251494740075,84.68671734198563,134.44950174986758,53.9836
ABSL Small Cap Fund - Regular - Growth,101207,836,28.40878784906694,45.087211966713795,61.94457591487614,84.69656971632966,134.28170461447792,53.9836
ABSL Small Cap Fund - Regular - Growth,101207,837,28.43663573161715,45.07049487327825,61.91225011080072,84.54878052123904,134.78573202176176,53.9836
ABSL Small Cap Fund - Regular - Growth,101207,838,28.50903085816816,45.06744624929178,61.90978381196179,84.51356647979793,134.9456541558622,53.9836
ABSL Small Cap Fund - Regular - Growth,101207,839,28.51314053464496,45.14732406799121,62.004161070015954,84.67176835132524,135.32624701720007,53.9836
ABSL Small Cap Fund - Regular - Growth,101207,840,28.40389397377436,45.06608133855203,61.99704730041785,84.86995362186818,135.0412388126667,53.9836
ABSL Small Cap Fund - Regular - Growth,101207,841,28.461077556604987,44.97180200357462,61.8994071316027,84.93654992863026,135.64265036884186,53.9836
ABSL Small Cap Fund - Regular - Growth,101207,842,28.46067255937486,44.982020993939386,61.99038269427827,84.74481986963443,135.85747765940016,53.9836
ABSL Small Cap Fund - Regular - Growth,101207,843,28.51840053957477,45.03150188776602,61.93658534493148,84.71575729005595,135.84229527384525,53.9836
ABSL Small Cap Fund - Regular - Growth,101207,844,28.469561021124054,45.02971223966028,61.919799258013136,84.93963605391141,135.96082905645252,53.9836
ABSL Small Cap Fund - Regular - Growth,101207,845,28.45803347950688,45.000592815944756,61.9750180016391,84.8843150836365,136.32441696667803,53.9836
ABSL Small Cap Fund - Regular - Growth,101207,846,28.385190384605146,44.94392930730494,62.02573083184957,84.95773612595754,136.3139591946033,53.9836
ABSL Small Cap Fund - Regular - Growth,101207,847,28.334364321729996,44.940806094076635,62.04728175817796,84.90843189586897,136.43363558696697,53.9836
ABSL Small Cap Fund - Regular - Growth,101207,848,28.34703903744983,44.92496568185623,61.98953851541255,84.85616560880118,136.1469462333873,53.9836
ABSL Small Cap Fund - Regular - Growth,101207,849,28.315052070375597,44.94967400101138,62.013798593994025,84.99837172127243,136.40119917497464,53.9836
ABSL Small Cap Fund - Regular - Growth,101207,850,28.22067397224161,44.96602408890909,62.10770271358835,84.99011318619654,136.44761832763274,53.9836
ABSL Small Cap Fund - Regular - Growth,101207,851,28.252484187454996,44.918174974085915,62.19135180714922,85.21473318066182,136.98029221188796,53.9836
ABSL Small Cap Fund - Regular - Growth,101207,852,28.211541944982113,44.84444972244686,62.240238928725574,85.0289107739589,137.15623793595933,53.9836
ABSL Small Cap Fund - Regular - Growth,101207,853,28.307219766507377,44.843360325588364,62.17191457599159,85.06108345533886,137.50718712345153,53.9836
ABSL Small Cap Fund - Regular - Growth,101207,854,28.224085067700134,44.91994953549073,62.16239491063544,85.11646567782971,137.76527679343812,53.9836
ABSL Small Cap Fund - Regular - Growth,101207,855,28.21402204035809,44.899377038745705,62.279544781202276,85.2465805144503,137.66663477035007,53.9836
ABSL Small Cap Fund - Regular - Growth,101207,856,28.254170831414324,44.88185265385118,62.25552385130597,85.43737441707559,137.47212808764627,53.9836
ABSL Small Cap Fund - Regular - Growth,101207,857,28.225015613241986,44.89665764011877,62.31906745575158,85.32111415093343,137.72299236392638,53.9836
ABSL Small Cap Fund - Regular - Growth,101207,858,28.159718616100324,44.87129974709829,62.26495135990816,85.34030876461946,137.69045322873768,53.9836
ABSL Small Cap Fund - Regular - Growth,101207,859,28.18540684134599,44.91060604791679,62.241106847019765,85.45982069435073,136.83787130443486,53.9836
ABSL Small Cap Fund - Regular - Growth,101207,860,28.006013048562156,44.95738981874018,62.4375693868617,85.40074499231521,136.94632280592202,53.9836
ABSL Small Cap Fund - Regular - Growth,101207,861,28.18662333078571,44.973207151154995,62.29770175332343,85.34181605424813,136.9869028465576,53.9836
ABSL Small Cap Fund - Regular - Growth,101207,862,28.10652821328148,44.978183451771166,62.28012869832951,85.30613411695703,137.74567741045288,53.9836
ABSL Small Cap Fund - Regular - Growth,101207,863,28.16482899090259,45.00987305437309,62.35914609987228,85.45477254017926,137.64450306127745,53.9836
ABSL Small Cap Fund - Regular - Growth,101207,864,28.046647239538473,45.00935436886829,62.29675247272781,85.36717530107403,137.75870137631122,53.9836
ABSL Small Cap Fund - Regular - Growth,101207,865,28.082587730155083,44.866387429744385,62.334000049446345,85.47515418380857,138.07203799758,53.9836
ABSL Small Cap Fund - Regular - Growth,101207,866,28.244689054868736,44.925178735261824,62.48440943435534,85.43012804889959,138.3049042143438,53.9836
ABSL Small Cap Fund - Regular - Growth,101207,867,28.215366694109,44.93749199821652,62.386036581105515,85.58002317639065,138.63421452840603,53.9836
ABSL Small Cap Fund - Regular - Growth,101207,868,28.262866670761248,45.07070517602044,62.415863324760934,85.65601755086387,137.94059132014593,53.9836
ABSL Small Cap Fund - Regular - Growth,101207,869,28.18190891971593,45.00583243077603,62.48094391601147,85.77995791543651,137.72288921671145,53.9836
ABSL Small Cap Fund - Regular - Growth,101207,870,28.13189720927499,45.08893593280077,62.40991662317994,86.11964829423755,138.25886528331336,53.9836
ABSL Small Cap Fund - Regular - Growth,101207,871,28.054264526596317,45.0197378145758,62.4414088810507,86.07152709546602,137.93577033147653,53.9836
ABSL Small Cap Fund - Regular - Growth,101207,872,28.083175637784286,45.04739552736375,62.405733218378806,85.99918034750917,138.38892299291373,53.9836
ABSL Small Cap Fund - Regular - Growth,101207,873,28.15825983275148,45.0730576383111,62.45694214501968,85.99589361153471,138.562620826125,53.9836
ABSL Small Cap Fund - Regular - Growth,101207,874,28.11549460924192,45.075112832636684,62.49794139901813,86.09025889956607,138.9147303089563,53.9836
ABSL Small Cap Fund - Regular - Growth,101207,875,28.15317484907545,45.111303304894214,62.56206939754151,86.168969496876,138.3960343555509,53.9836
ABSL Small Cap Fund - Regular - Growth,101207,876,28.161572400119073,45.097500983016204,62.50594138174418,86.23077986044991,138.6253381120149,53.9836
ABSL Small Cap Fund - Regular - Growth,101207,877,28.28012280929717,45.11306700130651,62.51416146478243,86.22504192140062,138.7031605600331,53.9836
ABSL Small Cap Fund - Regular - Growth,101207,878,28.246113284533017,45.05461564986838,62.524643404428936,86.45633781207394,138.40582927014196,53.9836
ABSL Small Cap Fund - Regular - Growth,101207,879,28.048025785332193,45.05124855412329,62.62499758923002,86.39122440871311,138.12495513407688,53.9836
ABSL Small Cap Fund - Regular - Growth,101207,880,28.109468243300874,44.97948434398341,62.52083698351103,86.2115730060837,138.25366228496705,53.9836
ABSL Small Cap Fund - Regular - Growth,101207,881,28.167011605534363,44.99710728328913,62.5882420188094,86.1045737341073,138.0391890891205,53.9836
ABSL Small Cap Fund - Regular - Growth,101207,882,28.174033034840217,45.035987954439754,62.57642555276656,86.05475557252844,138.38654600482275,53.9836
ABSL Small Cap Fund - Regular - Growth,101207,883,28.13692293136923,44.98094007295079,62.482314996345046,86.14458808958835,138.7711221218293,53.9836
ABSL Small Cap Fund - Regular - Growth,101207,884,28.04794892883728,45.011502363624665,62.519884728363905,86.23015274225028,138.82793107818628,53.9836
ABSL Small Cap Fund - Regular - Growth,101207,885,28.027374040092383,45.05033085548682,62.481428346548945,86.3570092548571,138.5540860171203,53.9836
ABSL Small Cap Fund - Regular - Growth,101207,886,27.925754230198926,45.01428186462316,62.50319674058895,86.30093005797622,138.51405941492715,53.9836
ABSL Small Cap Fund - Regular - Growth,101207,887,28.05409533109588,44.928969281379494,62.56950965607243,86.51058584139231,138.37261987572117,53.9836
ABSL Small Cap Fund - Regular - Growth,101207,888,28.0171159858503,44.88683413470108,62.491871353429744,86.34787474179646,138.9858141606979,53.9836
ABSL Small Cap Fund - Regular - Growth,101207,889,28.126444555344797,44.87730405679609,62.365425147987295,86.5978193271733,139.15335917745534,53.9836
ABSL Small Cap Fund - Regular - Growth,101207,890,28.192809490518506,44.928691235106,62.36192391924377,86.5879387053276,139.16899231742863,53.9836
ABSL Small Cap Fund - Regular - Growth,101207,891,28.204956359865946,44.85188530997651,62.2677644166951,86.49492479984859,139.25133267427563,53.9836
ABSL Small Cap Fund - Regular - Growth,101207,892,28.172514037437416,45.00477206028931,62.37871559088384,86.56303627451658,138.32627402173546,53.9836
ABSL Small Cap Fund - Regular - Growth,101207,893,28.15330346331678,44.96040864270854,62.39666385604782,86.57768280982789,138.98407975283163,53.9836
ABSL Small Cap Fund - Regular - Growth,101207,894,28.16416982876188,44.877940782104474,62.41722120967272,86.59744955726995,139.0192238240593,53.9836
ABSL Small Cap Fund - Regular - Growth,101207,895,28.05793683148577,44.905927626114206,62.49065250334031,86.3868701932777,138.96412751418953,53.9836
ABSL Small Cap Fund - Regular - Growth,101207,896,28.093159550530594,45.04525711945199,62.59744249650467,86.35091649990623,139.39177966468662,53.9836
ABSL Small Cap Fund - Regular - Growth,101207,897,28.028335233781487,45.01011061691842,62.681458746624884,86.53850383900792,139.7911132444844,53.9836
ABSL Small Cap Fund - Regular - Growth,101207,898,28.044658471042446,45.04736608684897,62.53813922220377,86.37216295264906,139.4612599527355,53.9836
ABSL Small Cap Fund - Regular - Growth,101207,899,27.979146329024793,45.00845859362143,62.58430825822106,86.34189367004178,139.2783627213282,53.9836
ABSL Small Cap Fund - Regular - Growth,101207,900,27.987082092515465,44.965532717584196,62.591061440737874,86.50264829394794,139.31596407836406,53.9836
ABSL Small Cap Fund - Regular - Growth,101207,901,27.990155869037576,45.00269596538886,62.65415911674969,86.38374158943643,139.10788898831728,53.9836
ABSL Small Cap Fund - Regular - Growth,101207,902,27.912463931656387,45.02579046166166,62.65550427089277,86.46291615200947,139.63014319241708,53.9836
ABSL Small Cap Fund - Regular - Growth,101207,903,27.91426211609747,45.052176399638235,62.68441959480519,86.44732818721569,140.09117011725513,53.9836
ABSL Small Cap Fund - Regular - Growth,101207,904,27.973023947882744,44.96845123478076,62.610816024327605,86.60650738295024,139.65861890991394,53.9836
ABSL Small Cap Fund - Regular - Growth,101207,905,27.906396348930613,44.96594336904273,62.68952635267803,86.60518160181223,139.7273082970156,53.9836
ABSL Small Cap Fund - Regular - Growth,101207,906,27.889713053712352,44.982042803101365,62.828254803407205,86.61598277238187,140.17308506837327,53.9836
ABSL Small Cap Fund - Regular - Growth,101207,907,27.810027399642923,45.045486829356285,62.78014317566159,86.70048993450463,139.87373551995873,53.9836
ABSL Small Cap Fund - Regular - Growth,101207,908,27.885326493137523,44.88356865350268,62.75053589038321,86.78901469352365,139.74321320268342,53.9836
ABSL Small Cap Fund - Regular - Growth,101207,909,27.806911116565,44.87059224774103,62.767917879572096,86.92170098266516,140.77717324019022,53.9836
ABSL Small Cap Fund - Regular - Growth,101207,910,27.91998464884634,44.972490263095445,62.7778647141954,86.80485886326639,140.45580115704274,53.9836
ABSL Small Cap Fund - Regular - Growth,101207,911,28.015069604189605,44.92504419057564,62.76495221726164,86.94104708120952,141.08224040099407,53.9836
ABSL Small Cap Fund - Regular - Growth,101207,912,27.8878738242468,45.00446628671408,62.76160993195355,86.86362698826437,141.01006512329437,53.9836
ABSL Small Cap Fund - Regular - Growth,101207,913,27.95440087654703,44.8954616678857,62.741163718423685,86.8793449760654,141.33571107293932,53.9836
ABSL Small Cap Fund - Regular - Growth,101207,914,27.83588144516259,44.93343641761821,62.76197973760426,87.02099558195307,140.91447463880073,53.9836
ABSL Small Cap Fund - Regular - Growth,101207,915,27.829339822168706,44.93997340168026,62.81950024233913,87.14079427403192,140.8022628109449,53.9836
ABSL Small Cap Fund - Regular - Growth,101207,916,27.837618624299676,44.88022071732965,62.68441512355859,87.17959251162905,140.91192318376181,53.9836
ABSL Small Cap Fund - Regular - Growth,101207,917,27.765539520983612,44.82226960671978,62.62809432594433,87.13211535717346,140.9721663582695,53.9836
ABSL Small Cap Fund - Regular - Growth,101207,918,27.66240934996524,44.85511967382095,62.6776151306289,87.14519738953408,141.18438997451904,53.9836
ABSL Small Cap Fund - Regular - Growth,101207,919,27.758751622095534,44.85955463038279,62.642796947259924,87.19161987271018,141.7497384593928,53.9836
ABSL Small Cap Fund - Regular - Growth,101207,920,27.79220066884491,44.90988895565431,62.69830113700089,87.14875260028103,141.2830357285815,53.9836
ABSL Small Cap Fund - Regular - Growth,101207,921,27.726859883962135,44.94171008067434,62.747809590539156,87.28091722898915,140.90340417580842,53.9836
ABSL Small Cap Fund - Regular - Growth,101207,922,27.79431470315268,44.9302286530188,62.801224939740045,87.39847162984124,141.26330503239825,53.9836
ABSL Small Cap Fund - Regular - Growth,101207,923,27.662015265956367,44.8840531224689,62.83836122096453,87.54246755729389,141.27881459367921,53.9836
ABSL Small Cap Fund - Regular - Growth,101207,924,27.70525093766514,44.90795162526064,62.74444791251758,87.55384150165003,141.68341106941236,53.9836
ABSL Small Cap Fund - Regular - Growth,101207,925,27.636677369791045,44.8935384596939,62.76395101842869,87.74435785969041,141.42780076120107,53.9836
ABSL Small Cap Fund - Regular - Growth,101207,926,27.691437849001773,44.89245554885538,62.80074899324039,87.59510075664534,142.06936471377122,53.9836
ABSL Small Cap Fund - Regular - Growth,101207,927,27.57965219305331,44.939615341702165,62.7700560021138,87.84474321544536,142.22680054758808,53.9836
ABSL Small Cap Fund - Regular - Growth,101207,928,27.484046232489217,44.92257705388581,62.818177596545986,87.82383046228753,142.16130237503842,53.9836
ABSL Small Cap Fund - Regular - Growth,101207,929,27.47803083062814,45.01912113267144,62.89203017709413,87.87378635992187,142.65702750617572,53.9836
ABSL Small Cap Fund - Regular - Growth,101207,930,27.53416226799035,44.83286403463403,62.86132135584447,87.77969532588637,142.27838406572735,53.9836
ABSL Small Cap Fund - Regular - Growth,101207,931,27.705682442487113,44.87479721122432,62.842383960801264,87.88349439884438,142.80311222664602,53.9836
ABSL Small Cap Fund - Regular - Growth,101207,932,27.71089022639549,44.829652626196896,62.88025619893486,87.93587437990531,143.0657796815791,53.9836
ABSL Small Cap Fund - Regular - Growth,101207,933,27.605411637924636,44.737699167666825,62.86114778039774,87.86387536296357,143.14678123363072,53.9836
ABSL Small Cap Fund - Regular - Growth,101207,934,27.597756473252918,44.82981610717256,62.84677629772873,87.77417576814642,143.04726391101136,53.9836
ABSL Small Cap Fund - Regular - Growth,101207,935,27.557959375103273,44.83304945796466,62.937745309989225,87.72900974639472,143.4801983113218,53.9836
ABSL Small Cap Fund - Regular - Growth,101207,936,27.516274168644063,44.82048964490587,62.9079030645377,87.80512604205468,143.20653940998713,53.9836
ABSL Small Cap Fund - Regular - Growth,101207,937,27.518367852674693,44.8036506814573,62.98075151089449,87.84637293403716,142.9154624675299,53.9836
ABSL Small Cap Fund - Regular - Growth,101207,938,27.61938892908235,44.74034433980505,62.921378670033775,87.86299748684623,143.09344948092087,53.9836
ABSL Small Cap Fund - Regular - Growth,101207,939,27.6082442773152,44.67203365653241,63.08088769118213,87.85299804653796,142.9117814789891,53.9836
ABSL Small Cap Fund - Regular - Growth,101207,940,27.56168507360212,44.74357376368421,63.025329669302906,87.78080006796509,143.0491957829298,53.9836
ABSL Small Cap Fund - Regular - Growth,101207,941,27.633958195032967,44.789386061435174,62.97709149721544,87.94968491925212,142.97804286667994,53.9836
ABSL Small Cap Fund - Regular - Growth,101207,942,27.63630511025451,44.6780385213941,62.91272857165259,87.99114676255539,142.97017361090806,53.9836
ABSL Small Cap Fund - Regular - Growth,101207,943,27.55864689690895,44.79892833379603,62.893966454019214,87.80526100345098,143.47022211775828,53.9836
ABSL Small Cap Fund - Regular - Growth,101207,944,27.45019468738365,44.79911861488367,62.848224841752355,87.95448108907053,143.4255774503582,53.9836
ABSL Small Cap Fund - Regular - Growth,101207,945,27.44304924426177,44.829722034538605,62.87085764659774,87.9374913153717,143.47010539042984,53.9836
ABSL Small Cap Fund - Regular - Growth,101207,946,27.552248831646846,44.840099748421146,62.853234816353705,87.95224001620764,142.76549017149284,53.9836
ABSL Small Cap Fund - Regular - Growth,101207,947,27.580982206706025,44.8518709042495,62.70571663142784,87.82384421629148,142.86777411244339,53.9836
ABSL Small Cap Fund - Regular - Growth,101207,948,27.549611644069532,44.79762900678763,62.77034412976485,87.89139957415352,143.09750991857152,53.9836
ABSL Small Cap Fund - Regular - Growth,101207,949,27.60700550184893,44.737081738862614,62.73809938931751,88.00501339248103,143.19155722722215,53.9836
ABSL Small Cap Fund - Regular - Growth,101207,950,27.558095403188165,44.802197791238065,62.815116124315566,87.82146431278998,143.59391970845584,53.9836
ABSL Small Cap Fund - Regular - Growth,101207,951,27.617754861669177,44.78434973777075,62.769393276182996,87.78179764549577,143.238308887607,53.9836
ABSL Small Cap Fund - Regular - Growth,101207,952,27.47132132257152,44.82201711300349,62.68000489690552,88.15868330126736,143.8413289913197,53.9836
ABSL Small Cap Fund - Regular - Growth,101207,953,27.506255429372775,44.76641983245452,62.843720981625395,88.31008371060231,143.26822531330248,53.9836
ABSL Small Cap Fund - Regular - Growth,101207,954,27.484440590514787,44.74021596753228,62.677779525800055,88.28798397957851,143.41080433077894,53.9836
ABSL Small Cap Fund - Regular - Growth,101207,955,27.438378655313706,44.60217114591801,62.71546628360882,88.11762571237459,143.43355490282792,53.9836
ABSL Small Cap Fund - Regular - Growth,101207,956,27.468769537500357,44.68828176146324,62.72010841082102,88.31824655219036,143.25202080810087,53.9836
ABSL Small Cap Fund - Regular - Growth,101207,957,27.43709325504538,44.64642174112575,62.750519466599215,88.4447419375388,143.3025392504979,53.9836
ABSL Small Cap Fund - Regular - Growth,101207,958,27.404428877793148,44.69716122523121,62.70359194764002,88.50225712293113,143.27235869260673,53.9836
ABSL Small Cap Fund - Regular - Growth,101207,959,27.43149539418245,44.6372166180603,62.68867816274373,88.69596077799446,143.98611020135692,53.9836
ABSL Small Cap Fund - Regular - Growth,101207,960,27.405082353822106,44.653612831738435,62.734302974726944,88.54372817334385,144.06045209060815,53.9836
ABSL Small Cap Fund - Regular - Growth,101207,961,27.249543702210016,44.667038806284445,62.77965008864527,88.74128712474928,144.24386880937996,53.9836
ABSL Small Cap Fund - Regular - Growth,101207,962,27.342503854698354,44.76952531619493,62.79855043191914,88.7685751954386,143.91937061579276,53.9836
ABSL Small Cap Fund - Regular - Growth,101207,963,27.15986046374181,44.75037735460897,62.81021622943322,88.65258472125564,143.84035854181005,53.9836
ABSL Small Cap Fund - Regular - Growth,101207,964,27.356105142928214,44.69544506525427,62.92410549887224,88.60634969050142,144.3600907127878,53.9836
ABSL Small Cap Fund - Regular - Growth,101207,965,27.2920054173031,44.69471284290887,62.8899676110325,88.57811356307435,144.71534937289704,53.9836
ABSL Small Cap Fund - Regular - Growth,101207,966,27.255054099665024,44.69709107357368,63.035642549743145,88.56671902064609,144.66445611473972,53.9836
ABSL Small Cap Fund - Regular - Growth,101207,967,27.268016844863194,44.72616683411601,63.02812524364367,88.5274374760987,145.20933956620874,53.9836
ABSL Small Cap Fund - Regular - Growth,101207,968,27.26305954606183,44.70993789965008,62.98877691341212,88.77942167838548,145.6995988855565,53.9836
ABSL Small Cap Fund - Regular - Growth,101207,969,27.25392970036007,44.7225666637376,63.05458481220605,88.77529974609111,146.0507062988923,53.9836
ABSL Small Cap Fund - Regular - Growth,101207,970,27.244526811715822,44.7451807766267,62.97704171569629,88.74229480548937,145.4944336467716,53.9836
ABSL Small Cap Fund - Regular - Growth,101207,971,27.313299233099304,44.74350839642173,62.999419106476864,88.80429981514978,145.90149550614305,53.9836
ABSL Small Cap Fund - Regular - Growth,101207,972,27.159547195724098,44.77782564721123,63.00049476588305,88.81339931705949,145.80314442571864,53.9836
ABSL Small Cap Fund - Regular - Growth,101207,973,27.16897125599302,44.83623044331985,62.92864072485515,88.91769212517683,145.9128729913537,53.9836
ABSL Small Cap Fund - Regular - Growth,101207,974,27.13880878524981,44.881549780323624,62.962163287126316,88.95439204557546,146.02809127811108,53.9836
ABSL Small Cap Fund - Regular - Growth,101207,975,27.128317032738774,44.77179100986909,63.004859700419466,89.04023649508967,145.79112297722892,53.9836
ABSL Small Cap Fund - Regular - Growth,101207,976,27.095514480544256,44.732851056109666,62.90961165792681,88.75363974771192,145.5566404385818,53.9836
ABSL Small Cap Fund - Regular - Growth,101207,977,27.201880327789617,44.75500692702475,62.98357697764749,88.93204380745138,145.72099435413597,53.9836
ABSL Small Cap Fund - Regular - Growth,101207,978,27.234201408430184,44.87406702857103,62.99599875671616,88.94158178030722,145.8479184257793,53.9836
ABSL Small Cap Fund - Regular - Growth,101207,979,27.29360155701828,44.826127029398904,62.98806349455063,89.16598037031504,146.05689961506727,53.9836
ABSL Small Cap Fund - Regular - Growth,101207,980,27.254935830117518,44.80852931619687,63.099471777956325,89.10793077728572,146.30767875908515,53.9836
ABSL Small Cap Fund - Regular - Growth,101207,981,27.222335609121252,44.797900028594945,63.0765503305973,89.22881882379768,146.19074385649316,53.9836
ABSL Small Cap Fund - Regular - Growth,101207,982,27.284531710352,44.83675495272527,63.03920505881578,89.11856339386003,146.0105833986402,53.9836
ABSL Small Cap Fund - Regular - Growth,101207,983,27.295485968932596,44.84613745118697,63.13151792766306,89.20984369381824,146.04485929976505,53.9836
ABSL Small Cap Fund - Regular - Growth,101207,984,27.27688820020504,44.82804123966356,63.14509593617042,89.23720682892171,146.38795961380254,53.9836
ABSL Small Cap Fund - Regular - Growth,101207,985,27.265461121710278,44.87330923226318,63.06545674018304,89.39921992765922,146.61877519251038,53.9836
ABSL Small Cap Fund - Regular - Growth,101207,986,27.172134246129744,44.924671076861,63.12378729462455,89.45219194500169,146.2837456777158,53.9836
ABSL Small Cap Fund - Regular - Growth,101207,987,27.10209818498499,44.87196874454268,63.194441815526034,89.43751181338999,146.41560082427614,53.9836
ABSL Small Cap Fund - Regular - Growth,101207,988,27.1654445385644,44.91539783273683,63.28553313574791,89.43184954336307,146.93794506943374,53.9836
ABSL Small Cap Fund - Regular - Growth,101207,989,27.219048443782103,44.82500726308882,63.262643637339735,89.34642115298365,147.2101167788544,53.9836
ABSL Small Cap Fund - Regular - Growth,101207,990,27.23942322319314,44.86636062331412,63.32103423979801,89.42609047216652,147.3321897090144,53.9836
ABSL Small Cap Fund - Regular - Growth,101207,991,27.208945219400114,44.889870382708125,63.24854916174472,89.47074394900282,147.58000850355188,53.9836
ABSL Small Cap Fund - Regular - Growth,101207,992,27.197705385660093,44.95467427449087,63.25141537508553,89.40675911812096,147.64595996406044,53.9836
ABSL Small Cap Fund - Regular - Growth,101207,993,27.145697799401315,44.97217281901206,63.29663182587181,89.50090323476623,148.01935501105305,53.9836
ABSL Small Cap Fund - Regular - Growth,101207,994,27.11575520089338,44.92761743315879,63.26745242533397,89.5262038858067,147.30422759525504,53.9836
ABSL Small Cap Fund - Regular - Growth,101207,995,27.173282453497475,44.97751324595329,63.29049655097092,89.46864163308683,147.71472188175613,53.9836
ABSL Small Cap Fund - Regular - Growth,101207,996,27.218049510090587,44.93511435114664,63.35233974494399,89.57597628846568,148.39270418298162,53.9836
ABSL Small Cap Fund - Regular - Growth,101207,997,27.281570259295925,44.91692251122052,63.36262539268185,89.36565529704713,148.17527019534822,53.9836
ABSL Small Cap Fund - Regular - Growth,101207,998,27.357250100555948,44.949473642885536,63.381424385237764,89.3625302977715,148.1478168516853,53.9836
ABSL Small Cap Fund - Regular - Growth,101207,999,27.213486047689198,44.91097278860192,63.35135615280741,89.44359707915712,148.19642962534223,53.9836
ABSL Small Cap Fund - Regular - Growth,101207,1000,27.253006790765234,44.94270294373254,63.327189602572815,89.43646479514274,147.5580657402397,53.9836
ABSL Small Cap Fund - Regular - Growth,101207,1001,27.23581000972341,44.96978168121463,63.440853635215475,89.1984746443871,147.82854522028975,53.9836
ABSL Small Cap Fund - Regular - Growth,101207,1002,27.187079631754422,44.86731704455887,63.35647641843204,89.2415604806597,147.93174666030743,53.9836
ABSL Small Cap Fund - Regular - Growth,101207,1003,27.08316585833536,44.86724392303341,63.50823932342938,89.3998230384895,148.7086552861761,53.9836
ABSL Small Cap Fund - Regular - Growth,101207,1004,27.12473278638385,44.88323470055182,63.45687429495399,89.18124705809862,148.51653451169005,53.9836
ABSL Small Cap Fund - Regular - Growth,101207,1005,27.09977321114608,45.055292173430715,63.40423422235348,89.12922607508857,149.019504756916,53.9836
ABSL Small Cap Fund - Regular - Growth,101207,1006,26.920447493881834,45.164925546182445,63.53563835648684,89.15187665621457,148.34172996850907,53.9836
ABSL Small Cap Fund - Regular - Growth,101207,1007,27.016277962396277,45.0141098659757,63.54834395245392,89.27696557922954,148.76258994187802,53.9836
ABSL Small Cap Fund - Regular - Growth,101207,1008,26.980154829968843,44.975864979532226,63.52381578292275,89.02438616367564,149.17878951155,53.9836
ABSL Small Cap Fund - Regular - Growth,101207,1009,26.9176035517889,44.935900304577906,63.52440047215931,89.27847028100709,149.3589550034954,53.9836
ABSL Small Cap Fund - Regular - Growth,101207,1010,26.89215630518537,44.9980382773927,63.519858792984394,89.36069568091473,148.95935064441036,53.9836
ABSL Small Cap Fund - Regular - Growth,101207,1011,26.85909888176085,44.995326627201656,63.454826804546,89.48591291750964,148.9338856920857,53.9836
ABSL Small Cap Fund - Regular - Growth,101207,1012,26.87022629574357,44.98122697592358,63.54417281495779,89.70505064330138,148.61256101744516,53.9836
ABSL Small Cap Fund - Regular - Growth,101207,1013,26.97136675821489,44.99084067828343,63.51657755472107,89.6544506575726,148.54300986173845,53.9836
ABSL Small Cap Fund - Regular - Growth,101207,1014,26.91768011564742,45.042970332853045,63.64386463950606,89.79380704393748,148.80681740276316,53.9836
ABSL Small Cap Fund - Regular - Growth,101207,1015,26.95736866471773,45.08081112552444,63.66934347790111,89.79413427796929,148.9728717454917,53.9836
ABSL Small Cap Fund - Regular - Growth,101207,1016,26.825570891040776,45.07643114338422,63.7104013090654,89.86105860952253,149.30531756306624,53.9836
ABSL Small Cap Fund - Regular - Growth,101207,1017,26.90168860234005,45.14010801841352,63.6940917925468,89.74803687656346,149.25471286377018,53.9836
ABSL Small Cap Fund - Regular - Growth,101207,1018,26.93132700492093,45.134163449291975,63.76424683067662,89.97687436442283,149.92578785210387,53.9836
ABSL Small Cap Fund - Regular - Growth,101207,1019,26.828441323301423,45.12497982802512,63.78483704062488,89.55604906236732,150.00708751286305,53.9836
ABSL Small Cap Fund - Regular - Growth,101207,1020,26.797260943609867,45.09783042376427,63.81138727650203,89.61379294577067,150.02655058403934,53.9836
ABSL Small Cap Fund - Regular - Growth,101207,1021,26.810684451721183,45.13825500962134,63.810044396951184,89.81175457705179,150.16907320993403,53.9836
ABSL Small Cap Fund - Regular - Growth,101207,1022,26.85936274297188,45.179806638792144,63.780807281566254,89.87484577688305,150.34677826076117,53.9836
ABSL Small Cap Fund - Regular - Growth,101207,1023,26.826041510275655,45.202254396785165,63.87705945451074,89.84993306992368,150.4360963611277,53.9836
ABSL Small Cap Fund - Regular - Growth,101207,1024,26.888591554823165,45.20407916862014,63.74396318177439,89.74256756328988,150.83861223388809,53.9836
ABSL Small Cap Fund - Regular - Growth,101207,1025,26.889023073233364,45.17374058274221,63.85477887395416,89.6407386098083,150.17756947679567,53.9836
ABSL Small Cap Fund - Regular - Growth,101207,1026,26.905816101042266,45.24424271625624,63.76533036907409,89.91580122350466,150.70664289088788,53.9836
ABSL Small Cap Fund - Regular - Growth,101207,1027,26.897526758430377,45.175968977930154,63.848837770612974,89.94883657796586,150.5700331554844,53.9836
ABSL Small Cap Fund - Regular - Growth,101207,1028,26.813336920804563,45.09277134897308,63.89923198817462,89.99764864064271,149.9861415585155,53.9836
ABSL Small Cap Fund - Regular - Growth,101207,1029,26.81329836917227,45.1985905408633,63.922472556599736,89.98959965271312,150.6459205010204,53.9836
ABSL Small Cap Fund - Regular - Growth,101207,1030,26.823876820154993,45.19849619583534,63.866405312629,89.90241160009667,150.82254071603623,53.9836
ABSL Small Cap Fund - Regular - Growth,101207,1031,26.782901185664393,45.06895146661343,63.884972446731794,89.84745162006156,151.29228451596808,53.9836
ABSL Small Cap Fund - Regular - Growth,101207,1032,26.79495038632215,45.109947208524424,63.89524366895921,90.1324226176599,150.72994931149256,53.9836
ABSL Small Cap Fund - Regular - Growth,101207,1033,26.74508914282038,45.192688069021784,63.981478326847125,90.05525299010039,150.83762594417848,53.9836
ABSL Small Cap Fund - Regular - Growth,101207,1034,26.68498324329688,45.19331733943136,63.75407187932776,90.01334928401509,150.99786483436407,53.9836
ABSL Small Cap Fund - Regular - Growth,101207,1035,26.6994089140456,45.06681057035432,63.91280923108661,90.11979345048874,151.4920802191463,53.9836
ABSL Small Cap Fund - Regular - Growth,101207,1036,26.579239316337905,45.042053478802856,63.87987980037889,90.00365524662516,151.15939444996994,53.9836
ABSL Small Cap Fund - Regular - Growth,101207,1037,26.58404858159404,44.96005946832189,63.92776435618656,90.29068292301761,151.25699611018152,53.9836
ABSL Small Cap Fund - Regular - Growth,101207,1038,26.583844402634533,44.87108504723594,63.83930741449609,90.33099030071074,151.76059042116066,53.9836
ABSL Small Cap Fund - Regular - Growth,101207,1039,26.67503584365194,44.86264486172982,63.77631724911129,90.2758275325225,151.5105182949349,53.9836
ABSL Small Cap Fund - Regular - Growth,101207,1040,26.726934567377036,44.911394981646225,63.90335532925901,90.14130828639065,151.89260650144357,53.9836
ABSL Small Cap Fund - Regular - Growth,101207,1041,26.565532398123885,45.058682857377114,64.0208501350294,89.97211551593878,151.8697081744148,53.9836
ABSL Small Cap Fund - Regular - Growth,101207,1042,26.510659447539947,45.01023581609427,64.05105091990316,90.21432461347118,150.95517344225325,53.9836
ABSL Small Cap Fund - Regular - Growth,101207,1043,26.674748890972204,45.117045824893154,63.9338346460149,90.18524331364844,151.0275504582657,53.9836
ABSL Small Cap Fund - Regular - Growth,101207,1044,26.600505186115445,45.156061952442485,63.99114168459502,90.36247191031133,151.25765219370356,53.9836
ABSL Small Cap Fund - Regular - Growth,101207,1045,26.54500328301522,44.93154478054039,63.9911161371886,90.20099197116778,151.6472887379573,53.9836
ABSL Small Cap Fund - Regular - Growth,101207,1046,26.586767137425518,44.88245164387938,64.08218645317368,90.58711603815833,151.11302791959577,53.9836
ABSL Small Cap Fund - Regular - Growth,101207,1047,26.65993072333204,44.886152574929426,64.02211970159092,90.59808473632765,151.4864983035794,53.9836
ABSL Small Cap Fund - Regular - Growth,101207,1048,26.687922497526458,44.89066422735526,63.986305729472036,90.55721343423696,152.2668468210542,53.9836
ABSL Small Cap Fund - Regular - Growth,101207,1049,26.62530997077456,44.89234428268446,64.00542882130526,90.53648062247721,152.04364100363998,53.9836
ABSL Small Cap Fund - Regular - Growth,101207,1050,26.66328672389067,44.80337648393882,64.08033859038662,90.34948003319884,152.6088561843804,53.9836
ABSL Small Cap Fund - Regular - Growth,101207,1051,26.655153766845558,44.9025212712632,64.04436246485054,90.5165810576634,152.52956627615407,53.9836
ABSL Small Cap Fund - Regular - Growth,101207,1052,26.499970762371472,44.95436626676104,64.05823826452732,90.48506361611001,153.54198325077294,53.9836
ABSL Small Cap Fund - Regular - Growth,101207,1053,26.58389578350645,44.88622305603483,63.99537692648671,90.5272816532073,153.10464752215904,53.9836
ABSL Small Cap Fund - Regular - Growth,101207,1054,26.586433535833546,44.94059395469665,63.99090128685636,90.56775672146824,153.00671516100368,53.9836
ABSL Small Cap Fund - Regular - Growth,101207,1055,26.626786833345577,44.87735363251223,64.03632826905748,90.57553736895957,153.28619390979097,53.9836
ABSL Small Cap Fund - Regular - Growth,101207,1056,26.675433587498237,44.80885434697578,64.08863329731942,90.61700031811498,153.56014584926712,53.9836
ABSL Small Cap Fund - Regular - Growth,101207,1057,26.600216322322805,44.82585667213369,64.07324770843937,90.84526260265218,153.47574016007817,53.9836
ABSL Small Cap Fund - Regular - Growth,101207,1058,26.58062385897958,44.88064822107784,63.96337420771535,91.03772151320005,153.10899468427496,53.9836
ABSL Small Cap Fund - Regular - Growth,101207,1059,26.556679632982174,44.896215794207265,63.87344430336857,90.84487141154058,153.21600021181283,53.9836
ABSL Small Cap Fund - Regular - Growth,101207,1060,26.45258420329916,44.90056808103522,63.87021888745068,91.01954999909566,153.74121015739087,53.9836
ABSL Small Cap Fund - Regular - Growth,101207,1061,26.546190663161013,44.87663033467085,64.08730880404097,90.71467024160235,153.27459102156686,53.9836
ABSL Small Cap Fund - Regular - Growth,101207,1062,26.534618099905146,44.79338709777388,63.96793964096881,90.99756748594274,153.40302162597507,53.9836
ABSL Small Cap Fund - Regular - Growth,101207,1063,26.60115071242232,44.75395543797345,64.0377869734415,90.95870799975422,153.57617324513043,53.9836
ABSL Small Cap Fund - Regular - Growth,101207,1064,26.60381925967941,45.02412578458566,64.1915562615832,90.92039308541965,153.77778488919893,53.9836
ABSL Small Cap Fund - Regular - Growth,101207,1065,26.573262157134604,44.96605990419171,64.07671767643899,90.93951993032775,154.06514828097264,53.9836
ABSL Small Cap Fund - Regular - Growth,101207,1066,26.61486770436227,45.05047151420669,64.09047930592779,91.1769070793563,154.27196465408994,53.9836
ABSL Small Cap Fund - Regular - Growth,101207,1067,26.581860842129924,45.002279586725464,63.94596367406123,91.21015361670845,154.11615890043257,53.9836
ABSL Small Cap Fund - Regular - Growth,101207,1068,26.574855965743982,45.000990965388176,63.97821994078069,91.2634860551057,154.3507694111646,53.9836
ABSL Small Cap Fund - Regular - Growth,101207,1069,26.575624901129903,45.01329823212116,64.06607642039239,91.24675345091887,153.64551051284627,53.9836
ABSL Small Cap Fund - Regular - Growth,101207,1070,26.490684253008794,44.9567895016618,64.28454679344087,91.19876829634298,153.9548654575101,53.9836
ABSL Small Cap Fund - Regular - Growth,101207,1071,26.537856763411416,45.02192697111381,64.1240015856306,91.08501122802377,154.2327889141932,53.9836
ABSL Small Cap Fund - Regular - Growth,101207,1072,26.556374536314642,44.964965867872706,64.29892529016963,91.16355070862082,154.53243354685807,53.9836
ABSL Small Cap Fund - Regular - Growth,101207,1073,26.442210712655605,44.90931901467615,64.26108963645709,91.28673710245901,154.6007119531685,53.9836
ABSL Small Cap Fund - Regular - Growth,101207,1074,26.48110633523287,44.91111771806859,64.23801052201883,91.05297409906642,154.4544805938538,53.9836
ABSL Small Cap Fund - Regular - Growth,101207,1075,26.49243281473875,44.93195875837759,64.21529351870686,91.08173567917764,154.95876240580495,53.9836
ABSL Small Cap Fund - Regular - Growth,101207,1076,26.473167907785683,44.80480587610773,64.22648766950354,91.05088721354008,154.49958578299626,53.9836
ABSL Small Cap Fund - Regular - Growth,101207,1077,26.587209754982247,44.85282821923618,64.23603189346106,91.07681327795152,154.43732924601224,53.9836
ABSL Small Cap Fund - Regular - Growth,101207,1078,26.616709130707992,44.948490299348876,64.31886404933067,91.20954162390393,154.7128714483657,53.9836
ABSL Small Cap Fund - Regular - Growth,101207,1079,26.462643626083896,44.927181222928255,64.34822294419642,91.17532506498597,154.940690732785,53.9836
ABSL Small Cap Fund - Regular - Growth,101207,1080,26.473259502380763,44.90716147903365,64.21751767355711,91.19260028038751,155.391342646917,53.9836
ABSL Small Cap Fund - Regular - Growth,101207,1081,26.53077547384397,44.87737935291777,64.25700583806459,91.47236113178495,155.49243678902113,53.9836
ABSL Small Cap Fund - Regular - Growth,101207,1082,26.48587311609125,44.87366828952986,64.14960900639444,91.36140178500004,155.4198349103112,53.9836
ABSL Small Cap Fund - Regular - Growth,101207,1083,26.511571467174093,44.86364216698315,64.3882576443533,91.39551243009649,155.2693900920016,53.9836
ABSL Small Cap Fund - Regular - Growth,101207,1084,26.519282267665684,44.897226856020794,64.36939189024648,91.40813442538283,155.47420105692225,53.9836
ABSL Small Cap Fund - Regular - Growth,101207,1085,26.468376610085603,44.8470346060482,64.4215818971491,91.4154169422431,154.98161723783826,53.9836
ABSL Small Cap Fund - Regular - Growth,101207,1086,26.501485744266784,44.877853546229304,64.28090581268654,91.40211328796886,155.84908557107602,53.9836
ABSL Small Cap Fund - Regular - Growth,101207,1087,26.532674144068714,44.81487997177317,64.33301125265041,91.72800605556061,155.717092027,53.9836
ABSL Small Cap Fund - Regular - Growth,101207,1088,26.468040829858463,44.834465310910275,64.45749921908984,91.95536336678583,155.59883810771817,53.9836
ABSL Small Cap Fund - Regular - Growth,101207,1089,26.502408213270282,44.86052444079857,64.38752595105592,91.96402950201798,155.44362439482916,53.9836
ABSL Small Cap Fund - Regular - Growth,101207,1090,26.58189787826593,44.74872437455425,64.51832761566689,91.84114187577126,155.98701580155063,53.9836
ABSL Small Cap Fund - Regular - Growth,101207,1091,26.526287061433337,44.861760961205,64.48741501812567,92.045527923122,155.83761253802115,53.9836
ABSL Small Cap Fund - Regular - Growth,101207,1092,26.67518855225051,44.83170309082196,64.39750886600726,91.93151382408347,156.0127613029869,53.9836
ABSL Small Cap Fund - Regular - Growth,101207,1093,26.61161992956997,44.760042137518866,64.47646501983475,92.00135309407723,156.04268179333505,53.9836
ABSL Small Cap Fund - Regular - Growth,101207,1094,26.609313081316103,44.8158234877446,64.37440763580844,92.04830454639183,156.72954205996507,53.9836
ABSL Small Cap Fund - Regular - Growth,101207,1095,26.591934185775123,44.737872851477725,64.33760747183183,92.17827589785458,156.8741961937066,53.9836
ABSL Small Cap Fund - Regular - Growth,101207,1096,26.56809354303498,44.85884176535492,64.47833751806753,92.43236518367206,156.69220675080098,53.9836
ABSL Small Cap Fund - Regular - Growth,101207,1097,26.500264552163003,44.779535846477714,64.53331090316021,92.43351981810596,157.05522014649296,53.9836
ABSL Small Cap Fund - Regular - Growth,101207,1098,26.575765644735917,44.853212040767446,64.63050327617404,92.18211103528436,156.82424188949565,53.9836
ABSL Small Cap Fund - Regular - Growth,101207,1099,26.579166592530047,44.900969767669636,64.6728203034465,92.61833172573034,156.81364808316013,53.9836
ABSL Small Cap Fund - Regular - Growth,101207,1100,26.649475322246317,44.87512092738338,64.66017200963492,92.61036567536266,156.75347027725616,53.9836
ABSL Small Cap Fund - Regular - Growth,101207,1101,26.571814519307033,44.83664213416256,64.64264410815439,92.45671219578419,157.09272460004266,53.9836
ABSL Small Cap Fund - Regular - Growth,101207,1102,26.568941487135266,44.84285400773495,64.70327362049292,92.57571646243488,157.77534570060143,53.9836
ABSL Small Cap Fund - Regular - Growth,101207,1103,26.59985222211513,44.79933862589294,64.607437037177,92.69264090320728,157.06496747163038,53.9836
ABSL Small Cap Fund - Regular - Growth,101207,1104,26.635196443206613,44.782806018825966,64.69279384140378,92.5425032023908,157.31565338314815,53.9836
ABSL Small Cap Fund - Regular - Growth,101207,1105,26.560931036140147,44.77518890227705,64.8240977114119,92.52177771620319,157.12518729184035,53.9836
ABSL Small Cap Fund - Regular - Growth,101207,1106,26.454325768647486,44.81870223901863,64.75743292989392,92.80591590790587,157.51398632418437,53.9836
ABSL Small Cap Fund - Regular - Growth,101207,1107,26.421076179670525,44.81816589916249,64.72721444049134,92.81684324604697,157.33041507759907,53.9836
ABSL Small Cap Fund - Regular - Growth,101207,1108,26.497018008025883,44.91471475212249,64.74154622331716,92.6799459944527,156.9482666427484,53.9836
ABSL Small Cap Fund - Regular - Growth,101207,1109,26.554225742978254,44.84332494002942,64.6903691383055,92.62307257473067,157.04820049966716,53.9836
ABSL Small Cap Fund - Regular - Growth,101207,1110,26.571779997896577,44.79226037634657,64.74613951358347,92.87883493171753,157.1582934730969,53.9836
ABSL Small Cap Fund - Regular - Growth,101207,1111,26.475435864325256,44.943049771104604,64.75527577560162,92.81941209926921,157.2179062618144,53.9836
ABSL Small Cap Fund - Regular - Growth,101207,1112,26.484135382781627,44.98293735378654,64.80898856610563,92.9652347344122,157.43378001506298,53.9836
ABSL Small Cap Fund - Regular - Growth,101207,1113,26.391147961856223,44.99694066795159,64.74918102778588,92.95976050430754,157.37096264735203,53.9836
ABSL Small Cap Fund - Regular - Growth,101207,1114,26.36664757912203,44.95843195750385,64.84046723006331,92.94917561589679,157.7553391950431,53.9836
ABSL Small Cap Fund - Regular - Growth,101207,1115,26.39052010954505,44.94699200157462,64.83767551299219,93.12389264991445,157.29571709624554,53.9836
ABSL Small Cap Fund - Regular - Growth,101207,1116,26.422421107810266,44.88319101831823,64.7383028983921,92.97156051733387,157.71153494593193,53.9836
ABSL Small Cap Fund - Regular - Growth,101207,1117,26.413629518535643,44.85477879813962,64.69436090521515,93.09365992845102,157.7436408663629,53.9836
ABSL Small Cap Fund - Regular - Growth,101207,1118,26.39993283345877,44.89993766306121,64.74305742901079,92.8649697778937,157.84670222704565,53.9836
ABSL Small Cap Fund - Regular - Growth,101207,1119,26.389011864596462,44.968703752318454,64.72236803073307,93.04715895061449,157.5648408258097,53.9836
ABSL Small Cap Fund - Regular - Growth,101207,1120,26.35287651491416,44.86890208549944,64.74939654776833,93.23055096765765,158.22888470098516,53.9836
ABSL Small Cap Fund - Regular - Growth,101207,1121,26.352584431209134,44.88620870092567,64.72547238810651,93.13462030142125,157.6559943035873,53.9836
ABSL Small Cap Fund - Regular - Growth,101207,1122,26.34530819163768,44.940001348865366,64.82184727665997,93.14460952682263,157.9817993942196,53.9836
ABSL Small Cap Fund - Regular - Growth,101207,1123,26.25840106369357,44.89033649837698,64.79430059609541,92.90845911715043,158.06356463428835,53.9836
ABSL Small Cap Fund - Regular - Growth,101207,1124,26.399557410223668,44.84992147769678,64.80630269973261,92.9131217879414,156.93941095712867,53.9836
ABSL Small Cap Fund - Regular - Growth,101207,1125,26.35065429136743,44.790916433524735,64.63198891085491,93.09787729124974,157.0674727684787,53.9836
ABSL Small Cap Fund - Regular - Growth,101207,1126,26.298109442347936,44.790931268413,64.63135471784202,93.01436009953987,157.05848116981062,53.9836
ABSL Small Cap Fund - Regular - Growth,101207,1127,26.233259014779012,44.833261561102155,64.71428577500879,92.9139732771219,157.53731167942493,53.9836
ABSL Small Cap Fund - Regular - Growth,101207,1128,26.215049766675474,44.97632507564113,64.80395151533298,93.15918819136553,158.13878122511986,53.9836
ABSL Small Cap Fund - Regular - Growth,101207,1129,26.35571682557439,44.81513519297168,64.90448481457435,93.16748185066334,157.83113979873477,53.9836
ABSL Small Cap Fund - Regular - Growth,101207,1130,26.255299673517403,44.860549271036646,64.70125779929158,93.2431259805092,158.05444265684432,53.9836
ABSL Small Cap Fund - Regular - Growth,101207,1131,26.24290772588114,44.768316461570166,64.84346117780933,93.17775375088944,157.87836457240303,53.9836
ABSL Small Cap Fund - Regular - Growth,101207,1132,26.314160959736945,44.745752687530455,64.81682649647804,93.17245703970124,158.20747046101752,53.9836
ABSL Small Cap Fund - Regular - Growth,101207,1133,26.29947139025916,44.78334589772641,64.88586763670767,93.3596617686023,158.68619086069117,53.9836
ABSL Small Cap Fund - Regular - Growth,101207,1134,26.293028738079784,44.88813627568151,64.75079025323038,93.42738012929375,158.61554498073465,53.9836
ABSL Small Cap Fund - Regular - Growth,101207,1135,26.22479941773871,44.89183696465773,64.79526863973581,93.2004920403187,158.392603625159,53.9836
ABSL Small Cap Fund - Regular - Growth,101207,1136,26.27591664398225,44.93233070518997,64.79969549426673,93.41238705046632,157.59892598852798,53.9836
ABSL Small Cap Fund - Regular - Growth,101207,1137,26.20994506957854,44.814301399737865,64.80629486971412,93.53755509058983,157.7946654921608,53.9836
ABSL Small Cap Fund - Regular - Growth,101207,1138,26.14010242954196,44.844220535584995,65.02906581918998,93.61226011969829,157.98568641241846,53.9836
ABSL Small Cap Fund - Regular - Growth,101207,1139,26.13247391474625,44.876483755833206,64.97093003020673,93.41734296364751,158.22233255933605,53.9836
ABSL Small Cap Fund - Regular - Growth,101207,1140,26.156590053564194,44.691369747734015,65.01073596946452,93.68338670622558,158.47521185139266,53.9836
ABSL Small Cap Fund - Regular - Growth,101207,1141,26.14160196465026,44.75250806248058,65.0094578423811,93.67417107155296,159.0421287967944,53.9836
ABSL Small Cap Fund - Regular - Growth,101207,1142,26.151614365164892,44.87148975879539,65.07015040829785,93.92417668336847,158.7169934878354,53.9836
ABSL Small Cap Fund - Regular - Growth,101207,1143,26.14684170679331,44.81938547014956,64.95800778812861,93.90884254250629,158.1821663406243,53.9836
ABSL Small Cap Fund - Regular - Growth,101207,1144,26.176602873533863,44.71443837631762,64.96083079570658,94.03135015561426,158.69337364729543,53.9836
ABSL Small Cap Fund - Regular - Growth,101207,1145,26.025210943600484,44.76287720640722,64.94055943584442,93.67381687702527,158.71046498682242,53.9836
ABSL Small Cap Fund - Regular - Growth,101207,1146,26.150683759314322,44.708320763442096,64.98200742468251,94.07215355559416,158.70254533488588,53.9836
ABSL Small Cap Fund - Regular - Growth,101207,1147,26.121688654299955,44.7962088022102,65.10811762061576,94.02080697375435,159.38219739609443,53.9836
ABSL Small Cap Fund - Regular - Growth,101207,1148,26.217823751133174,44.84116257632314,65.07507936300654,94.18413130065912,159.0098381087195,53.9836
ABSL Small Cap Fund - Regular - Growth,101207,1149,26.200942017723403,44.87371417574353,65.09463913666522,94.05892079219075,159.22346535665693,53.9836
ABSL Small Cap Fund - Regular - Growth,101207,1150,26.120158941598703,44.843047176605396,65.1635296444785,94.08584037074586,160.12646743708356,53.9836
ABSL Small Cap Fund - Regular - Growth,101207,1151,26.01558521651623,44.84765387517672,65.02424879199829,94.21353122036575,160.34414408298468,53.9836
ABSL Small Cap Fund - Regular - Growth,101207,1152,26.065987787844524,45.01937614317928,65.04986438591125,94.10100803459578,160.2356263153193,53.9836
ABSL Small Cap Fund - Regular - Growth,101207,1153,26.029636919044073,44.94188554808431,65.11094081359973,93.93013631426913,159.8541472114633,53.9836
ABSL Small Cap Fund - Regular - Growth,101207,1154,26.021884305573703,44.83343403361719,64.93513785170404,94.12324410562195,159.7202338764209,53.9836
ABSL Small Cap Fund - Regular - Growth,101207,1155,26.048209350617068,44.85776855915614,65.01184068812411,94.22546843270868,159.8390694595891,53.9836
ABSL Small Cap Fund - Regular - Growth,101207,1156,26.192486258245772,44.78683406904895,65.13404567032254,94.18062301224364,160.27334715639114,53.9836
ABSL Small Cap Fund - Regular - Growth,101207,1157,26.108233771734447,44.72753838344994,65.21628371875786,94.37256512735505,160.59081232479713,53.9836
ABSL Small Cap Fund - Regular - Growth,101207,1158,26.030474814711706,44.788458096639886,65.14094867051523,94.27455423188516,160.27714120020838,53.9836
ABSL Small Cap Fund - Regular - Growth,101207,1159,26.10543947461079,44.87606248315856,65.16155828085869,94.05191350737582,159.23434043070066,53.9836
ABSL Small Cap Fund - Regular - Growth,101207,1160,26.15120529355534,44.868313875670395,65.13119981838926,94.25570908706464,159.17656506960614,53.9836
ABSL Small Cap Fund - Regular - Growth,101207,1161,26.12169543598194,44.881516306302224,65.21293778858097,94.4253319494011,159.9187851173115,53.9836
ABSL Small Cap Fund - Regular - Growth,101207,1162,26.138798892812932,44.91941617077504,65.24407691300298,94.65306631723901,160.0151462803551,53.9836
ABSL Small Cap Fund - Regular - Growth,101207,1163,26.116386792341373,44.91628506405699,65.3328259031149,94.52087658888983,159.82695944748178,53.9836
ABSL Small Cap Fund - Regular - Growth,101207,1164,26.048570344906587,44.916349834536646,65.38265063163628,94.55711029759766,160.43583059580197,53.9836
ABSL Small Cap Fund - Regular - Growth,101207,1165,26.023891568051607,44.93466375504753,65.50092079882032,94.50502231557621,161.10696977087017,53.9836
ABSL Small Cap Fund - Regular - Growth,101207,1166,26.085899412717307,44.79707121748031,65.4286905038806,94.44140382188732,160.19056024959704,53.9836
ABSL Small Cap Fund - Regular - Growth,101207,1167,26.078020637481448,44.80759053522,65.3915310999214,94.43704821956362,160.4519332692138,53.9836
ABSL Small Cap Fund - Regular - Growth,101207,1168,26.050038461734783,44.79111889019752,65.45349217700152,94.51172382350269,160.32894357079317,53.9836
ABSL Small Cap Fund - Regular - Growth,101207,1169,25.951660591333003,44.86306915362708,65.38171547817316,94.2353711177731,160.36491433028826,53.9836
ABSL Small Cap Fund - Regular - Growth,101207,1170,26.03078810579634,44.95191956182719,65.36510220974112,94.31474890955933,160.05092375994738,53.9836
ABSL Small Cap Fund - Regular - Growth,101207,1171,25.965959595001436,44.84838834858661,65.43646009271276,94.53588507533527,159.98929189383898,53.9836
ABSL Small Cap Fund - Regular - Growth,101207,1172,25.874255637888,44.74615926211586,65.41636936135117,94.55197783772988,160.5183124578977,53.9836
ABSL Small Cap Fund - Regular - Growth,101207,1173,25.853796798476825,44.78284390857911,65.32925938361173,94.47431819599069,161.08379371597027,53.9836
ABSL Small Cap Fund - Regular - Growth,101207,1174,25.926680145795984,44.88804459988438,65.22717570332345,94.46678036073966,161.5798684408607,53.9836
ABSL Small Cap Fund - Regular - Growth,101207,1175,25.86812284767428,44.858066635037495,65.41537611844782,94.58239283476928,161.59928701378482,53.9836
ABSL Small Cap Fund - Regular - Growth,101207,1176,25.88507090618507,44.86542585639538,65.49755139419887,94.7829339506003,162.59179703890638,53.9836
ABSL Small Cap Fund - Regular - Growth,101207,1177,25.861791481457864,44.849100475278966,65.40968763909719,94.83900217406647,162.94171602862355,53.9836
ABSL Small Cap Fund - Regular - Growth,101207,1178,25.973394913216854,44.9463171448687,65.52096142344058,94.7166374907725,162.86433924777063,53.9836
ABSL Small Cap Fund - Regular - Growth,101207,1179,25.938298355770975,44.88699207017979,65.50454327766778,94.8435965654563,162.95393697273093,53.9836
ABSL Small Cap Fund - Regular - Growth,101207,1180,25.880252308553967,44.91274365553278,65.55421285845374,94.75345333798228,162.83811525096434,53.9836
ABSL Small Cap Fund - Regular - Growth,101207,1181,25.97841559471764,44.83641787234811,65.53845078998437,94.65030174676662,162.9540078937866,53.9836
ABSL Small Cap Fund - Regular - Growth,101207,1182,25.944476965141074,44.9167420215029,65.61342406484202,94.57163718913844,162.93604549210198,53.9836
ABSL Small Cap Fund - Regular - Growth,101207,1183,26.02036901320611,44.92714940826306,65.64660967932406,94.66600680035256,163.253756710849,53.9836
ABSL Small Cap Fund - Regular - Growth,101207,1184,26.052890877389512,44.88268364568809,65.63172488852862,94.59199381440388,163.16505461566274,53.9836
ABSL Small Cap Fund - Regular - Growth,101207,1185,26.06133199037602,44.949823868426535,65.642224617958,94.73852754065996,163.19530943058484,53.9836
ABSL Small Cap Fund - Regular - Growth,101207,1186,26.115232935552392,44.92593216204233,65.64247270438554,94.80995064415484,163.01979644702706,53.9836
ABSL Small Cap Fund - Regular - Growth,101207,1187,26.06505516315207,44.94654543929222,65.62805397438612,94.98204678252098,163.53930323702025,53.9836
ABSL Small Cap Fund - Regular - Growth,101207,1188,26.085021861882122,44.96738020986392,65.51891963442132,95.04210098256311,163.52714583897966,53.9836
ABSL Small Cap Fund - Regular - Growth,101207,1189,26.07655131442708,44.87817595190272,65.53145311759346,95.02108774912841,163.85648007040666,53.9836
ABSL Small Cap Fund - Regular - Growth,101207,1190,26.047622934101533,44.89907267285105,65.49768446352707,94.93975739607112,162.93646720763974,53.9836
ABSL Small Cap Fund - Regular - Growth,101207,1191,25.9671494527897,44.73897557835456,65.5258550775994,95.2029875431659,162.98412143150009,53.9836
ABSL Small Cap Fund - Regular - Growth,101207,1192,25.920899161904448,44.79453136611334,65.53126752628033,95.15928804196676,162.9830338040462,53.9836
ABSL Small Cap Fund - Regular - Growth,101207,1193,25.995378247301996,44.877813256516006,65.5422808239019,94.9336951498697,163.39311023155116,53.9836
ABSL Small Cap Fund - Regular - Growth,101207,1194,25.859602439225572,44.78066249381406,65.58022986758286,95.08977080551877,163.14584247352462,53.9836
ABSL Small Cap Fund - Regular - Growth,101207,1195,25.89736175906945,44.783633128188406,65.59193535588167,94.96436106090275,164.03302224870404,53.9836
ABSL Small Cap Fund - Regular - Growth,101207,1196,25.905965658141778,44.79225117247074,65.5453723030233,95.0200134012776,164.40954360900378,53.9836
ABSL Small Cap Fund - Regular - Growth,101207,1197,25.847725839138402,44.7378461878228,65.66426155149696,95.304705206404,165.1586168676206,53.9836
ABSL Small Cap Fund - Regular - Growth,101207,1198,25.94358454646368,44.776124151093626,65.7856837795053,95.32480873394411,164.58131845134622,53.9836
ABSL Small Cap Fund - Regular - Growth,101207,1199,25.87821781740611,44.83551087707838,65.87810262239182,95.1911655468393,164.31066433349753,53.9836
ABSL Small Cap Fund - Regular - Growth,101207,1200,25.91971852063756,44.733334791551236,65.85271900168819,95.28791830297095,165.2440982430352,53.9836
ABSL Small Cap Fund - Regular - Growth,101207,1201,25.99769804021704,44.856317802227544,65.74236265789185,95.26545360384597,165.53679934511905,53.9836
ABSL Small Cap Fund - Regular - Growth,101207,1202,25.95315331228273,44.74541036226816,65.91198146693208,95.3685429354042,165.718444746526,53.9836
ABSL Small Cap Fund - Regular - Growth,101207,1203,25.994189298886386,44.8637386923188,65.86383866817026,95.55533470270976,165.53230637443244,53.9836
ABSL Small Cap Fund - Regular - Growth,101207,1204,26.07557671682746,44.79811595288756,65.7808471810801,95.33010276341642,165.6216951772703,53.9836
ABSL Small Cap Fund - Regular - Growth,101207,1205,26.04464750941016,44.706609124193704,65.64319173042334,95.29297782351125,165.66032244799214,53.9836
ABSL Small Cap Fund - Regular - Growth,101207,1206,26.046332240117465,44.661319171592,65.6757308767778,95.4940413715627,165.1679950782651,53.9836
ABSL Small Cap Fund - Regular - Growth,101207,1207,25.955164899565197,44.74668225707569,65.7560039588282,95.67443633845473,165.21613950043292,53.9836
ABSL Small Cap Fund - Regular - Growth,101207,1208,26.07508451414419,44.733172390760444,65.73783055522928,95.57865149432358,165.86387994837534,53.9836
ABSL Small Cap Fund - Regular - Growth,101207,1209,25.999815278442888,44.77032706878468,65.76963284068927,95.74037048187749,165.5356002822037,53.9836
ABSL Small Cap Fund - Regular - Growth,101207,1210,25.93913153120781,44.80117306984857,65.70832652856492,95.88639033326996,165.23944453010733,53.9836
ABSL Small Cap Fund - Regular - Growth,101207,1211,25.917285971602517,44.717345014622886,65.79938422688193,95.86594984863692,165.41065712467704,53.9836
ABSL Small Cap Fund - Regular - Growth,101207,1212,25.950691381540572,44.68467059758891,65.81533980901426,96.02390622097109,165.53485523167976,53.9836
ABSL Small Cap Fund - Regular - Growth,101207,1213,25.939281077611927,44.65807331300514,65.80075547296327,96.07584871577546,166.79221798176494,53.9836
ABSL Small Cap Fund - Regular - Growth,101207,1214,25.957403252717064,44.627510541569045,65.78085083519503,96.07078345993787,167.42583354310847,53.9836
ABSL Small Cap Fund - Regular - Growth,101207,1215,25.94904474121031,44.645295996623254,65.70186234613809,95.8807074815901,167.5963084268239,53.9836
ABSL Small Cap Fund - Regular - Growth,101207,1216,26.007860506562466,44.77864285067124,65.8640327167933,95.7455433057666,167.56004489566706,53.9836
ABSL Small Cap Fund - Regular - Growth,101207,1217,25.930056157357022,44.73832006485394,65.81891252852924,96.00575745461938,167.35472536778198,53.9836
ABSL Small Cap Fund - Regular - Growth,101207,1218,25.888823122824874,44.73895388652208,65.84030295329626,95.88020173287217,167.2865126562636,53.9836
ABSL Small Cap Fund - Regular - Growth,101207,1219,25.85775803590803,44.61360871480088,65.78695008235741,95.74700359704403,166.82669777484708,53.9836
ABSL Small Cap Fund - Regular - Growth,101207,1220,25.92063056504467,44.677261323464165,66.0234966022368,95.74089527648098,166.40796762971723,53.9836
ABSL Small Cap Fund - Regular - Growth,101207,1221,25.848699830198306,44.661176134405544,66.08362801817853,95.77517748324465,167.20158400384946,53.9836
ABSL Small Cap Fund - Regular - Growth,101207,1222,25.87357286210036,44.64748077742201,66.14114237510358,95.88675710466592,166.6957752199217,53.9836
ABSL Small Cap Fund - Regular - Growth,101207,1223,25.900355337462752,44.639008663958826,66.20570723949461,95.9664568774252,166.79660979381933,53.9836
ABSL Small Cap Fund - Regular - Growth,101207,1224,25.950754399892226,44.625023843721124,66.15229400427357,96.01958729229722,166.97687462852744,53.9836
ABSL Small Cap Fund - Regular - Growth,101207,1225,25.90711792627804,44.61289599077155,66.11742692862498,95.90438438896447,167.70693411554856,53.9836
ABSL Small Cap Fund - Regular - Growth,101207,1226,25.884858050633895,44.60481413418478,66.14067524653132,96.1483151171178,167.05758907051825,53.9836
ABSL Small Cap Fund - Regular - Growth,101207,1227,25.906181874874406,44.572181445891914,66.1576708926147,95.9720927656373,166.70512786601327,53.9836
ABSL Small Cap Fund - Regular - Growth,101207,1228,25.7693730524715,44.55278409745597,66.27603545902114,96.08593288516948,166.74023672416337,53.9836
ABSL Small Cap Fund - Regular - Growth,101207,1229,25.737280140330817,44.552193508279686,66.33522728912683,96.05941662349429,167.08118954704165,53.9836
ABSL Small Cap Fund - Regular - Growth,101207,1230,25.808207793459584,44.60760354748888,66.25268475644404,96.05289425918983,167.33809695500653,53.9836
ABSL Small Cap Fund - Regular - Growth,101207,1231,25.736642943923158,44.672637816312786,66.22106528702537,96.16344590261298,166.91738265038666,53.9836
ABSL Small Cap Fund - Regular - Growth,101207,1232,25.75457726635226,44.675252849664766,66.18102193404451,96.00905991974193,167.47226629501344,53.9836
ABSL Small Cap Fund - Regular - Growth,101207,1233,25.840678925109167,44.62959710860207,66.24216827076827,96.2321437972061,168.0825905071161,53.9836
ABSL Small Cap Fund - Regular - Growth,101207,1234,25.73708404943437,44.70718574217086,66.2282267442208,96.3348421802503,168.65596629153066,53.9836
ABSL Small Cap Fund - Regular - Growth,101207,1235,25.67721323194312,44.73592108014178,66.25083986895044,96.50501647449975,168.52703878495325,53.9836
ABSL Small Cap Fund - Regular - Growth,101207,1236,25.66943268626958,44.66270309368217,66.34679947484798,96.55955774091183,167.98720434393505,53.9836
ABSL Small Cap Fund - Regular - Growth,101207,1237,25.685800690391655,44.65657444258295,66.1920042564243,96.33076667726775,167.8885789400679,53.9836
ABSL Small Cap Fund - Regular - Growth,101207,1238,25.74577168730055,44.62052692592408,66.26829428520503,96.53941333170383,167.8644972592506,53.9836
ABSL Small Cap Fund - Regular - Growth,101207,1239,25.81706991822117,44.6200677963006,66.31749714808763,96.4431013851629,168.37732211616023,53.9836
ABSL Small Cap Fund - Regular - Growth,101207,1240,25.718315812819572,44.6825763853238,66.27291903201298,96.37188693658383,168.80074791416132,53.9836
ABSL Small Cap Fund - Regular - Growth,101207,1241,25.68419582011663,44.69503692228436,66.30435793855692,96.37182313898893,169.27352209930282,53.9836
ABSL Small Cap Fund - Regular - Growth,101207,1242,25.63837806124388,44.69575364350359,66.3215909011487,96.47478153493977,168.72265815537494,53.9836
ABSL Small Cap Fund - Regular - Growth,101207,1243,25.739746130255458,44.775774048499564,66.15708358972475,96.50348020499655,169.33486830017137,53.9836
ABSL Small Cap Fund - Regular - Growth,101207,1244,25.822453643600415,44.73845765340573,66.23878394286845,96.50067694393061,169.32578893511516,53.9836
ABSL Small Cap Fund - Regular - Growth,101207,1245,25.78706848859777,44.72341758356362,66.20816103882976,96.38768744975843,169.45079465484412,53.9836
ABSL Small Cap Fund - Regular - Growth,101207,1246,25.73242006846564,44.616012027206274,66.26766096160702,96.54570240813753,169.41440056199943,53.9836
ABSL Small Cap Fund - Regular - Growth,101207,1247,25.66634753304923,44.61310355922001,66.2577847663643,96.63196703807307,168.7025049123269,53.9836
ABSL Small Cap Fund - Regular - Growth,101207,1248,25.62114242270321,44.6274422997614,66.30299069075038,96.6474662307555,169.1771636692805,53.9836
ABSL Small Cap Fund - Regular - Growth,101207,1249,25.586694583786297,44.64025641468428,66.31320848563848,96.412526820531,169.96577950183402,53.9836
ABSL Small Cap Fund - Regular - Growth,101207,1250,25.558087189185677,44.69724664378122,66.28048237537435,96.77553329303798,170.07337831767015,53.9836
ABSL Small Cap Fund - Regular - Growth,101207,1251,25.57341494991611,44.62581965945196,66.42252383138785,96.81694743199151,170.158244946937,53.9836
ABSL Small Cap Fund - Regular - Growth,101207,1252,25.57131988954259,44.595283715537235,66.2900013178311,96.98974868537152,170.040229068087,53.9836
ABSL Small Cap Fund - Regular - Growth,101207,1253,25.702715896271194,44.64290132830609,66.5033662777713,96.51593418305627,170.55713671336827,53.9836
ABSL Small Cap Fund - Regular - Growth,101207,1254,25.636484117342363,44.6795794584674,66.34302314972797,96.82268836106799,171.09225571301815,53.9836
ABSL Small Cap Fund - Regular - Growth,101207,1255,25.611656740719273,44.79771835464092,66.30373668544927,96.84520184114277,171.47085776730415,53.9836
ABSL Small Cap Fund - Regular - Growth,101207,1256,25.471501449442403,44.7727792413136,66.45875783905636,96.82107685173398,171.33432690665742,53.9836
ABSL Small Cap Fund - Regular - Growth,101207,1257,25.447921404130916,44.79886383242994,66.60086853817836,96.98730240594455,171.6815217095717,53.9836
ABSL Small Cap Fund - Regular - Growth,101207,1258,25.424188369983415,44.76126009962403,66.62049624568644,96.84789565264921,171.8548908300427,53.9836
ABSL Small Cap Fund - Regular - Growth,101207,1259,25.51675454504771,44.88644409932936,66.4956763456205,96.94150231797994,171.4768752782063,53.9836
ABSL Small Cap Fund - Regular - Growth,101207,1260,25.486187853190852,44.76845795948563,66.53422092235144,96.95962578533684,172.06031880282058,53.9836
Axis Small Cap Fund - Regular - Growth,119095,0,56.1319,56.1319,56.1319,56.1319,56.1319,56.1319
Axis Small Cap Fund - Regular - Growth,119095,1,54.69809265222996,55.53253998983145,56.14284782198831,56.72599972554115,57.627546605601644,56.1319
Axis Small Cap Fund - Regular - Growth,119095,2,54.131297187989695,55.30401434900003,56.13722276676963,56.97715004863342,58.23012212061149,56.1319
Axis Small Cap Fund - Regular - Growth,119095,3,53.70201226873503,55.10394997742892,56.13315300627784,57.18610947072227,58.72701560437247,56.1319
Axis Small Cap Fund - Regular - Growth,119095,4,53.29482885798426,54.931960680486846,56.13279112643862,57.328233859522015,59.12650081567399,56.1319
Axis Small Cap Fund - Regular - Growth,119095,5,53.01177452032582,54.80726506016187,56.1148929713102,57.478739120186134,59.48421959144208,56.1319
Axis Small Cap Fund - Regular - Growth,119095,6,52.69985534507701,54.722139601683594,56.09294011769302,57.57918976345209,59.80294760094494,56.1319
Axis Small Cap Fund - Regular - Growth,119095,7,52.40023227326118,54.55677614873355,56.06897052463389,57.68864175556691,60.10856975153382,56.1319
Axis Small Cap Fund - Regular - Growth,119095,8,52.16295093680255,54.43048146316643,56.10381657220175,57.78530817606474,60.317761237102495,56.1319
Axis Small Cap Fund - Regular - Growth,119095,9,51.95636084601606,54.328250782964055,56.056363807706205,57.877776647401745,60.59784855146531,56.1319
Axis Small Cap Fund - Regular - Growth,119095,10,51.66219214826215,54.20979592258315,56.01869455552426,57.97078109298795,60.85484187506398,56.1319
Axis Small Cap Fund - Regular - Growth,119095,11,51.440608035493106,54.14815404348569,56.00560922278177,58.05608624054758,61.06275299274012,56.1319
Axis Small Cap Fund - Regular - Growth,119095,12,51.2838640893281,54.07096480131326,55.98926823804898,58.167586371127534,61.30665256691847,56.1319
Axis Small Cap Fund - Regular - Growth,119095,13,51.00457729793832,53.99771628937752,56.02102582857562,58.20603799860472,61.5437473358012,56.1319
Axis Small Cap Fund - Regular - Growth,119095,14,50.860050780088145,53.87878237090594,56.028402855539994,58.34626905740351,61.70723952786266,56.1319
Axis Small Cap Fund - Regular - Growth,119095,15,50.74026552511331,53.82712821917634,56.00012381708961,58.38278671173036,62.105741423403174,56.1319
Axis Small Cap Fund - Regular - Growth,119095,16,50.59253739753567,53.73328548598204,55.97081865876778,58.40903868918118,62.21090195941677,56.1319
Axis Small Cap Fund - Regular - Growth,119095,17,50.418890946521316,53.652824638489854,55.97741210127634,58.46312985335683,62.41689131156846,56.1319
Axis Small Cap Fund - Regular - Growth,119095,18,50.22411328483474,53.59425717986652,56.022284541135306,58.55202700485558,62.62401015905871,56.1319
Axis Small Cap Fund - Regular - Growth,119095,19,50.04948442235542,53.50765384493437,56.03631909924343,58.671367645755666,62.73570406853714,56.1319
Axis Small Cap Fund - Regular - Growth,119095,20,49.94547321776939,53.41884212093389,56.02636906400807,58.75879690208616,62.936854054298145,56.1319
Axis Small Cap Fund - Regular - Growth,119095,21,49.815102519623586,53.36433565634674,56.00649462610625,58.806999059314535,63.16837398932436,56.1319
Axis Small Cap Fund - Regular - Growth,119095,22,49.659992610771624,53.33092144097257,56.02423399985247,58.82570265829037,63.39284301664061,56.1319
Axis Small Cap Fund - Regular - Growth,119095,23,49.443642873841554,53.22778486462654,56.00652917249213,58.95457264214252,63.511590360860374,56.1319
Axis Small Cap Fund - Regular - Growth,119095,24,49.3420856726846,53.15559474520941,56.015047400314955,59.0289437805048,63.63002715387988,56.1319
Axis Small Cap Fund - Regular - Growth,119095,25,49.16169591272979,53.10948442811187,55.99774349444907,59.11926333799711,63.73425711248676,56.1319
Axis Small Cap Fund - Regular - Growth,119095,26,49.02689502254007,53.0367200402911,56.02687551986072,59.17476514503173,63.92028930809673,56.1319
Axis Small Cap Fund - Regular - Growth,119095,27,49.04753070093973,52.990007306696434,55.97753819877015,59.20777877084171,64.02318690808677,56.1319
Axis Small Cap Fund - Regular - Growth,119095,28,48.82818549320181,52.98454100490471,55.96674476183516,59.314508620007125,64.22903342218844,56.1319
Axis Small Cap Fund - Regular - Growth,119095,29,48.77165386732789,52.90154594163803,55.990490878884145,59.34468309847551,64.42511423009228,56.1319
Axis Small Cap Fund - Regular - Growth,119095,30,48.61659225612001,52.83873714567407,55.95036616485544,59.37493298978931,64.50172074215031,56.1319
Axis Small Cap Fund - Regular - Growth,119095,31,48.43013474335096,52.74227937996716,55.91287101259887,59.37023455743743,64.64575951312544,56.1319
Axis Small Cap Fund - Regular - Growth,119095,32,48.35263065701693,52.700463661180265,55.91608048623082,59.43003018481174,64.7606951376093,56.1319
Axis Small Cap Fund - Regular - Growth,119095,33,48.22886145151913,52.64907472374203,55.91716623497591,59.54343655039696,64.91098445577371,56.1319
Axis Small Cap Fund - Regular - Growth,119095,34,48.12638601697328,52.604179275217305,55.91454651354705,59.557045587875024,65.07203732495016,56.1319
Axis Small Cap Fund - Regular - Growth,119095,35,48.06667844245439,52.561718035507376,55.91571463288682,59.59376056266196,65.18745984490876,56.1319
Axis Small Cap Fund - Regular - Growth,119095,36,47.99791879914511,52.528666660299784,55.90533440003667,59.616879809515595,65.47219591042774,56.1319
Axis Small Cap Fund - Regular - Growth,119095,37,47.94359548424054,52.47672633839973,55.878027936250994,59.71202655306278,65.69237036102905,56.1319
Axis Small Cap Fund - Regular - Growth,119095,38,47.88081140200923,52.392633813031914,55.90272898172074,59.7369728191165,65.65163796300514,56.1319
Axis Small Cap Fund - Regular - Growth,119095,39,47.711797814258986,52.340055952522654,55.906679049847455,59.82447497592406,65.76619480022356,56.1319
Axis Small Cap Fund - Regular - Growth,119095,40,47.706818396137805,52.26988243120731,55.81958654779562,59.90738597911925,65.78093285101423,56.1319
Axis Small Cap Fund - Regular - Growth,119095,41,47.538311903831335,52.27007409220312,55.79768204444156,59.990186147190244,66.09718093882132,56.1319
Axis Small Cap Fund - Regular - Growth,119095,42,47.460303322328116,52.2108728308704,55.834645409523915,59.9604414097801,66.24787073542443,56.1319
Axis Small Cap Fund - Regular - Growth,119095,43,47.319005229618085,52.1233871417187,55.86063704296045,59.99865279637587,66.39890656632585,56.1319
Axis Small Cap Fund - Regular - Growth,119095,44,47.20882667390869,52.04227059784512,55.80645498429019,59.990200239141146,66.52614469204848,56.1319
Axis Small Cap Fund - Regular - Growth,119095,45,47.15672592456318,52.05104710056034,55.837274733459154,60.066316971615066,66.7484265216516,56.1319
Axis Small Cap Fund - Regular - Growth,119095,46,47.08586809270384,51.94644617846436,55.865258965157835,60.092060805918386,66.82184776993263,56.1319
Axis Small Cap Fund - Regular - Growth,119095,47,46.9898280453557,51.91718765426239,55.87359637848186,60.17520352206968,66.95402280414689,56.1319
Axis Small Cap Fund - Regular - Growth,119095,48,46.83134243114832,51.882761814354446,55.875023740638014,60.28639093020996,67.14205336994185,56.1319
Axis Small Cap Fund - Regular - Growth,119095,49,46.72602433023583,51.89297631746143,55.85443668402395,60.29958655735035,67.24713977808817,56.1319
Axis Small Cap Fund - Regular - Growth,119095,50,46.667302120754485,51.829840069587014,55.85264669579662,60.347157312411454,67.28523710916875,56.1319
Axis Small Cap Fund - Regular - Growth,119095,51,46.540462343652166,51.72003918522871,55.896838563366835,60.385231041272306,67.5008691968677,56.1319
Axis Small Cap Fund - Regular - Growth,119095,52,46.451721559985025,51.70895814967251,55.85237350699557,60.34013114459059,67.60745275867313,56.1319
Axis Small Cap Fund - Regular - Growth,119095,53,46.280907687611105,51.67305991698351,55.89549707538961,60.38375845584898,67.67857236734929,56.1319
Axis Small Cap Fund - Regular - Growth,119095,54,46.2280882747333,51.617082874958996,55.88077377078497,60.48697712459935,67.89141898536418,56.1319
Axis Small Cap Fund - Regular - Growth,119095,55,46.13354936421931,51.6013920024112,55.83969539612043,60.47286726372323,68.0706583222099,56.1319
Axis Small Cap Fund - Regular - Growth,119095,56,46.09434943424231,51.54242551889398,55.852584846224545,60.473614823443,68.23214562438541,56.1319
Axis Small Cap Fund - Regular - Growth,119095,57,45.928391405751015,51.540052140092804,55.83152664872682,60.52325307251349,68.28180982444509,56.1319
Axis Small Cap Fund - Regular - Growth,119095,58,45.91031194583914,51.47921964205271,55.81693248416945,60.51190268312254,68.2061827259205,56.1319
Axis Small Cap Fund - Regular - Growth,119095,59,45.78284209915897,51.49999813446258,55.848781787693525,60.572493761588916,68.36052322735412,56.1319
Axis Small Cap Fund - Regular - Growth,119095,60,45.73184303069347,51.43061271286174,55.79411250059415,60.61428422336604,68.61921906722189,56.1319
Axis Small Cap Fund - Regular - Growth,119095,61,45.60167254395525,51.36634615472183,55.79349349238805,60.59238202658719,68.56093629156065,56.1319
Axis Small Cap Fund - Regular - Growth,119095,62,45.517152368893505,51.330635517081156,55.826202832449255,60.584915514001096,68.55572661706192,56.1319
Axis Small Cap Fund - Regular - Growth,119095,63,45.404223175848614,51.296973430126926,55.81300894977599,60.690046249039895,68.78838033820617,56.1319
Axis Small Cap Fund - Regular - Growth,119095,64,45.27705501269543,51.227372232503434,55.777343735799846,60.728862956876945,68.78273672095624,56.1319
Axis Small Cap Fund - Regular - Growth,119095,65,45.30356787946531,51.216318219781705,55.78059587448657,60.71024108702699,69.0155927680229,56.1319
Axis Small Cap Fund - Regular - Growth,119095,66,45.16772578084287,51.12116489386564,55.81719903770734,60.74584188594478,69.09994652451321,56.1319
Axis Small Cap Fund - Regular - Growth,119095,67,45.17547036799689,51.14094194772427,55.76920259491315,60.82069295632929,69.31565211609981,56.1319
Axis Small Cap Fund - Regular - Growth,119095,68,45.10804037924479,51.085884976258455,55.7983983180236,60.83781433731858,69.4498379913783,56.1319
Axis Small Cap Fund - Regular - Growth,119095,69,45.04606275077401,51.01889028178357,55.74490811176615,60.87151276158693,69.63688977918892,56.1319
Axis Small Cap Fund - Regular - Growth,119095,70,44.96736361178983,51.01063818359647,55.79477019779614,60.91522371856842,69.62335419266621,56.1319
Axis Small Cap Fund - Regular - Growth,119095,71,44.80015505006292,51.01975425984887,55.72574984215025,60.943535229974906,69.80982940802075,56.1319
Axis Small Cap Fund - Regular - Growth,119095,72,44.74528151205219,50.998256758146965,55.761054595941026,60.98384636254998,70.01850030022744,56.1319
Axis Small Cap Fund - Regular - Growth,119095,73,44.737423352490595,50.9455355626796,55.69587728766032,61.05645515210178,70.14159965204905,56.1319
Axis Small Cap Fund - Regular - Growth,119095,74,44.65137186897707,51.01510893452886,55.73398196602191,61.029214532040385,70.17620406000043,56.1319
Axis Small Cap Fund - Regular - Growth,119095,75,44.620071577024966,50.960287557384945,55.69623264024802,61.03517123859208,70.32932744576956,56.1319
Axis Small Cap Fund - Regular - Growth,119095,76,44.48272502441944,50.926523943752116,55.78475443537226,61.08544266007961,70.29796545053674,56.1319
Axis Small Cap Fund - Regular - Growth,119095,77,44.53363168108407,50.79760400953637,55.762897168941876,61.03563840026317,70.38479082938856,56.1319
Axis Small Cap Fund - Regular - Growth,119095,78,44.462950800921654,50.76411258530819,55.75635325782859,61.07556652257974,70.58733489930569,56.1319
Axis Small Cap Fund - Regular - Growth,119095,79,44.27259105118968,50.76575374031828,55.77728275572345,61.14122631091727,70.70822498950976,56.1319
Axis Small Cap Fund - Regular - Growth,119095,80,44.22322091203304,50.74979086942457,55.77512839300215,61.19117539155539,70.66472901076334,56.1319
Axis Small Cap Fund - Regular - Growth,119095,81,44.14083234933752,50.683483455135146,55.7948006973303,61.1795156764615,70.93073934146916,56.1319
Axis Small Cap Fund - Regular - Growth,119095,82,44.111937709782175,50.58439510435286,55.771554296986324,61.271387624486294,70.95385005469831,56.1319
Axis Small Cap Fund - Regular - Growth,119095,83,44.07757366488283,50.560211097729834,55.77172720221239,61.31778847674998,71.09763766956225,56.1319
Axis Small Cap Fund - Regular - Growth,119095,84,43.9290966233069,50.52616492279218,55.764198073204,61.416827994548356,71.22583986220457,56.1319
Axis Small Cap Fund - Regular - Growth,119095,85,43.886617097987916,50.50166054875769,55.755677465768116,61.36941186229254,71.17902133126806,56.1319
Axis Small Cap Fund - Regular - Growth,119095,86,43.77790887121548,50.438442807362605,55.73683417788395,61.384397044019856,71.2827382043959,56.1319
Axis Small Cap Fund - Regular - Growth,119095,87,43.76117925102524,50.431874720371866,55.71922163136654,61.42051735097055,71.2826199573514,56.1319
Axis Small Cap Fund - Regular - Growth,119095,88,43.74076414254698,50.49365899749634,55.75034978268678,61.441426273896596,71.50546160376852,56.1319
Axis Small Cap Fund - Regular - Growth,119095,89,43.5628275001075,50.42505329639596,55.765303228395396,61.45210957297397,71.5705601065482,56.1319
Axis Small Cap Fund - Regular - Growth,119095,90,43.515101144274944,50.322399089120715,55.774818731029704,61.55264219294013,71.57534146765597,56.1319
Axis Small Cap Fund - Regular - Growth,119095,91,43.49120144140816,50.28730020534087,55.73074142468661,61.58293459984907,71.6438646415764,56.1319
Axis Small Cap Fund - Regular - Growth,119095,92,43.379199581857854,50.25446452779513,55.68469126891925,61.61895702843568,71.94362211058329,56.1319
Axis Small Cap Fund - Regular - Growth,119095,93,43.30474149463154,50.239817194667005,55.62865095116457,61.67315986614114,71.84040410295522,56.1319
Axis Small Cap Fund - Regular - Growth,119095,94,43.286604840882006,50.20226113565532,55.61625685349692,61.67972027021408,71.98577006858656,56.1319
Axis Small Cap Fund - Regular - Growth,119095,95,43.310224732761824,50.16508497271294,55.598862790681885,61.73464342240807,72.00673298216589,56.1319
Axis Small Cap Fund - Regular - Growth,119095,96,43.14439909370294,50.13648328797863,55.60654293597869,61.767356920603106,72.011672907922,56.1319
Axis Small Cap Fund - Regular - Growth,119095,97,43.202955793629336,50.10116314903743,55.57262124100528,61.76340364296429,72.27931523758267,56.1319
Axis Small Cap Fund - Regular - Growth,119095,98,43.08051382991104,50.09110835983307,55.5740545335196,61.82021978780574,72.33273095657292,56.1319
Axis Small Cap Fund - Regular - Growth,119095,99,42.936525413727786,50.03327167326597,55.483522220124826,61.876991796067045,72.45194398509953,56.1319
Axis Small Cap Fund - Regular - Growth,119095,100,42.958058745783795,49.99047342398547,55.529825716587766,61.93330552575968,72.49209069449766,56.1319
Axis Small Cap Fund - Regular - Growth,119095,101,42.93164434299482,50.015157359314514,55.47165634009676,61.995076306210336,72.59428029419449,56.1319
Axis Small Cap Fund - Regular - Growth,119095,102,42.79113408709518,50.00612651750143,55.4988967334897,61.966001548389556,72.87230810626798,56.1319
Axis Small Cap Fund - Regular - Growth,119095,103,42.76425987758108,49.92704923826689,55.51915186789401,62.0474268266941,72.84282382263856,56.1319
Axis Small Cap Fund - Regular - Growth,119095,104,42.74861865733893,49.91086774888904,55.52334257068867,62.06407008704361,72.76782903302185,56.1319
Axis Small Cap Fund - Regular - Growth,119095,105,42.724569666172734,49.85283935265396,55.49354094392152,62.035528768458335,72.92767595571867,56.1319
Axis Small Cap Fund - Regular - Growth,119095,106,42.541090432169014,49.874028294592556,55.52192113524221,62.041233440180655,72.92299989012608,56.1319
Axis Small Cap Fund - Regular - Growth,119095,107,42.63113409672497,49.78838158792989,55.53001568807882,61.978244096420866,73.15428418124054,56.1319
Axis Small Cap Fund - Regular - Growth,119095,108,42.58661947697919,49.73835129555708,55.51590254266854,61.98675352192197,73.21488846805177,56.1319
Axis Small Cap Fund - Regular - Growth,119095,109,42.544900574840966,49.6908789157329,55.49345035341615,62.0337679921917,73.29258610703509,56.1319
Axis Small Cap Fund - Regular - Growth,119095,110,42.446226774294644,49.71756213222568,55.50659500973073,62.13819773349149,73.35602539652047,56.1319
Axis Small Cap Fund - Regular - Growth,119095,111,42.3600540986984,49.72347717412478,55.54108810265203,62.20940490775848,73.42318325983301,56.1319
Axis Small Cap Fund - Regular - Growth,119095,112,42.30708279508923,49.63753691332546,55.55681447579789,62.13885584208536,73.56959795141279,56.1319
Axis Small Cap Fund - Regular - Growth,119095,113,42.27648279977914,49.607534193393086,55.518378628812734,62.18935144883958,73.72442330772165,56.1319
Axis Small Cap Fund - Regular - Growth,119095,114,42.20232339176394,49.553786504695324,55.55011028233222,62.1518352216931,73.68381623541266,56.1319
Axis Small Cap Fund - Regular - Growth,119095,115,42.11250447597049,49.471843468275104,55.467992126437885,62.16867020856746,73.64832332537128,56.1319
Axis Small Cap Fund - Regular - Growth,119095,116,42.061712544776604,49.50536173505061,55.511211398920935,62.17516752848799,73.84972214550451,56.1319
Axis Small Cap Fund - Regular - Growth,119095,117,42.10212758500779,49.5343369292191,55.53305488554192,62.229619490751276,73.83321058435128,56.1319
Axis Small Cap Fund - Regular - Growth,119095,118,42.10121750230943,49.49869830941154,55.49147968562511,62.23947017684178,73.8255317187598,56.1319
Axis Small Cap Fund - Regular - Growth,119095,119,42.03346646846951,49.48399007608446,55.613459672801305,62.254336497144294,73.88107823112469,56.1319
Axis Small Cap Fund - Regular - Growth,119095,120,41.9495717588954,49.43913338220041,55.5231752594934,62.35999048558711,73.88642160440926,56.1319
Axis Small Cap Fund - Regular - Growth,119095,121,41.8560155638411,49.34978658890884,55.51717386674961,62.22770099958717,73.9719529659563,56.1319
Axis Small Cap Fund - Regular - Growth,119095,122,41.786427298467444,49.33373818719682,55.511984505355,62.302422730791385,74.26747388435193,56.1319
Axis Small Cap Fund - Regular - Growth,119095,123,41.71118484297367,49.247710162218105,55.55551756423789,62.354967660014466,74.13246263695528,56.1319
Axis Small Cap Fund - Regular - Growth,119095,124,41.669804266929965,49.27216071846426,55.52953602575289,62.3415780228007,74.1312860646061,56.1319
Axis Small Cap Fund - Regular - Growth,119095,125,41.61583745587844,49.230405688271375,55.5337677513148,62.36606967832357,74.45805889178195,56.1319
Axis Small Cap Fund - Regular - Growth,119095,126,41.52072989278775,49.08801063193721,55.61365815102117,62.45554193653255,74.4207015310917,56.1319
Axis Small Cap Fund - Regular - Growth,119095,127,41.40290537168275,49.12803654017782,55.542468914368655,62.50192376943283,74.46022895360503,56.1319
Axis Small Cap Fund - Regular - Growth,119095,128,41.37705166046758,49.086662114215365,55.551897193276716,62.43251663149545,74.37973653983794,56.1319
Axis Small Cap Fund - Regular - Growth,119095,129,41.27046957461776,49.0806914797048,55.535280660798925,62.466629620270695,74.42508919140815,56.1319
Axis Small Cap Fund - Regular - Growth,119095,130,41.27216388121269,49.0495644675031,55.535900223184896,62.478496780139054,74.5036964880467,56.1319
Axis Small Cap Fund - Regular - Growth,119095,131,41.1098871967171,49.01787938295289,55.5086268939614,62.4935603374395,74.6665153921912,56.1319
Axis Small Cap Fund - Regular - Growth,119095,132,41.082121943556444,49.030496252479054,55.45976376989158,62.558086740546486,74.65189848313449,56.1319
Axis Small Cap Fund - Regular - Growth,119095,133,41.04622892712074,48.985903566642165,55.44006605025574,62.6051891387424,74.56318097711122,56.1319
Axis Small Cap Fund - Regular - Growth,119095,134,41.04497057491328,48.98293462544014,55.48104062096653,62.69682284985255,74.6201434809288,56.1319
Axis Small Cap Fund - Regular - Growth,119095,135,40.960987317020404,48.989033075039835,55.471153144183596,62.69803678367412,74.68584474554157,56.1319
Axis Small Cap Fund - Regular - Growth,119095,136,40.83961153468295,48.86999207368825,55.439483995202956,62.71903467497807,74.67042069989375,56.1319
Axis Small Cap Fund - Regular - Growth,119095,137,40.79300846368765,48.898141270944535,55.489691327235036,62.809599368603784,74.99261722090185,56.1319
Axis Small Cap Fund - Regular - Growth,119095,138,40.77714147802775,48.84834199381662,55.424620126897295,62.8397959491331,74.825670970475,56.1319
Axis Small Cap Fund - Regular - Growth,119095,139,40.7990788400825,48.86054726040671,55.35067955140722,62.71921326741369,74.88097099469695,56.1319
Axis Small Cap Fund - Regular - Growth,119095,140,40.757800428747935,48.812534925149755,55.374250668775474,62.74767249355726,74.96047674952094,56.1319
Axis Small Cap Fund - Regular - Growth,119095,141,40.67350355424886,48.80555227722276,55.411482480963656,62.84534723040991,74.98550604527544,56.1319
Axis Small Cap Fund - Regular - Growth,119095,142,40.60702742040303,48.79444741664324,55.36209724130228,62.839555463230724,75.15641044707803,56.1319
Axis Small Cap Fund - Regular - Growth,119095,143,40.667476164488185,48.78490144289603,55.33427462460372,62.75476481149626,75.23449858798679,56.1319
Axis Small Cap Fund - Regular - Growth,119095,144,40.48066605987486,48.74918276339274,55.38915050957132,62.727263243727975,75.33912311805538,56.1319
Axis Small Cap Fund - Regular - Growth,119095,145,40.624164184200325,48.7043466509092,55.34619369349892,62.803329212936674,75.36619262042267,56.1319
Axis Small Cap Fund - Regular - Growth,119095,146,40.48937646945071,48.680633957844265,55.25246209177908,62.81558772316387,75.53160852001596,56.1319
Axis Small Cap Fund - Regular - Growth,119095,147,40.35874507804887,48.562167940019236,55.27911062640795,62.833045217647225,75.75370064788972,56.1319
Axis Small Cap Fund - Regular - Growth,119095,148,40.380103671117475,48.63747273486545,55.294439328637914,62.946375817351374,75.61171071889923,56.1319
Axis Small Cap Fund - Regular - Growth,119095,149,40.158082064457375,48.61801228343616,55.332067625756835,62.99203145700994,75.64772253943191,56.1319
Axis Small Cap Fund - Regular - Growth,119095,150,40.21685347497116,48.50739465961355,55.36326947369618,62.9231148150704,75.78229899085208,56.1319
Axis Small Cap Fund - Regular - Growth,119095,151,40.156520411186676,48.513251534393916,55.392700961884046,62.9553772261674,75.83428992870239,56.1319
Axis Small Cap Fund - Regular - Growth,119095,152,40.03579221207331,48.54253905172089,55.40974327339676,63.127945857169735,76.01193767989582,56.1319
Axis Small Cap Fund - Regular - Growth,119095,153,40.035567490446844,48.523752988930575,55.32844049360159,63.063482152023106,76.1020142476851,56.1319
Axis Small Cap Fund - Regular - Growth,119095,154,40.02212823097163,48.48441861897258,55.31839339618251,63.171667475683094,76.20867402547154,56.1319
Axis Small Cap Fund - Regular - Growth,119095,155,39.982594727228786,48.483083018037014,55.367472996512085,63.085860899839936,76.36143058801274,56.1319
Axis Small Cap Fund - Regular - Growth,119095,156,39.952554918250804,48.477200479178606,55.31319913364291,63.08041360411501,76.39103063924783,56.1319
Axis Small Cap Fund - Regular - Growth,119095,157,39.84069750538158,48.47571309084895,55.32136885886153,63.225381649221475,76.41540150277689,56.1319
Axis Small Cap Fund - Regular - Growth,119095,158,39.81570422371191,48.4628901720372,55.32924970921814,63.18208626480717,76.65746643705258,56.1319
Axis Small Cap Fund - Regular - Growth,119095,159,39.82637772402753,48.403674127766465,55.25202440221538,63.27726765540443,76.83174950648508,56.1319
Axis Small Cap Fund - Regular - Growth,119095,160,39.702178754612916,48.38101066022732,55.27840539234368,63.25414827123705,76.80234925322297,56.1319
Axis Small Cap Fund - Regular - Growth,119095,161,39.717202021534014,48.353838518367,55.33348532248462,63.11044828980606,76.96541033619226,56.1319
Axis Small Cap Fund - Regular - Growth,119095,162,39.692888900553264,48.28459822330268,55.3040541569237,63.20019390796396,76.91312241697162,56.1319
Axis Small Cap Fund - Regular - Growth,119095,163,39.62706286406678,48.2707046838468,55.3260691742298,63.20821427099856,76.97819186249839,56.1319
Axis Small Cap Fund - Regular - Growth,119095,164,39.61346002511042,48.20334111587847,55.304699211619464,63.266660437302605,76.97021310322445,56.1319
Axis Small Cap Fund - Regular - Growth,119095,165,39.62083806920857,48.186134106982934,55.28668377475985,63.36950990246451,77.20884341988531,56.1319
Axis Small Cap Fund - Regular - Growth,119095,166,39.57802357336881,48.149389701130254,55.2596567863212,63.426375293085606,77.15570502240851,56.1319
Axis Small Cap Fund - Regular - Growth,119095,167,39.65880663076394,48.10260508739402,55.20548966668708,63.41859339981589,77.12688791913142,56.1319
Axis Small Cap Fund - Regular - Growth,119095,168,39.608201289455344,48.04382199442346,55.26112952861014,63.36505494111224,77.23287074236349,56.1319
Axis Small Cap Fund - Regular - Growth,119095,169,39.5970088909742,48.024758399414395,55.298986642150936,63.39731354541021,77.3616930647014,56.1319
Axis Small Cap Fund - Regular - Growth,119095,170,39.58693843402429,48.059829726417355,55.23969750630331,63.46381260230253,77.37290486470204,56.1319
Axis Small Cap Fund - Regular - Growth,119095,171,39.44240764305539,47.999406324647566,55.250604856630204,63.36564401412967,77.63629545318467,56.1319
Axis Small Cap Fund - Regular - Growth,119095,172,39.4191182088066,47.9602275116736,55.246382245769624,63.4653955018628,77.51570459730081,56.1319
Axis Small Cap Fund - Regular - Growth,119095,173,39.38270179019004,47.929705729096035,55.15189175119545,63.43849608374805,77.56344654756383,56.1319
Axis Small Cap Fund - Regular - Growth,119095,174,39.41857094083073,47.97460141822453,55.20958092271361,63.521430346112844,77.63445693478697,56.1319
Axis Small Cap Fund - Regular - Growth,119095,175,39.29277979782669,47.853090971794174,55.189758328225906,63.58083343367132,77.74995301986712,56.1319
Axis Small Cap Fund - Regular - Growth,119095,176,39.181030361217736,47.93804114617062,55.17831689926599,63.59472071032183,77.95284256228989,56.1319
Axis Small Cap Fund - Regular - Growth,119095,177,39.16168965733323,47.945401283830236,55.166258647393796,63.6018890218972,77.99522254696635,56.1319
Axis Small Cap Fund - Regular - Growth,119095,178,39.10355858117562,47.87045452326593,55.215661219417875,63.53754303902307,78.13289061043584,56.1319
Axis Small Cap Fund - Regular - Growth,119095,179,38.9927709409055,47.87370537240457,55.16787936019795,63.59387530556941,78.20495252055642,56.1319
Axis Small Cap Fund - Regular - Growth,119095,180,38.977276109819506,47.82146043040248,55.23234051221051,63.56137329086041,78.19282545698135,56.1319
Axis Small Cap Fund - Regular - Growth,119095,181,38.906371849915836,47.8315573551008,55.25451566287508,63.54871418262321,78.35108888578769,56.1319
Axis Small Cap Fund - Regular - Growth,119095,182,38.92826567816388,47.80852471774958,55.22662324621389,63.57993404378682,78.60999582502083,56.1319
Axis Small Cap Fund - Regular - Growth,119095,183,38.89062052364468,47.68728763146178,55.15868464048512,63.60691155651061,78.38183694391402,56.1319
Axis Small Cap Fund - Regular - Growth,119095,184,38.826296409748416,47.66173488610854,55.18327645879847,63.60175941384756,78.59673052907405,56.1319
Axis Small Cap Fund - Regular - Growth,119095,185,38.79772175561155,47.6929630443289,55.172829691524,63.62363191136927,78.70936637856346,56.1319
Axis Small Cap Fund - Regular - Growth,119095,186,38.778653692545305,47.70402991693083,55.19028524367114,63.57735868255723,78.7942032470755,56.1319
Axis Small Cap Fund - Regular - Growth,119095,187,38.83858605947306,47.64964947146705,55.145481952417974,63.592559956944626,78.81300991721808,56.1319
Axis Small Cap Fund - Regular - Growth,119095,188,38.76094067024493,47.631109188056286,55.18298037963462,63.685466713724246,78.76498954924986,56.1319
Axis Small Cap Fund - Regular - Growth,119095,189,38.674134456061104,47.59314363787087,55.188734700044606,63.790355723635095,78.81472862051004,56.1319
Axis Small Cap Fund - Regular - Growth,119095,190,38.63587095707114,47.54711914248824,55.200165662721986,63.69237623506139,78.66398498014672,56.1319
Axis Small Cap Fund - Regular - Growth,119095,191,38.5723767910618,47.513551628905816,55.184503883066455,63.706900215138745,78.6579575433033,56.1319
Axis Small Cap Fund - Regular - Growth,119095,192,38.476300080680346,47.54303533246032,55.14859135652641,63.76801560274923,78.63403012530667,56.1319
Axis Small Cap Fund - Regular - Growth,119095,193,38.42997338160199,47.46337452775172,55.17003740617757,63.74850376815151,78.92806584400594,56.1319
Axis Small Cap Fund - Regular - Growth,119095,194,38.43034563387051,47.44465700313704,55.18105201985616,63.743736339609974,78.73673478939752,56.1319
Axis Small Cap Fund - Regular - Growth,119095,195,38.48939935522843,47.456766341084546,55.137473740735,63.81399775533252,78.73853464499226,56.1319
Axis Small Cap Fund - Regular - Growth,119095,196,38.35315994247902,47.48809604732058,55.11369833084271,63.78639289895308,78.97226039041102,56.1319
Axis Small Cap Fund - Regular - Growth,119095,197,38.31387178205107,47.46664317245603,55.13629606156388,63.80563464466357,78.75226252095625,56.1319
Axis Small Cap Fund - Regular - Growth,119095,198,38.21374445453656,47.4483028060589,55.01594619984044,63.7840017309654,78.82739537154002,56.1319
Axis Small Cap Fund - Regular - Growth,119095,199,38.279552673155045,47.41325519520538,55.02897277252556,63.82964099519948,78.81442947378694,56.1319
Axis Small Cap Fund - Regular - Growth,119095,200,38.33379254304893,47.40039061391995,55.0487155253066,63.80860500160489,79.07419583632016,56.1319
Axis Small Cap Fund - Regular - Growth,119095,201,38.177660907338286,47.3865082803165,55.08340646209167,63.78913240776632,79.12088352555952,56.1319
Axis Small Cap Fund - Regular - Growth,119095,202,38.19306440329038,47.38654784139376,55.08918739116269,63.76170313903819,79.24080468500411,56.1319
Axis Small Cap Fund - Regular - Growth,119095,203,38.115252358403986,47.354876283471725,55.176417986252005,63.942125983299896,79.23354707923106,56.1319
Axis Small Cap Fund - Regular - Growth,119095,204,38.10836415433458,47.383570821729876,55.13594283068632,63.979711937717326,79.14577656162732,56.1319
Axis Small Cap Fund - Regular - Growth,119095,205,38.05971338567751,47.34398106774949,55.15952224591419,63.9510577877012,79.4023587224285,56.1319
Axis Small Cap Fund - Regular - Growth,119095,206,38.10031417713754,47.31198136399784,55.14141860750448,63.962033366130015,79.3979832215337,56.1319
Axis Small Cap Fund - Regular - Growth,119095,207,37.967484059159304,47.301077053550564,55.15249056109508,63.917051584484184,79.34381170305274,56.1319
Axis Small Cap Fund - Regular - Growth,119095,208,38.005854933871504,47.245143217112826,55.18822792957803,63.97825070889371,79.4761885843583,56.1319
Axis Small Cap Fund - Regular - Growth,119095,209,37.98829676744651,47.21390157051623,55.181250275937245,63.92240438928345,79.58501952442148,56.1319
Axis Small Cap Fund - Regular - Growth,119095,210,37.939706092037454,47.19218618610399,55.241668373811365,63.94976530433897,79.68783164967874,56.1319
Axis Small Cap Fund - Regular - Growth,119095,211,37.88458972941673,47.110724664976075,55.28789116594599,63.9678957677982,79.67033897737355,56.1319
Axis Small Cap Fund - Regular - Growth,119095,212,37.87878253479894,47.11222493696369,55.33272138860298,64.05350154437912,79.87455895345322,56.1319
Axis Small Cap Fund - Regular - Growth,119095,213,37.80797112211849,47.04138475967085,55.28227919785474,64.09296171184896,80.1130925883769,56.1319
Axis Small Cap Fund - Regular - Growth,119095,214,37.72601419743406,47.076882367017916,55.25137669963043,64.07127038231292,79.91977148558146,56.1319
Axis Small Cap Fund - Regular - Growth,119095,215,37.779979620114815,47.12069142084523,55.24802273256783,64.1577267824332,79.97287126295998,56.1319
Axis Small Cap Fund - Regular - Growth,119095,216,37.88092243500569,47.154455163830804,55.22358588140263,64.0965268175884,79.95544820435474,56.1319
Axis Small Cap Fund - Regular - Growth,119095,217,37.75421997090456,47.1176064815626,55.14425790461134,64.17388377295158,80.11020414220457,56.1319
Axis Small Cap Fund - Regular - Growth,119095,218,37.7761838963631,47.109890031690654,55.25632454745174,64.32399371568744,80.17079010895777,56.1319
Axis Small Cap Fund - Regular - Growth,119095,219,37.600247614582074,47.044790230237766,55.23217268166165,64.23492520113362,80.35579599346924,56.1319
Axis Small Cap Fund - Regular - Growth,119095,220,37.62964727163723,47.08561531511567,55.28905852631164,64.2572000945005,80.3961731717348,56.1319
Axis Small Cap Fund - Regular - Growth,119095,221,37.52330530336156,46.966092005745516,55.1998148250003,64.27769344535217,80.4185951011418,56.1319
Axis Small Cap Fund - Regular - Growth,119095,222,37.58116747749734,47.017299822888674,55.17713541753007,64.40576969255468,80.45282985425051,56.1319
Axis Small Cap Fund - Regular - Growth,119095,223,37.60032636195217,47.02146146150552,55.077303132357706,64.46176680258566,80.62153836460476,56.1319
Axis Small Cap Fund - Regular - Growth,119095,224,37.51127932429278,47.00693238703262,55.07587747602316,64.45601679909666,80.6571570584887,56.1319
Axis Small Cap Fund - Regular - Growth,119095,225,37.452668284053566,46.95035221324195,55.129452157795086,64.48114622010857,80.73971483640244,56.1319
Axis Small Cap Fund - Regular - Growth,119095,226,37.46864526218743,46.97758548848338,55.088152772338745,64.47526796596586,80.86821217587662,56.1319
Axis Small Cap Fund - Regular - Growth,119095,227,37.36014707218477,46.99038788399653,54.98999292605389,64.51781281385723,80.94819695030355,56.1319
Axis Small Cap Fund - Regular - Growth,119095,228,37.45384872433524,46.89057953113061,55.029045867456205,64.50435622210009,80.98134927394743,56.1319
Axis Small Cap Fund - Regular - Growth,119095,229,37.40646939840393,46.87481061370029,55.047699645148825,64.57291897708602,81.17836075616076,56.1319
Axis Small Cap Fund - Regular - Growth,119095,230,37.36406925827552,46.949127403331055,55.031425910734384,64.57966163181717,81.243942678808,56.1319
Axis Small Cap Fund - Regular - Growth,119095,231,37.33420321727866,46.86225698839987,55.0455143670129,64.50209363772056,81.01280335725994,56.1319
Axis Small Cap Fund - Regular - Growth,119095,232,37.26049426248114,46.83787659770792,55.00761686014112,64.57746186983913,81.2354524441358,56.1319
Axis Small Cap Fund - Regular - Growth,119095,233,37.299013511958606,46.78206377746456,55.0310078388285,64.57532142820277,81.4358139981495,56.1319
Axis Small Cap Fund - Regular - Growth,119095,234,37.128572620581295,46.844850488798876,55.020519120026776,64.61872985214073,81.51384543812432,56.1319
Axis Small Cap Fund - Regular - Growth,119095,235,37.24185378270763,46.7618356617714,55.0365270998919,64.63495192455092,81.53349521986698,56.1319
Axis Small Cap Fund - Regular - Growth,119095,236,37.27696338176505,46.74810841726732,55.03555487387159,64.70434842284155,81.54948217803013,56.1319
Axis Small Cap Fund - Regular - Growth,119095,237,37.14688372281313,46.71765594001761,55.027466991933366,64.74457045180498,81.62562871072181,56.1319
Axis Small Cap Fund - Regular - Growth,119095,238,37.093648317066894,46.71884796591568,55.07589787637596,64.65419677492304,81.75424989192128,56.1319
Axis Small Cap Fund - Regular - Growth,119095,239,37.040016831420964,46.718301782396004,55.08278021028128,64.70628873075844,82.00648434650448,56.1319
Axis Small Cap Fund - Regular - Growth,119095,240,36.9432818530953,46.70006491423168,55.05169309753639,64.73442518402581,81.94905111159596,56.1319
Axis Small Cap Fund - Regular - Growth,119095,241,36.778825574450295,46.65233577644637,55.07894606330521,64.80912978265967,81.96976222714967,56.1319
Axis Small Cap Fund - Regular - Growth,119095,242,36.82569929306269,46.68609787781889,54.98790772313076,64.74639924647796,82.06529226686517,56.1319
Axis Small Cap Fund - Regular - Growth,119095,243,36.86204689689743,46.70767959735908,55.01999033878981,64.86550727740001,82.05539530262519,56.1319
Axis Small Cap Fund - Regular - Growth,119095,244,36.78973266432627,46.663688777783605,54.98609894139882,64.79347309890869,82.05936624370808,56.1319
Axis Small Cap Fund - Regular - Growth,119095,245,36.76681450622804,46.660136662504996,54.98147348526629,64.88666943680911,82.14507916722545,56.1319
Axis Small Cap Fund - Regular - Growth,119095,246,36.83693552605852,46.5705913564535,54.901608697680416,64.7708528592982,82.20509324482413,56.1319
Axis Small Cap Fund - Regular - Growth,119095,247,36.782252565915506,46.62910403706339,54.907812312057814,64.75628861079417,82.2134613632607,56.1319
Axis Small Cap Fund - Regular - Growth,119095,248,36.67808588717335,46.57731399395082,54.88300445389875,64.88032086040305,82.26428102077553,56.1319
Axis Small Cap Fund - Regular - Growth,119095,249,36.77393028430241,46.488030167687164,54.90206511130694,64.8988506729761,82.25045112088934,56.1319
Axis Small Cap Fund - Regular - Growth,119095,250,36.64147250295042,46.565350798579175,54.86301344987545,64.91115102943704,82.67780022715354,56.1319
Axis Small Cap Fund - Regular - Growth,119095,251,36.63297866634098,46.62500626929862,54.90553550191776,64.89228466905836,82.5964371959794,56.1319
Axis Small Cap Fund - Regular - Growth,119095,252,36.73381321584531,46.61003533859114,54.879041523471884,64.97078600792949,82.78964717961122,56.1319
Axis Small Cap Fund - Regular - Growth,119095,253,36.67352207618133,46.48932496141826,55.011372031157926,65.04489407001574,82.98390943768484,56.1319
Axis Small Cap Fund - Regular - Growth,119095,254,36.55853970914829,46.47802947535313,54.95262526403718,65.00771639571133,82.77883268105266,56.1319
Axis Small Cap Fund - Regular - Growth,119095,255,36.61268392800785,46.49124302170614,54.89747105783569,65.04730866582659,82.8247526532223,56.1319
Axis Small Cap Fund - Regular - Growth,119095,256,36.55906147929132,46.500053607692706,54.86273049893984,64.97446149553171,82.76133333622876,56.1319
Axis Small Cap Fund - Regular - Growth,119095,257,36.55950344123002,46.492038598159525,54.91650659226397,65.0882472806591,83.05151321624943,56.1319
Axis Small Cap Fund - Regular - Growth,119095,258,36.52822733878024,46.450082590002225,54.858323221355036,65.04032819440646,82.93023855516427,56.1319
Axis Small Cap Fund - Regular - Growth,119095,259,36.5511341711364,46.44972278912765,54.92630564315035,65.05128675960302,82.7620314124653,56.1319
Axis Small Cap Fund - Regular - Growth,119095,260,36.51153097799605,46.42954462988888,54.94786512533639,65.02020914021074,82.7505096729945,56.1319
Axis Small Cap Fund - Regular - Growth,119095,261,36.43652482085653,46.44754275386323,54.818575782070255,65.15238184508074,82.66596145554713,56.1319
Axis Small Cap Fund - Regular - Growth,119095,262,36.32945942256492,46.392225813460755,54.76323520353278,65.0903843132352,83.00876418040873,56.1319
Axis Small Cap Fund - Regular - Growth,119095,263,36.28323796685939,46.34265524912577,54.766716291599906,65.18029037905312,83.00609294805257,56.1319
Axis Small Cap Fund - Regular - Growth,119095,264,36.32463685965505,46.333328637028984,54.79542631089611,65.23955379045591,83.172391241887,56.1319
Axis Small Cap Fund - Regular - Growth,119095,265,36.42838562785449,46.3384024655728,54.79707086611735,65.23499443702154,83.2018382863757,56.1319
Axis Small Cap Fund - Regular - Growth,119095,266,36.27382024481884,46.27519695110129,54.80878845628849,65.16310086949517,83.41231398132956,56.1319
Axis Small Cap Fund - Regular - Growth,119095,267,36.24029533843115,46.288561702491705,54.78361242933045,65.31922367171975,83.71456311321701,56.1319
Axis Small Cap Fund - Regular - Growth,119095,268,36.19287967750731,46.27457676969843,54.783954914455876,65.385018564288,83.52910250269956,56.1319
Axis Small Cap Fund - Regular - Growth,119095,269,36.18919873167987,46.29216031045756,54.764030426745435,65.2436477747626,83.58563064511031,56.1319
Axis Small Cap Fund - Regular - Growth,119095,270,36.156574302947014,46.3407962281934,54.79198244630677,65.27489338821582,83.93248510176302,56.1319
Axis Small Cap Fund - Regular - Growth,119095,271,36.133061199873744,46.322052751947645,54.79481480838044,65.2644274831339,83.92089142052187,56.1319
Axis Small Cap Fund - Regular - Growth,119095,272,36.04593121980886,46.240437649983804,54.865102240986246,65.2815199135705,84.01789409986975,56.1319
Axis Small Cap Fund - Regular - Growth,119095,273,35.92007364453701,46.25572750505467,54.82440469608835,65.3336769170607,84.25325948811957,56.1319
Axis Small Cap Fund - Regular - Growth,119095,274,35.9077363084226,46.23082109468219,54.78571071909342,65.33904100811387,84.23473466949187,56.1319
Axis Small Cap Fund - Regular - Growth,119095,275,35.84328614017587,46.20413596596626,54.75083390426008,65.31910707181959,84.38916883448512,56.1319
Axis Small Cap Fund - Regular - Growth,119095,276,35.773856130128024,46.16675498306711,54.82026554163336,65.36741298315539,84.31481553757787,56.1319
Axis Small Cap Fund - Regular - Growth,119095,277,35.6230078213398,46.05859291819917,54.78057167534992,65.39427217786253,84.53579396607883,56.1319
Axis Small Cap Fund - Regular - Growth,119095,278,35.62716412120921,46.12131382488881,54.83857946333783,65.48377435304276,84.61948165013447,56.1319
Axis Small Cap Fund - Regular - Growth,119095,279,35.60887553518398,46.071454816264065,54.76362901352468,65.34015737712305,84.54190165511629,56.1319
Axis Small Cap Fund - Regular - Growth,119095,280,35.72823756111483,46.061217073743634,54.80048188164565,65.25014331254394,84.45795586613366,56.1319
Axis Small Cap Fund - Regular - Growth,119095,281,35.63519151631999,46.02851620536927,54.81932153558935,65.27975124495624,84.55084621234789,56.1319
Axis Small Cap Fund - Regular - Growth,119095,282,35.67445856645369,45.9006279539574,54.77684236006205,65.2723296277205,84.68722346185717,56.1319
Axis Small Cap Fund - Regular - Growth,119095,283,35.615814789047995,45.952013599281365,54.76616871886492,65.36908623580696,84.61438592095658,56.1319
Axis Small Cap Fund - Regular - Growth,119095,284,35.53785652457485,45.914074634539105,54.65571355195566,65.2777196989545,84.61246140816787,56.1319
Axis Small Cap Fund - Regular - Growth,119095,285,35.53856531875268,45.87976484679233,54.69276637516921,65.35866789706913,84.54643896512992,56.1319
Axis Small Cap Fund - Regular - Growth,119095,286,35.48877108819974,45.828025011013324,54.71259837185953,65.32772474576853,84.5885022018303,56.1319
Axis Small Cap Fund - Regular - Growth,119095,287,35.49658690014636,45.76069200554271,54.72776518960244,65.44066354913897,84.89539254414473,56.1319
Axis Small Cap Fund - Regular - Growth,119095,288,35.463700773944254,45.82628142018757,54.693417908684125,65.48442303927581,84.5737592306959,56.1319
Axis Small Cap Fund - Regular - Growth,119095,289,35.53263563944385,45.795929750553874,54.67970222798186,65.55333109893792,84.73248541204269,56.1319
Axis Small Cap Fund - Regular - Growth,119095,290,35.48040970219835,45.84297840002408,54.71584500613611,65.54395908817159,84.82620709942346,56.1319
Axis Small Cap Fund - Regular - Growth,119095,291,35.46484551922951,45.85372178162113,54.798109230509894,65.5283168336401,84.795017717243,56.1319
Axis Small Cap Fund - Regular - Growth,119095,292,35.3981584371542,45.85316926704118,54.734017228642486,65.60775561239933,84.95129019497278,56.1319
Axis Small Cap Fund - Regular - Growth,119095,293,35.32970982183848,45.80084071926597,54.7309301930899,65.5424497785771,85.19027534202426,56.1319
Axis Small Cap Fund - Regular - Growth,119095,294,35.34284719543435,45.83564476835085,54.71323363414959,65.59935650431302,85.12103224708248,56.1319
Axis Small Cap Fund - Regular - Growth,119095,295,35.34707065278638,45.83614293932543,54.72935469037971,65.51529709895647,85.18268164175795,56.1319
Axis Small Cap Fund - Regular - Growth,119095,296,35.30763016910077,45.73901115696663,54.80895113142415,65.56285293874458,85.3260468701097,56.1319
Axis Small Cap Fund - Regular - Growth,119095,297,35.2812810528943,45.71596152550349,54.70649369711535,65.48298166492607,85.33267602191924,56.1319
Axis Small Cap Fund - Regular - Growth,119095,298,35.12744694594971,45.777579965122285,54.682662845168984,65.53228274109004,85.43984393966637,56.1319
Axis Small Cap Fund - Regular - Growth,119095,299,35.18381125124186,45.68749396296937,54.79951674427106,65.59277707359891,85.30520587614541,56.1319
Axis Small Cap Fund - Regular - Growth,119095,300,35.10941568430581,45.76384780198542,54.78949424032061,65.71087396602107,85.52498077718465,56.1319
Axis Small Cap Fund - Regular - Growth,119095,301,35.0161187939007,45.68693077478106,54.73723634283008,65.78300565968581,85.53074611836723,56.1319
Axis Small Cap Fund - Regular - Growth,119095,302,34.97328640862395,45.63527031184366,54.77859220307909,65.73660140812594,85.5873244910183,56.1319
Axis Small Cap Fund - Regular - Growth,119095,303,34.8847598312602,45.61659246219746,54.754807040910364,65.71693775253559,85.70421970706232,56.1319
Axis Small Cap Fund - Regular - Growth,119095,304,34.88798031548795,45.570206618056886,54.815708261135484,65.78304302192731,85.65033789369473,56.1319
Axis Small Cap Fund - Regular - Growth,119095,305,34.94272353297541,45.652380589641076,54.67441709681967,65.71511411676984,85.82442774042894,56.1319
Axis Small Cap Fund - Regular - Growth,119095,306,34.91158454006955,45.55878175561152,54.65871156328844,65.78753304925063,85.64922983724269,56.1319
Axis Small Cap Fund - Regular - Growth,119095,307,34.93877298842069,45.58425424640004,54.73864920764176,65.83072380213109,85.62842473865156,56.1319
Axis Small Cap Fund - Regular - Growth,119095,308,34.987615588057835,45.5310068311471,54.66045986805787,65.85631321317194,85.82739403929696,56.1319
Axis Small Cap Fund - Regular - Growth,119095,309,34.91717888307168,45.5073195357669,54.63185246114503,65.836456539235,85.72879004758134,56.1319
Axis Small Cap Fund - Regular - Growth,119095,310,34.805312725261125,45.44393584074773,54.66119422707969,65.84378303384779,85.86921092506132,56.1319
Axis Small Cap Fund - Regular - Growth,119095,311,34.73797700407642,45.37236704585287,54.61760763685062,65.78618018122381,85.92118945992895,56.1319
Axis Small Cap Fund - Regular - Growth,119095,312,34.73533959461424,45.32080716306579,54.6090132426216,65.83647225246415,86.01860432422238,56.1319
Axis Small Cap Fund - Regular - Growth,119095,313,34.790046482038356,45.346455520015155,54.646833947014855,65.82544318718162,85.97854518166896,56.1319
Axis Small Cap Fund - Regular - Growth,119095,314,34.719439802785686,45.2828188194514,54.70795141800657,65.8297690609209,85.86314491685455,56.1319
Axis Small Cap Fund - Regular - Growth,119095,315,34.69087606545081,45.37562534135899,54.65803221478432,65.89152659519159,86.17642483388583,56.1319
Axis Small Cap Fund - Regular - Growth,119095,316,34.66360766499328,45.30185612474211,54.65298153737646,65.94914825159194,86.12305270599329,56.1319
Axis Small Cap Fund - Regular - Growth,119095,317,34.61825517597047,45.330248480442364,54.60491712346712,65.9916313554271,86.27912973763432,56.1319
Axis Small Cap Fund - Regular - Growth,119095,318,34.581460505195174,45.301759728573174,54.583935687813714,66.0739083124755,86.33684625788321,56.1319
Axis Small Cap Fund - Regular - Growth,119095,319,34.538150932763415,45.295549847708266,54.60960527845212,66.06495126150787,86.2768596735271,56.1319
Axis Small Cap Fund - Regular - Growth,119095,320,34.57247273235265,45.19644421559792,54.63405193586412,66.03310650374925,86.36366589473451,56.1319
Axis Small Cap Fund - Regular - Growth,119095,321,34.553583844860746,45.199859039195545,54.59533048646901,66.01272791664672,86.39184593689444,56.1319
Axis Small Cap Fund - Regular - Growth,119095,322,34.42726685716863,45.21392638003839,54.57786070015962,66.0495033056448,86.26394363878053,56.1319
Axis Small Cap Fund - Regular - Growth,119095,323,34.44226826936422,45.20828153661776,54.600126610347985,65.95629302879124,86.50736621567809,56.1319
Axis Small Cap Fund - Regular - Growth,119095,324,34.48385886954445,45.185271745950516,54.66943238660599,65.9928560524892,86.65410088519697,56.1319
Axis Small Cap Fund - Regular - Growth,119095,325,34.42125083548204,45.19678645487747,54.68512988531147,66.08856211145604,86.62799551499063,56.1319
Axis Small Cap Fund - Regular - Growth,119095,326,34.433832675893385,45.19068189795635,54.7166375828658,66.05813511519489,86.56744391518698,56.1319
Axis Small Cap Fund - Regular - Growth,119095,327,34.4183587267213,45.14998239767859,54.65854117348138,66.10004413889284,86.93543199876311,56.1319
Axis Small Cap Fund - Regular - Growth,119095,328,34.34937159368778,45.14264163695516,54.5923223462196,66.1531662306084,86.80704250729121,56.1319
Axis Small Cap Fund - Regular - Growth,119095,329,34.377730801017975,45.039846371543725,54.56123996894071,66.1426652292705,87.01676161888547,56.1319
Axis Small Cap Fund - Regular - Growth,119095,330,34.37988626433846,45.09055463086534,54.612929349685515,66.10447641755326,86.95197874558865,56.1319
Axis Small Cap Fund - Regular - Growth,119095,331,34.312533470913245,45.07240005118095,54.598192123548245,66.10738901080052,86.99281874796085,56.1319
Axis Small Cap Fund - Regular - Growth,119095,332,34.31347434888088,45.115476791849645,54.63474636331311,66.17699201513058,87.06191361434205,56.1319
Axis Small Cap Fund - Regular - Growth,119095,333,34.28259649304341,45.01079277904995,54.61473800350254,66.0564053365573,87.1988981959555,56.1319
Axis Small Cap Fund - Regular - Growth,119095,334,34.323410196198616,44.98501694597694,54.61592251233334,66.09980352292057,87.37580595504589,56.1319
Axis Small Cap Fund - Regular - Growth,119095,335,34.324792495726214,44.89648310437891,54.61954486538693,66.14190900428343,87.2928512155024,56.1319
Axis Small Cap Fund - Regular - Growth,119095,336,34.24221525620915,44.93201669099918,54.598790085682765,66.14225571157976,87.15902667412895,56.1319
Axis Small Cap Fund - Regular - Growth,119095,337,34.206282619356344,44.89661966840563,54.59041832786698,66.10494480380032,87.26063758835801,56.1319
Axis Small Cap Fund - Regular - Growth,119095,338,34.066614586909324,44.9149543552272,54.69852379890277,66.18914185970404,87.29144698528637,56.1319
Axis Small Cap Fund - Regular - Growth,119095,339,34.082938692135066,44.900312812785394,54.69618906636802,66.09361033196772,87.21511863440062,56.1319
Axis Small Cap Fund - Regular - Growth,119095,340,34.114669170002365,44.90069889523337,54.752120885364505,66.15805624752903,87.28801991870701,56.1319
Axis Small Cap Fund - Regular - Growth,119095,341,34.151813606948636,44.88378236590489,54.72457762739118,66.20894776664944,87.2311502430729,56.1319
Axis Small Cap Fund - Regular - Growth,119095,342,34.06362304138421,44.92691542872807,54.750907022144176,66.225934568361,87.37643668160987,56.1319
Axis Small Cap Fund - Regular - Growth,119095,343,34.042180440717665,44.92134138540193,54.80199971960333,66.25383944611949,87.40417131131348,56.1319
Axis Small Cap Fund - Regular - Growth,119095,344,34.04140433797982,44.93580457954141,54.77972992940279,66.29142164097675,87.5139229113244,56.1319
Axis Small Cap Fund - Regular - Growth,119095,345,33.87035686271922,44.891733744194745,54.8261091891104,66.27614472225245,87.671748457974,56.1319
Axis Small Cap Fund - Regular - Growth,119095,346,34.005785650467196,44.892751332625124,54.716481673308564,66.27145861933049,87.94567453906502,56.1319
Axis Small Cap Fund - Regular - Growth,119095,347,33.93031237308657,44.843794755755184,54.724536610192416,66.39160111769475,87.9496293739054,56.1319
Axis Small Cap Fund - Regular - Growth,119095,348,33.955861723113706,44.83799441092461,54.71087320445349,66.36062766957588,88.17245904268054,56.1319
Axis Small Cap Fund - Regular - Growth,119095,349,33.92650591046587,44.89160997112419,54.7535924534044,66.37779767209506,88.0106722084974,56.1319
Axis Small Cap Fund - Regular - Growth,119095,350,33.84033153731032,44.833799712653565,54.75515256875701,66.37316862261112,88.06440562216657,56.1319
Axis Small Cap Fund - Regular - Growth,119095,351,33.91004287604629,44.78665535806339,54.7263769162127,66.42853682797802,87.9516167177426,56.1319
Axis Small Cap Fund - Regular - Growth,119095,352,33.875879195673306,44.76028749303047,54.707122872810636,66.4392971706087,88.05965868820294,56.1319
Axis Small Cap Fund - Regular - Growth,119095,353,33.788015759256865,44.78290178504494,54.638899794290666,66.48051416882174,88.11098043947902,56.1319
Axis Small Cap Fund - Regular - Growth,119095,354,33.728388503704764,44.76155835851742,54.77649760417006,66.40629286846598,88.15349365026442,56.1319
Axis Small Cap Fund - Regular - Growth,119095,355,33.71341154682826,44.671078241994756,54.71555890604532,66.51879127277326,88.3000786474304,56.1319
Axis Small Cap Fund - Regular - Growth,119095,356,33.81019738700908,44.63593096869319,54.703613931513146,66.44642317689144,88.24758959508696,56.1319
Axis Small Cap Fund - Regular - Growth,119095,357,33.801226681535915,44.58738419690153,54.69232150469868,66.72516263066028,88.44699832602514,56.1319
Axis Small Cap Fund - Regular - Growth,119095,358,33.834093094470894,44.59365777855001,54.655782266344296,66.636747269101,88.5045844952909,56.1319
Axis Small Cap Fund - Regular - Growth,119095,359,33.73541721484288,44.57541285558788,54.65943840522257,66.61207349041854,88.79810551592475,56.1319
Axis Small Cap Fund - Regular - Growth,119095,360,33.679868021435595,44.592099829851556,54.6188290645117,66.63047086815266,88.95285613991254,56.1319
Axis Small Cap Fund - Regular - Growth,119095,361,33.64589816453308,44.61236151221259,54.53248053659464,66.64827608002624,88.72356477392533,56.1319
Axis Small Cap Fund - Regular - Growth,119095,362,33.64161383782324,44.571538820179,54.55665358255941,66.66819415739613,88.56964890094032,56.1319
Axis Small Cap Fund - Regular - Growth,119095,363,33.653431056984445,44.56036807768793,54.58272409965735,66.69196165817904,88.85175357387824,56.1319
Axis Small Cap Fund - Regular - Growth,119095,364,33.55969213097752,44.53075887214887,54.50903358561694,66.62158284672128,88.71748464405022,56.1319
Axis Small Cap Fund - Regular - Growth,119095,365,33.53017084852422,44.56241007004627,54.571651144547,66.78730544654968,88.99838176246736,56.1319
Axis Small Cap Fund - Regular - Growth,119095,366,33.484803793978635,44.59229325210344,54.57437102978818,66.72829335030903,89.24232180783832,56.1319
Axis Small Cap Fund - Regular - Growth,119095,367,33.377656776124766,44.57929516179929,54.55236385947731,66.83747719476709,89.36864464132799,56.1319
Axis Small Cap Fund - Regular - Growth,119095,368,33.413277415741256,44.60341169472723,54.63777900547261,66.88384805159458,89.41463510692265,56.1319
Axis Small Cap Fund - Regular - Growth,119095,369,33.299071833978,44.61690299803835,54.57510233647828,66.82479476851556,89.51784876084302,56.1319
Axis Small Cap Fund - Regular - Growth,119095,370,33.22447969516548,44.6371077667269,54.60205811627548,66.83481097265664,89.44820441552054,56.1319
Axis Small Cap Fund - Regular - Growth,119095,371,33.23952261215578,44.618105734606985,54.59079287974163,66.90139582490895,89.29636718989036,56.1319
Axis Small Cap Fund - Regular - Growth,119095,372,33.26226939412622,44.49169318627267,54.63463902768473,66.9964890132791,89.41703097877078,56.1319
Axis Small Cap Fund - Regular - Growth,119095,373,33.27927263564238,44.4409274119908,54.591797750957596,66.93875998729644,89.72279795703888,56.1319
Axis Small Cap Fund - Regular - Growth,119095,374,33.230653049342656,44.45580125053673,54.66246533535767,66.99709938050687,89.55015463702662,56.1319
Axis Small Cap Fund - Regular - Growth,119095,375,33.16448255995726,44.33595423915678,54.623680938345544,67.10019480832472,89.56581526614914,56.1319
Axis Small Cap Fund - Regular - Growth,119095,376,33.021162606703655,44.35539829367032,54.66925923024952,67.08799355344317,89.85352804134827,56.1319
Axis Small Cap Fund - Regular - Growth,119095,377,33.04602535441467,44.41976924148179,54.59371684148678,67.06947883690495,89.83862870435632,56.1319
Axis Small Cap Fund - Regular - Growth,119095,378,33.020346839595824,44.407064750908056,54.591798089931814,67.00566324515547,90.02436292912913,56.1319
Axis Small Cap Fund - Regular - Growth,119095,379,32.99590432813525,44.4168738732851,54.5296511085473,67.0816216998768,90.16454015662956,56.1319
Axis Small Cap Fund - Regular - Growth,119095,380,32.89574063403545,44.351743868898936,54.61660401025655,66.99875713982999,90.04262874113823,56.1319
Axis Small Cap Fund - Regular - Growth,119095,381,32.90142466697034,44.35435752576248,54.556603623734404,67.0697849412351,90.10417608815723,56.1319
Axis Small Cap Fund - Regular - Growth,119095,382,32.960684503000046,44.365545410520824,54.552039142441735,67.10227883790738,90.02989554845801,56.1319
Axis Small Cap Fund - Regular - Growth,119095,383,32.96265659116484,44.37541200060069,54.59241376867082,67.14659210796339,89.99377334500127,56.1319
Axis Small Cap Fund - Regular - Growth,119095,384,32.88006767780864,44.30432126303999,54.60403781262974,67.15020241042392,90.12323054076427,56.1319
Axis Small Cap Fund - Regular - Growth,119095,385,32.93116340539394,44.31369253691408,54.649482437669285,67.29211750633746,90.14818409043009,56.1319
Axis Small Cap Fund - Regular - Growth,119095,386,32.8601227577484,44.24662419154788,54.59205555510036,67.28619101292135,90.2613287135629,56.1319
Axis Small Cap Fund - Regular - Growth,119095,387,32.894005745180564,44.251594192296096,54.61754317622221,67.2550050890405,90.60552809143954,56.1319
Axis Small Cap Fund - Regular - Growth,119095,388,32.90928740701494,44.1743561642392,54.556531041150606,67.28699421836455,90.50864932563945,56.1319
Axis Small Cap Fund - Regular - Growth,119095,389,32.908588389414255,44.13176335159568,54.50743664050128,67.24888228036413,90.61033419381,56.1319
Axis Small Cap Fund - Regular - Growth,119095,390,32.9688152670357,44.078561355428874,54.570991729275846,67.2660215720816,90.55130508801227,56.1319
Axis Small Cap Fund - Regular - Growth,119095,391,32.84008230530183,44.0850202602714,54.542935034158795,67.29218747281627,90.6635769402406,56.1319
Axis Small Cap Fund - Regular - Growth,119095,392,32.922630669003766,44.07108919134572,54.48058329164026,67.28153036498622,90.516520190227,56.1319
Axis Small Cap Fund - Regular - Growth,119095,393,32.87985367259195,44.055529609272575,54.47305786214517,67.3186529778706,90.61564025572696,56.1319
Axis Small Cap Fund - Regular - Growth,119095,394,32.79530119345314,44.11854955651424,54.46309278609889,67.35967261907608,90.55121824208837,56.1319
Axis Small Cap Fund - Regular - Growth,119095,395,32.690885780087235,44.06065202698181,54.479571868017786,67.37910207983315,90.5439224767827,56.1319
Axis Small Cap Fund - Regular - Growth,119095,396,32.8260250648844,44.02253355553223,54.415614149493265,67.35586826277358,90.87441581540361,56.1319
Axis Small Cap Fund - Regular - Growth,119095,397,32.728448868915734,43.881575214465514,54.40526726527932,67.36987164819942,90.85324269193251,56.1319
Axis Small Cap Fund - Regular - Growth,119095,398,32.750838426064846,43.92146882716837,54.407627511166126,67.45509352337253,91.11580014640924,56.1319
Axis Small Cap Fund - Regular - Growth,119095,399,32.68288960087841,43.942689720890286,54.39591128849356,67.46511486276043,90.91723308827625,56.1319
Axis Small Cap Fund - Regular - Growth,119095,400,32.78848926426377,43.92792517509627,54.40571427062275,67.37928728423522,91.10767369006605,56.1319
Axis Small Cap Fund - Regular - Growth,119095,401,32.710670198033554,43.859445772546984,54.32516792710822,67.36298450216587,91.45148779595533,56.1319
Axis Small Cap Fund - Regular - Growth,119095,402,32.73990039761828,43.7999537064917,54.39249879739168,67.43173780519857,91.58332949659273,56.1319
Axis Small Cap Fund - Regular - Growth,119095,403,32.59073312314614,43.885162024312436,54.331061387337314,67.5947589142112,91.57261831318918,56.1319
Axis Small Cap Fund - Regular - Growth,119095,404,32.550754751355356,43.846152089365575,54.3403601124078,67.49877544229396,91.41182461998477,56.1319
Axis Small Cap Fund - Regular - Growth,119095,405,32.505872581950484,43.77170039489793,54.34465380690484,67.53748417264661,91.51186137503525,56.1319
Axis Small Cap Fund - Regular - Growth,119095,406,32.46055284858475,43.753309553379715,54.30993732415844,67.50058291268584,91.68197944088875,56.1319
Axis Small Cap Fund - Regular - Growth,119095,407,32.393109050170985,43.71859792209273,54.3290290161489,67.51647244653523,91.3102370613598,56.1319
Axis Small Cap Fund - Regular - Growth,119095,408,32.38143992660321,43.69381447617331,54.343521983831565,67.44615804041487,91.29457116072942,56.1319
Axis Small Cap Fund - Regular - Growth,119095,409,32.36712386210041,43.65298810117568,54.38040761294931,67.53740464578227,90.98764642724245,56.1319
Axis Small Cap Fund - Regular - Growth,119095,410,32.44117674046707,43.6945064106395,54.32128058722508,67.52918624140949,91.06284129748619,56.1319
Axis Small Cap Fund - Regular - Growth,119095,411,32.37381958749493,43.71118201099438,54.312108033258355,67.49170502324327,91.07300071081504,56.1319
Axis Small Cap Fund - Regular - Growth,119095,412,32.49963820226925,43.68062612442383,54.341932604299195,67.47869688107193,91.25198200569376,56.1319
Axis Small Cap Fund - Regular - Growth,119095,413,32.40940285769598,43.68577025642565,54.30035912616824,67.56113911325535,91.24790748325215,56.1319
Axis Small Cap Fund - Regular - Growth,119095,414,32.34554198273842,43.66623277072571,54.29757904567532,67.51355228285183,91.52963904614762,56.1319
Axis Small Cap Fund - Regular - Growth,119095,415,32.367014081220454,43.64077019431226,54.361108992823254,67.48387574956311,91.77439093259618,56.1319
Axis Small Cap Fund - Regular - Growth,119095,416,32.318546781922656,43.58705297058396,54.299386967369244,67.57860882166696,91.4504727742785,56.1319
Axis Small Cap Fund - Regular - Growth,119095,417,32.3759153412623,43.61685484078632,54.368848967812454,67.41860929035785,91.58920482263896,56.1319
Axis Small Cap Fund - Regular - Growth,119095,418,32.34702341687972,43.56142677169162,54.357558483230804,67.5369087411531,91.15407929050708,56.1319
Axis Small Cap Fund - Regular - Growth,119095,419,32.33783953296528,43.62856862931619,54.355571576017354,67.48926543968243,91.07445040098564,56.1319
Axis Small Cap Fund - Regular - Growth,119095,420,32.317703705622066,43.66000325763271,54.32839408410072,67.52070480243955,90.99241002949435,56.1319
Axis Small Cap Fund - Regular - Growth,119095,421,32.236929685683684,43.62840617627312,54.32667397305436,67.65313211661623,91.43363911339287,56.1319
Axis Small Cap Fund - Regular - Growth,119095,422,32.23315714420519,43.60196626394703,54.23239385519992,67.59265739925894,91.58765756466893,56.1319
Axis Small Cap Fund - Regular - Growth,119095,423,32.089741557163784,43.591413325989414,54.19512671533137,67.6174583292015,91.71702111982496,56.1319
Axis Small Cap Fund - Regular - Growth,119095,424,32.062221459540396,43.54641472870564,54.2194576525984,67.69354995011138,91.49191006464301,56.1319
Axis Small Cap Fund - Regular - Growth,119095,425,32.00320406462786,43.55123599925386,54.24247687297785,67.65785053398965,91.58477660249801,56.1319
Axis Small Cap Fund - Regular - Growth,119095,426,32.04259547707266,43.54125378018267,54.22499241402003,67.62646018224386,91.6003781715702,56.1319
Axis Small Cap Fund - Regular - Growth,119095,427,32.04895847135156,43.50986698764157,54.17748285616252,67.6981371715296,91.61217835202793,56.1319
Axis Small Cap Fund - Regular - Growth,119095,428,31.964575955220564,43.49335245283509,54.21562599811922,67.69417555315823,91.63580549746735,56.1319
Axis Small Cap Fund - Regular - Growth,119095,429,31.938054442068328,43.443424925739606,54.2745353402602,67.81257873783903,91.54949273987962,56.1319
Axis Small Cap Fund - Regular - Growth,119095,430,31.843893442020903,43.48885323000417,54.172568725736056,67.80584339661007,91.43551225474373,56.1319
Axis Small Cap Fund - Regular - Growth,119095,431,31.746366576242192,43.43870699201091,54.21132908664866,67.79319052549225,91.79519783818398,56.1319
Axis Small Cap Fund - Regular - Growth,119095,432,31.781484798745872,43.45330199182821,54.227664175073755,67.84418030630924,91.76447983917241,56.1319
Axis Small Cap Fund - Regular - Growth,119095,433,31.65437298215031,43.45778653945574,54.19844170192684,67.75540386368152,92.05542973958954,56.1319
Axis Small Cap Fund - Regular - Growth,119095,434,31.60063205899741,43.44848721183612,54.22245915132807,67.74261748469141,91.99449511061135,56.1319
Axis Small Cap Fund - Regular - Growth,119095,435,31.627921444039814,43.47213140189988,54.28238273777785,67.7467413304458,92.13698787348865,56.1319
Axis Small Cap Fund - Regular - Growth,119095,436,31.728277378985855,43.472180946469805,54.212679931173994,67.69822789443772,92.08189260774456,56.1319
Axis Small Cap Fund - Regular - Growth,119095,437,31.64932647587523,43.393702897126474,54.21894076898201,67.75305149180834,92.16883569532425,56.1319
Axis Small Cap Fund - Regular - Growth,119095,438,31.615410788653833,43.39914549038144,54.1835403580721,67.7888064757741,92.55537882511011,56.1319
Axis Small Cap Fund - Regular - Growth,119095,439,31.712703737750164,43.3251537392338,54.2075402340754,67.72461280416307,92.51740643430955,56.1319
Axis Small Cap Fund - Regular - Growth,119095,440,31.68172116835304,43.258922729188804,54.17641970211393,67.6916638270033,92.43533436929846,56.1319
Axis Small Cap Fund - Regular - Growth,119095,441,31.545123450135133,43.24050182049064,54.22057958442977,67.77919460997452,92.27315554033369,56.1319
Axis Small Cap Fund - Regular - Growth,119095,442,31.524203744345545,43.25040188645214,54.1425625144018,67.8464034254271,92.38172367719943,56.1319
Axis Small Cap Fund - Regular - Growth,119095,443,31.406706293102935,43.24316680117028,54.1853416466495,67.8621853165908,92.36115596184212,56.1319
Axis Small Cap Fund - Regular - Growth,119095,444,31.388839675065757,43.15985219792948,54.22087589453598,67.784817806522,92.46033298189987,56.1319
Axis Small Cap Fund - Regular - Growth,119095,445,31.41412966476025,43.13672224578535,54.13669801863561,67.88830374410306,92.52988679765373,56.1319
Axis Small Cap Fund - Regular - Growth,119095,446,31.29792422026374,43.28560401717074,54.23598829641662,67.96213605065734,92.55786483506733,56.1319
Axis Small Cap Fund - Regular - Growth,119095,447,31.31600694830487,43.25233814024897,54.25909278937674,67.85338463496372,92.62992495658219,56.1319
Axis Small Cap Fund - Regular - Growth,119095,448,31.335016267845532,43.20572771711332,54.25141536219186,67.87982878980189,92.84036116574228,56.1319
Axis Small Cap Fund - Regular - Growth,119095,449,31.36733855712339,43.184872271702275,54.14496768592068,67.86875550097805,92.85623935975293,56.1319
Axis Small Cap Fund - Regular - Growth,119095,450,31.294064003215205,43.207484728923916,54.15326655620851,67.89688343151896,92.8639970655702,56.1319
Axis Small Cap Fund - Regular - Growth,119095,451,31.27628595454789,43.16850835471255,54.15959954950985,67.90981080270872,92.8465771168446,56.1319
Axis Small Cap Fund - Regular - Growth,119095,452,31.274100043108934,43.09338884275236,54.164890978433526,67.84738079959152,93.03115381709236,56.1319
Axis Small Cap Fund - Regular - Growth,119095,453,31.302574895866634,43.11248599599124,54.12366862028435,67.87660588900205,93.13086024310316,56.1319
Axis Small Cap Fund - Regular - Growth,119095,454,31.191897154175578,43.105836226690734,54.180636736283304,67.8830028745285,92.78354059696218,56.1319
Axis Small Cap Fund - Regular - Growth,119095,455,31.16016314444323,43.08285245836255,54.156170040653734,67.99621219780109,93.33350160148287,56.1319
Axis Small Cap Fund - Regular - Growth,119095,456,31.16374353985339,43.140414066533474,54.18949854459346,67.9971080919374,93.1479469167669,56.1319
Axis Small Cap Fund - Regular - Growth,119095,457,31.14624120968868,43.11687678200202,54.152004492819174,68.12306791522204,93.40481155749609,56.1319
Axis Small Cap Fund - Regular - Growth,119095,458,31.08482871062216,43.13437726549706,54.1969850547753,68.07699349339795,93.16066423615165,56.1319
Axis Small Cap Fund - Regular - Growth,119095,459,31.081984643313064,43.10342473904956,54.13138387714818,68.02433185340118,93.13851057718115,56.1319
Axis Small Cap Fund - Regular - Growth,119095,460,30.96388062056402,43.05309089271413,54.12284850370529,67.95654439980031,93.01346435881028,56.1319
Axis Small Cap Fund - Regular - Growth,119095,461,30.940366563937904,43.07001807861926,54.099233337396264,68.04571250886654,93.36345148085542,56.1319
Axis Small Cap Fund - Regular - Growth,119095,462,30.892728831586812,42.95653234737123,54.10567924489784,68.0284187425799,93.27625205032197,56.1319
Axis Small Cap Fund - Regular - Growth,119095,463,30.912904703779333,42.97793930647971,54.13246452012629,68.15135624208617,93.12500344497579,56.1319
Axis Small Cap Fund - Regular - Growth,119095,464,30.876393961637223,42.894342060901266,54.073392966475055,68.1393457095985,93.10125222197833,56.1319
Axis Small Cap Fund - Regular - Growth,119095,465,30.85443809519056,42.92540319218954,53.99796039357807,68.13312183533387,93.51956244737575,56.1319
Axis Small Cap Fund - Regular - Growth,119095,466,30.958392588548787,42.82168222881048,54.10723889171666,68.13138424281547,93.42719509901532,56.1319
Axis Small Cap Fund - Regular - Growth,119095,467,30.963670981200345,42.90520771246568,54.0985143862098,68.12539225463046,93.29031508102344,56.1319
Axis Small Cap Fund - Regular - Growth,119095,468,30.902973621540767,42.8324692919283,54.213348505456636,68.01842359803703,93.32080128275635,56.1319
Axis Small Cap Fund - Regular - Growth,119095,469,30.815574345677728,42.78826539154915,54.19390963034918,68.0603865467994,93.4436862085137,56.1319
Axis Small Cap Fund - Regular - Growth,119095,470,30.847414936501643,42.774332996404205,54.20544806463556,67.96378592139793,93.51648415856967,56.1319
Axis Small Cap Fund - Regular - Growth,119095,471,30.774672352528984,42.74546039686097,54.20834469688981,68.04713931372933,93.7239059878641,56.1319
Axis Small Cap Fund - Regular - Growth,119095,472,30.77710512844214,42.69624013588535,54.13549503932286,67.97618365796077,93.74144289739401,56.1319
Axis Small Cap Fund - Regular - Growth,119095,473,30.756020829406783,42.731346138917196,54.23066926852928,68.08942128861707,93.63731054209484,56.1319
Axis Small Cap Fund - Regular - Growth,119095,474,30.65083799732763,42.6996423491913,54.13653949907109,68.20342843750144,93.8284364380947,56.1319
Axis Small Cap Fund - Regular - Growth,119095,475,30.598886783854184,42.61693052228341,54.123602389170884,68.20798724060238,93.95126298955307,56.1319
Axis Small Cap Fund - Regular - Growth,119095,476,30.604625871995196,42.70208912994306,54.177831972006665,68.20615570320274,94.01687999589514,56.1319
Axis Small Cap Fund - Regular - Growth,119095,477,30.626496302269224,42.67798022425415,54.25245322682643,68.15232473189593,93.98506358507349,56.1319
Axis Small Cap Fund - Regular - Growth,119095,478,30.59720059438983,42.69887020831668,54.23386397158399,68.19521581513153,94.0930493377957,56.1319
Axis Small Cap Fund - Regular - Growth,119095,479,30.561864599229104,42.76744078031175,54.22097834375829,68.11746103895916,94.4550804820583,56.1319
Axis Small Cap Fund - Regular - Growth,119095,480,30.59879202259164,42.73677728597758,54.137226159562424,68.35477137799455,94.44191901563589,56.1319
Axis Small Cap Fund - Regular - Growth,119095,481,30.549594174803875,42.685639358932605,54.129472726120454,68.43234592534122,94.29647876869423,56.1319
Axis Small Cap Fund - Regular - Growth,119095,482,30.600361157345013,42.68969217933068,54.15179068936876,68.4577332493197,94.33603855839446,56.1319
Axis Small Cap Fund - Regular - Growth,119095,483,30.41821433956679,42.67269533800013,54.13749145951628,68.38237711441549,94.26306642706625,56.1319
Axis Small Cap Fund - Regular - Growth,119095,484,30.390998382731212,42.64610629470792,54.07847917057794,68.41851685485207,94.49330819695675,56.1319
Axis Small Cap Fund - Regular - Growth,119095,485,30.381149999101794,42.50483638411292,54.12795819950988,68.53649834462986,94.5851560948621,56.1319
Axis Small Cap Fund - Regular - Growth,119095,486,30.488831682886396,42.566195493602834,54.096818151815285,68.49861938827578,94.97100941090697,56.1319
Axis Small Cap Fund - Regular - Growth,119095,487,30.45415827437427,42.501174230082405,54.044606865369204,68.512152157566,94.73153889071803,56.1319
Axis Small Cap Fund - Regular - Growth,119095,488,30.384652047153622,42.60807192544938,54.13665074449901,68.5120212513593,94.78237556856048,56.1319
Axis Small Cap Fund - Regular - Growth,119095,489,30.39756085495705,42.50544648484359,54.1035512554544,68.52312203598875,94.86193677150713,56.1319
Axis Small Cap Fund - Regular - Growth,119095,490,30.32017630421665,42.48284947070398,54.03349541686459,68.59006765970328,94.76266939260306,56.1319
Axis Small Cap Fund - Regular - Growth,119095,491,30.25573602182248,42.492549661505244,54.035289194741,68.52871452835379,94.6721301159766,56.1319
Axis Small Cap Fund - Regular - Growth,119095,492,30.250293917886665,42.497559376586786,54.06043037865866,68.45526730052455,94.97432588134957,56.1319
Axis Small Cap Fund - Regular - Growth,119095,493,30.26430562204081,42.489694419334164,54.03555993195884,68.64623444603072,94.9843650627171,56.1319
Axis Small Cap Fund - Regular - Growth,119095,494,30.272860407844533,42.35830698642812,53.92229237209923,68.4612341406574,94.9665245202557,56.1319
Axis Small Cap Fund - Regular - Growth,119095,495,30.28074932159345,42.33333593505175,54.042867136765224,68.43529411083071,94.83538118487509,56.1319
Axis Small Cap Fund - Regular - Growth,119095,496,30.175840307648258,42.338055454311444,54.06952676098179,68.51251733535446,94.96213304776789,56.1319
Axis Small Cap Fund - Regular - Growth,119095,497,30.218645610967545,42.36495968466288,54.06395313155065,68.63704660252483,94.93832772559578,56.1319
Axis Small Cap Fund - Regular - Growth,119095,498,30.182170090582797,42.362478804765786,54.093110097363265,68.45357509919872,94.7795241038889,56.1319
Axis Small Cap Fund - Regular - Growth,119095,499,30.212250697637554,42.31502690777223,54.02842539151476,68.50643314709214,94.60334492348179,56.1319
Axis Small Cap Fund - Regular - Growth,119095,500,30.16903447515619,42.2731561306965,54.04875891409192,68.54673729283361,95.2365010713344,56.1319
Axis Small Cap Fund - Regular - Growth,119095,501,30.03641727723568,42.31014483810812,54.0890157075512,68.62498278071521,95.31419835060629,56.1319
Axis Small Cap Fund - Regular - Growth,119095,502,29.96851123510162,42.33689982758513,54.04021429938253,68.54270116534184,95.28681287740322,56.1319
Axis Small Cap Fund - Regular - Growth,119095,503,29.945283325547795,42.44249273202792,54.00724020266679,68.57052014918459,95.38434382178681,56.1319
Axis Small Cap Fund - Regular - Growth,119095,504,30.046255595388743,42.341746561399724,54.10195035229465,68.5568559990125,95.63694563519404,56.1319
Axis Small Cap Fund - Regular - Growth,119095,505,29.902256977362853,42.375111024163175,54.11431891970966,68.55992490080766,95.5504211811985,56.1319
Axis Small Cap Fund - Regular - Growth,119095,506,29.888117925288096,42.42138602743131,54.00531890191311,68.56367151601212,95.54913630530042,56.1319
Axis Small Cap Fund - Regular - Growth,119095,507,29.954419647521895,42.475123061165085,54.0764854619183,68.52500333755617,95.41315472044545,56.1319
Axis Small Cap Fund - Regular - Growth,119095,508,29.927825784911956,42.36792649586358,54.04356757206672,68.61298746107997,95.44823376026571,56.1319
Axis Small Cap Fund - Regular - Growth,119095,509,29.910746487292727,42.33932034955261,53.997291369626595,68.79273137247488,95.46431154509526,56.1319
Axis Small Cap Fund - Regular - Growth,119095,510,29.95005424740849,42.31276694104205,54.028235235863534,68.78293059917732,95.46977874779519,56.1319
Axis Small Cap Fund - Regular - Growth,119095,511,29.971748907959288,42.28985709033468,54.06802709955669,68.74394695822939,95.74332489105001,56.1319
Axis Small Cap Fund - Regular - Growth,119095,512,29.958424868503734,42.27075180569845,54.10249807782495,68.75965748955164,95.58739136799721,56.1319
Axis Small Cap Fund - Regular - Growth,119095,513,29.909081951057345,42.279406113605205,54.08374522729834,68.74707160469794,95.64845755682353,56.1319
Axis Small Cap Fund - Regular - Growth,119095,514,29.977692684641703,42.25473666419484,54.15347445956164,68.79819607588766,95.65609421970436,56.1319
Axis Small Cap Fund - Regular - Growth,119095,515,29.944391972713184,42.3345589153929,54.10337146542001,68.7915167798278,95.86732763671777,56.1319
Axis Small Cap Fund - Regular - Growth,119095,516,30.00569749001229,42.24075696260232,54.110221324986654,68.83227417380037,95.75611356268182,56.1319
Axis Small Cap Fund - Regular - Growth,119095,517,30.03756513933664,42.1797823762529,54.13622452901561,68.79208353905476,95.61544664479202,56.1319
Axis Small Cap Fund - Regular - Growth,119095,518,29.89539941877838,42.192156942129856,54.11735615020844,68.79399112266235,95.66305103697088,56.1319
Axis Small Cap Fund - Regular - Growth,119095,519,29.87238485152759,42.08877596730401,54.064679317430674,68.74761873820151,95.86305182031076,56.1319
Axis Small Cap Fund - Regular - Growth,119095,520,29.98581938440311,42.099651437019695,54.01997539687066,68.9473866373201,96.10190262982728,56.1319
Axis Small Cap Fund - Regular - Growth,119095,521,29.926344439902397,42.159636897548786,54.03857118198767,68.92373527242789,96.78537714333274,56.1319
Axis Small Cap Fund - Regular - Growth,119095,522,29.86867823512126,42.13327936681658,53.99625835671772,69.01227710039616,96.61082676028605,56.1319
Axis Small Cap Fund - Regular - Growth,119095,523,29.81872791575728,42.08442807444618,54.052378134427016,68.99246327467597,96.80441789337863,56.1319
Axis Small Cap Fund - Regular - Growth,119095,524,29.735072114247945,42.163616850930126,54.16343268148317,68.92650255291082,97.0826657666507,56.1319
Axis Small Cap Fund - Regular - Growth,119095,525,29.813297944996208,42.03894719739846,54.015685664074624,68.85360459976692,97.10791641367177,56.1319
Axis Small Cap Fund - Regular - Growth,119095,526,29.747704106410534,42.07853735604418,54.13040651598722,68.98334071802284,97.0871512566162,56.1319
Axis Small Cap Fund - Regular - Growth,119095,527,29.804703996663203,42.06624630193586,54.10715021386167,68.87663891742793,97.0887851594718,56.1319
Axis Small Cap Fund - Regular - Growth,119095,528,29.785207739773575,42.07333281023608,54.08569306601294,68.89037379543026,96.86189117255338,56.1319
Axis Small Cap Fund - Regular - Growth,119095,529,29.763878389559764,42.04852219825386,54.110955154434805,68.92339346257985,97.12746733012885,56.1319
Axis Small Cap Fund - Regular - Growth,119095,530,29.761977740398233,42.08474713670733,54.101228273791435,68.8684385048571,97.10691759212024,56.1319
Axis Small Cap Fund - Regular - Growth,119095,531,29.797305853555194,41.99742483151535,54.24460241372587,69.0455269181196,96.876733244516,56.1319
Axis Small Cap Fund - Regular - Growth,119095,532,29.760981161182798,42.007866557070145,54.17066897666646,68.9164961688937,97.1632637942402,56.1319
Axis Small Cap Fund - Regular - Growth,119095,533,29.723459099278898,41.94302548097804,54.03962597641387,68.86445031200415,97.10333219875949,56.1319
Axis Small Cap Fund - Regular - Growth,119095,534,29.70058155056723,41.95661489696682,53.97220476300447,68.82623336329372,97.1694813858213,56.1319
Axis Small Cap Fund - Regular - Growth,119095,535,29.709629953936073,41.945420264422566,54.00615732734795,68.85969017833543,97.27111390545483,56.1319
Axis Small Cap Fund - Regular - Growth,119095,536,29.665124589559635,41.93192440725156,53.934041585404785,68.98831028110348,97.32917185954243,56.1319
Axis Small Cap Fund - Regular - Growth,119095,537,29.547293065684574,41.957686055752575,53.9973683187153,68.90227196384555,97.51089398152206,56.1319
Axis Small Cap Fund - Regular - Growth,119095,538,29.524132935855132,41.880063825455046,54.038016705522544,69.00855282653353,97.54971275241714,56.1319
Axis Small Cap Fund - Regular - Growth,119095,539,29.576321491056834,41.87162645039557,53.94315982914086,68.92754551501531,97.85784949919868,56.1319
Axis Small Cap Fund - Regular - Growth,119095,540,29.546795918972823,41.91157989555958,53.96056528583826,69.11664202436754,97.5222208470126,56.1319
Axis Small Cap Fund - Regular - Growth,119095,541,29.568475409614983,41.89857704228006,53.988138963672384,69.0441279065451,97.78627602270012,56.1319
Axis Small Cap Fund - Regular - Growth,119095,542,29.512956195970173,41.90841871563758,53.98464886467323,69.07693858556513,97.53777690013722,56.1319
Axis Small Cap Fund - Regular - Growth,119095,543,29.52371375214979,41.98334018217233,53.946303478159834,69.04602784880899,97.62486082300325,56.1319
Axis Small Cap Fund - Regular - Growth,119095,544,29.5516948070545,41.989985132243305,53.90390387604599,69.16068109192084,97.49865961165874,56.1319
Axis Small Cap Fund - Regular - Growth,119095,545,29.495393515014456,41.948383968127786,53.91409949623297,69.18261775157745,97.43701449998747,56.1319
Axis Small Cap Fund - Regular - Growth,119095,546,29.462549962020645,41.94160288155783,53.94109218127227,69.27199799661608,97.94704361287168,56.1319
Axis Small Cap Fund - Regular - Growth,119095,547,29.573910477425404,41.912805606124984,53.92815363386664,69.1665747843115,97.67363242876141,56.1319
Axis Small Cap Fund - Regular - Growth,119095,548,29.54708950249584,41.9087164984615,53.973112003265825,69.16415341882825,97.74845379552629,56.1319
Axis Small Cap Fund - Regular - Growth,119095,549,29.472897060302643,41.809012873603514,53.93236161510381,69.2688833175082,97.66033588534785,56.1319
Axis Small Cap Fund - Regular - Growth,119095,550,29.478458893043356,41.78749422916616,53.81386532702097,69.27813750034416,97.95700788864401,56.1319
Axis Small Cap Fund - Regular - Growth,119095,551,29.47900976683571,41.77219968883574,53.857279991807054,69.32408836337963,98.25670658075349,56.1319
Axis Small Cap Fund - Regular - Growth,119095,552,29.44786692758752,41.84570870061053,53.91605739161136,69.28475780200631,98.18840041327871,56.1319
Axis Small Cap Fund - Regular - Growth,119095,553,29.367010029157747,41.76912905753599,54.000350191953174,69.28714289959586,98.19664299944527,56.1319
Axis Small Cap Fund - Regular - Growth,119095,554,29.43521475360877,41.71999329386257,53.895182725114594,69.40533379022366,98.23210101763515,56.1319
Axis Small Cap Fund - Regular - Growth,119095,555,29.46528518889245,41.695781254771155,53.85131506894798,69.3306471383899,98.36708269626867,56.1319
Axis Small Cap Fund - Regular - Growth,119095,556,29.449180592329956,41.678860360640705,53.7417805044451,69.32839618284751,98.23265049014594,56.1319
Axis Small Cap Fund - Regular - Growth,119095,557,29.31241078221389,41.67505386900958,53.73338775790752,69.31259475408085,98.48443412125015,56.1319
Axis Small Cap Fund - Regular - Growth,119095,558,29.29210530853653,41.74364994232433,53.79523637529226,69.29991327852399,98.67859072945184,56.1319
Axis Small Cap Fund - Regular - Growth,119095,559,29.180096418326624,41.65611568948928,53.78661559720003,69.39561176077818,98.83981049226304,56.1319
Axis Small Cap Fund - Regular - Growth,119095,560,29.124123149584282,41.685531243567056,53.82523410381142,69.42219736444741,98.80571704901992,56.1319
Axis Small Cap Fund - Regular - Growth,119095,561,29.283435925922525,41.660362430501515,53.787690013278194,69.4119483827746,98.7961304351075,56.1319
Axis Small Cap Fund - Regular - Growth,119095,562,29.266528386777523,41.62146668941273,53.68511543321574,69.42437808700342,99.01890641462262,56.1319
Axis Small Cap Fund - Regular - Growth,119095,563,29.257241862136347,41.57952981340347,53.739611318923,69.50653780362104,98.86288062358439,56.1319
Axis Small Cap Fund - Regular - Growth,119095,564,29.146648169923424,41.54262144488532,53.78918465522865,69.55813973567065,99.50570135174041,56.1319
Axis Small Cap Fund - Regular - Growth,119095,565,29.16003085094687,41.48093363412748,53.7602707320403,69.55884841268657,99.28240920102685,56.1319
Axis Small Cap Fund - Regular - Growth,119095,566,29.09347827063473,41.52884493399388,53.78556561792587,69.42488298454933,99.51709149218978,56.1319
Axis Small Cap Fund - Regular - Growth,119095,567,29.086378225756096,41.49888825760687,53.73141300991104,69.47247449330219,99.48490025979741,56.1319
Axis Small Cap Fund - Regular - Growth,119095,568,29.02602907457837,41.45013213164131,53.77765724553949,69.37989475138917,99.55980055119029,56.1319
Axis Small Cap Fund - Regular - Growth,119095,569,29.05102628141434,41.474804798685824,53.70987746732379,69.43138732615935,99.51862502268482,56.1319
Axis Small Cap Fund - Regular - Growth,119095,570,29.05498402768554,41.52782301597822,53.63161978042182,69.39476417048927,99.52912089669678,56.1319
Axis Small Cap Fund - Regular - Growth,119095,571,29.021422392491633,41.54350770065603,53.74534059335841,69.36476196569258,99.82669031927934,56.1319
Axis Small Cap Fund - Regular - Growth,119095,572,28.97743337399348,41.487939843572434,53.690079200792255,69.29825722753364,99.74171847018665,56.1319
Axis Small Cap Fund - Regular - Growth,119095,573,28.916452372353312,41.437220396244065,53.778417906011356,69.3686173408746,99.48471180263216,56.1319
Axis Small Cap Fund - Regular - Growth,119095,574,28.920147289332377,41.374170150005824,53.710990206497456,69.3525300615006,99.44162903525232,56.1319
Axis Small Cap Fund - Regular - Growth,119095,575,28.999121284254716,41.398952406848665,53.74687369576908,69.33311782239218,99.13568936634516,56.1319
Axis Small Cap Fund - Regular - Growth,119095,576,28.982711101833132,41.37773667918169,53.792658022392985,69.28509456362953,99.0241865165371,56.1319
Axis Small Cap Fund - Regular - Growth,119095,577,28.823287218435727,41.36553663288045,53.82087752835036,69.45108325700502,99.39345361047455,56.1319
Axis Small Cap Fund - Regular - Growth,119095,578,28.807978605899017,41.37337545173693,53.81965044961237,69.38454496612016,99.42093467309563,56.1319
Axis Small Cap Fund - Regular - Growth,119095,579,28.864825648910145,41.30271209625351,53.829725737685635,69.38246364075373,99.59587062558278,56.1319
Axis Small Cap Fund - Regular - Growth,119095,580,28.855560489256483,41.2837058989516,53.83776542559957,69.38128466589663,99.7358839249735,56.1319
Axis Small Cap Fund - Regular - Growth,119095,581,28.836987461623938,41.31481310374224,53.76395697982568,69.53587296278785,99.61867647360377,56.1319
Axis Small Cap Fund - Regular - Growth,119095,582,28.799397863298925,41.26897225516269,53.86414669262366,69.53987393640168,99.77157600321004,56.1319
Axis Small Cap Fund - Regular - Growth,119095,583,28.800049138734565,41.357820036638536,53.829381448324376,69.46132550164813,100.05519024796087,56.1319
Axis Small Cap Fund - Regular - Growth,119095,584,28.852635758993078,41.304879958190654,53.75568552740324,69.43573809575213,100.00676128083373,56.1319
Axis Small Cap Fund - Regular - Growth,119095,585,28.75598561295768,41.27063466317579,53.766712713576155,69.42494832624848,100.01502086163543,56.1319
Axis Small Cap Fund - Regular - Growth,119095,586,28.737946518619427,41.215344875617674,53.753936167973606,69.48792188820578,99.81906628299566,56.1319
Axis Small Cap Fund - Regular - Growth,119095,587,28.602141731092257,41.29574544040276,53.77601236433718,69.53450743901394,99.98055372479897,56.1319
Axis Small Cap Fund - Regular - Growth,119095,588,28.593631723366716,41.1229145453844,53.73869879379234,69.40058767421974,100.2897364889952,56.1319
Axis Small Cap Fund - Regular - Growth,119095,589,28.568941674593393,41.115120768631115,53.85356719449824,69.52038014996448,100.40207198967616,56.1319
Axis Small Cap Fund - Regular - Growth,119095,590,28.617594505568178,41.16625790987005,53.741832877409166,69.58450730092275,100.36567031712964,56.1319
Axis Small Cap Fund - Regular - Growth,119095,591,28.503885975729773,41.16565345963712,53.84746480288584,69.53395349467334,100.22749857584994,56.1319
Axis Small Cap Fund - Regular - Growth,119095,592,28.43426238232602,41.146037560818556,53.841884595435864,69.39057590909648,100.41469161922106,56.1319
Axis Small Cap Fund - Regular - Growth,119095,593,28.51943908940503,41.264814615585315,53.7090027123141,69.4117306682449,100.66798465952196,56.1319
Axis Small Cap Fund - Regular - Growth,119095,594,28.520729985161797,41.212334104031406,53.80159426464854,69.43941748323508,100.84479952678016,56.1319
Axis Small Cap Fund - Regular - Growth,119095,595,28.668915676970247,41.191907451329115,53.73525730861806,69.60796398194304,100.61136765245212,56.1319
Axis Small Cap Fund - Regular - Growth,119095,596,28.612884141772643,41.186637709571926,53.757904017407384,69.47896647391507,100.67343728868168,56.1319
Axis Small Cap Fund - Regular - Growth,119095,597,28.550867751749305,41.15666819508923,53.8083490302768,69.57838915200124,100.96074879011881,56.1319
Axis Small Cap Fund - Regular - Growth,119095,598,28.48700128391263,41.12108148598308,53.73216290476827,69.49783823807745,101.04607463971773,56.1319
Axis Small Cap Fund - Regular - Growth,119095,599,28.53347167501494,41.04465175790861,53.72098678347969,69.48080204167199,101.03438084574834,56.1319
Axis Small Cap Fund - Regular - Growth,119095,600,28.490511630935014,41.05125749237457,53.66822046667804,69.56023335337132,101.0955586611715,56.1319
Axis Small Cap Fund - Regular - Growth,119095,601,28.491100183309683,41.08546625229073,53.70880860321256,69.48728303835597,101.09179630668247,56.1319
Axis Small Cap Fund - Regular - Growth,119095,602,28.492030058906785,41.05009500500545,53.74898178523029,69.47422490131619,101.04384052251356,56.1319
Axis Small Cap Fund - Regular - Growth,119095,603,28.505503009909432,41.087809764102886,53.71561408570984,69.53832647098562,101.20733019682089,56.1319
Axis Small Cap Fund - Regular - Growth,119095,604,28.43537058676979,41.06492183035591,53.74102381270292,69.62038056059497,101.24994326834685,56.1319
Axis Small Cap Fund - Regular - Growth,119095,605,28.34278279944559,41.05851933867656,53.69341402382815,69.61134655527975,101.09406134231865,56.1319
Axis Small Cap Fund - Regular - Growth,119095,606,28.29433681943384,41.04641152172038,53.75141209572129,69.55773576079915,100.92793851734955,56.1319
Axis Small Cap Fund - Regular - Growth,119095,607,28.302965659344302,41.08119498801668,53.75040895563082,69.61586008368377,100.96254275565796,56.1319
Axis Small Cap Fund - Regular - Growth,119095,608,28.300026044613656,41.059538429626684,53.66659784830455,69.62195443160334,100.79401580426934,56.1319
Axis Small Cap Fund - Regular - Growth,119095,609,28.275639968098037,41.000314535891306,53.73857544189372,69.73031759583681,100.95258695262756,56.1319
Axis Small Cap Fund - Regular - Growth,119095,610,28.220181637869203,41.040425814398525,53.753091968670056,69.73916808208651,101.05159196014442,56.1319
Axis Small Cap Fund - Regular - Growth,119095,611,28.2347379359995,40.936971623373,53.70193094641954,69.62120818730592,101.16231050762478,56.1319
Axis Small Cap Fund - Regular - Growth,119095,612,28.11210640752145,40.94946954839196,53.76378666586524,69.59123852077374,101.41334499337644,56.1319
Axis Small Cap Fund - Regular - Growth,119095,613,28.250224686120795,41.05152123649826,53.744966619977816,69.67685193960051,100.99690473002089,56.1319
Axis Small Cap Fund - Regular - Growth,119095,614,28.263779381763765,41.05255564684997,53.65471558848198,69.66448594543239,101.15257399385182,56.1319
Axis Small Cap Fund - Regular - Growth,119095,615,28.28100058902143,41.05775749445531,53.82767270274563,69.77790132831359,101.38969575244732,56.1319
Axis Small Cap Fund - Regular - Growth,119095,616,28.28830856831848,40.96610002749073,53.69822778990424,69.80773100138279,101.54737579454492,56.1319
Axis Small Cap Fund - Regular - Growth,119095,617,28.30344719804845,41.03940039648995,53.71475459217945,69.71087823447375,101.53878008563173,56.1319
Axis Small Cap Fund - Regular - Growth,119095,618,28.222594456074123,41.01129048207527,53.73279162038058,69.69306055243658,101.72610867251218,56.1319
Axis Small Cap Fund - Regular - Growth,119095,619,28.211415332958993,41.07276225620852,53.75736138737602,69.74360804664936,101.9124747721844,56.1319
Axis Small Cap Fund - Regular - Growth,119095,620,28.139516111238965,41.04222408597738,53.674310107633424,69.8038483981763,102.10016355694052,56.1319
Axis Small Cap Fund - Regular - Growth,119095,621,28.152840161563248,41.067734519174174,53.60298355973649,69.82724964404179,101.97664734427076,56.1319
Axis Small Cap Fund - Regular - Growth,119095,622,28.258005328334082,40.99006333676685,53.62908209133732,69.85309096119566,101.80603738775237,56.1319
Axis Small Cap Fund - Regular - Growth,119095,623,28.242362332944158,40.964933581748255,53.603678332333295,69.8145060189789,101.79088880698515,56.1319
Axis Small Cap Fund - Regular - Growth,119095,624,28.18797385712999,40.96465626824962,53.58335636646744,69.92863288073056,101.6286421094266,56.1319
Axis Small Cap Fund - Regular - Growth,119095,625,28.126401023597637,40.96134545578387,53.625994438355455,69.8890452640027,101.79556758094085,56.1319
Axis Small Cap Fund - Regular - Growth,119095,626,28.12538489096644,40.968719067512055,53.63719104460756,69.95076072918592,101.72805093321982,56.1319
Axis Small Cap Fund - Regular - Growth,119095,627,28.10220861034817,40.923671777343,53.58287669696294,69.91890600082291,101.82360330228867,56.1319
Axis Small Cap Fund - Regular - Growth,119095,628,28.134302965438817,40.94378410645369,53.59202457923405,69.92807855963301,101.77334065207428,56.1319
Axis Small Cap Fund - Regular - Growth,119095,629,28.055549565705075,40.87729390401765,53.58998003637146,69.8729768969017,101.66977145637921,56.1319
Axis Small Cap Fund - Regular - Growth,119095,630,28.141846969179717,40.97268887331102,53.57510406879338,69.71871808130771,101.82173333526421,56.1319
Axis Small Cap Fund - Regular - Growth,119095,631,28.024846294765425,40.91742683063522,53.55664002814433,69.73378522664032,102.08705826347546,56.1319
Axis Small Cap Fund - Regular - Growth,119095,632,27.931934022514994,40.95826617710877,53.5733742409327,69.63880851734402,102.1951422318115,56.1319
Axis Small Cap Fund - Regular - Growth,119095,633,27.986330649542264,40.94044196969177,53.60021421961869,69.7291417019378,102.39261092346703,56.1319
Axis Small Cap Fund - Regular - Growth,119095,634,27.98730472131154,40.92457843833458,53.65240270800571,69.76925818966699,102.58811286764254,56.1319
Axis Small Cap Fund - Regular - Growth,119095,635,27.947792105028018,40.949817503656654,53.62780403183999,69.88760274722941,102.35072678468892,56.1319
Axis Small Cap Fund - Regular - Growth,119095,636,27.9529045478846,40.87621050069009,53.562107834647065,69.99306953827326,102.58115737865485,56.1319
Axis Small Cap Fund - Regular - Growth,119095,637,27.888731484442847,40.8495238145632,53.5138825902717,70.02417460567094,102.90219935016391,56.1319
Axis Small Cap Fund - Regular - Growth,119095,638,27.862356957210743,40.93034289973046,53.58047643617945,69.98336203814682,102.51598242329493,56.1319
Axis Small Cap Fund - Regular - Growth,119095,639,27.87021113483495,40.92639249732981,53.640286986728015,70.0293034407945,102.54290951927447,56.1319
Axis Small Cap Fund - Regular - Growth,119095,640,27.81350317101636,40.85960990551247,53.610459363449976,69.97183908925535,102.7523694919705,56.1319
Axis Small Cap Fund - Regular - Growth,119095,641,27.896155873422085,40.88139624835762,53.57699377868543,70.28128613164257,102.5875315403868,56.1319
Axis Small Cap Fund - Regular - Growth,119095,642,27.8519853320261,40.91277537870025,53.65721990707365,70.06278277267162,102.66650794723341,56.1319
Axis Small Cap Fund - Regular - Growth,119095,643,27.872736445223655,40.95342628544239,53.49602313730335,70.12746993951102,102.82906437600761,56.1319
Axis Small Cap Fund - Regular - Growth,119095,644,27.90775600655806,41.00037435030233,53.50477761138457,70.1754361585754,103.00667934458068,56.1319
Axis Small Cap Fund - Regular - Growth,119095,645,27.88832112159706,40.98702591990498,53.47145114072036,70.15980621518949,103.11626141851231,56.1319
Axis Small Cap Fund - Regular - Growth,119095,646,27.80531491144624,41.0449528494878,53.45505841148042,70.26197815932296,103.52533776064877,56.1319
Axis Small Cap Fund - Regular - Growth,119095,647,27.740372423866827,41.029631457653885,53.53158788781519,70.04818878915488,103.3386696147228,56.1319
Axis Small Cap Fund - Regular - Growth,119095,648,27.7037502543617,41.01303533059988,53.59207765007757,70.17478198269464,103.58510526511289,56.1319
Axis Small Cap Fund - Regular - Growth,119095,649,27.69436860835162,40.89366572738989,53.418795883326666,70.13801957828238,103.42157145262253,56.1319
Axis Small Cap Fund - Regular - Growth,119095,650,27.67735325982464,40.805055402696965,53.42913090444888,70.08435607161591,103.35309995867807,56.1319
Axis Small Cap Fund - Regular - Growth,119095,651,27.63280990006461,40.7879455166074,53.458435399733744,70.0791455422351,103.3686318403624,56.1319
Axis Small Cap Fund - Regular - Growth,119095,652,27.61265815686175,40.728541322161306,53.43123535392327,69.9794100965111,103.38893300398037,56.1319
Axis Small Cap Fund - Regular - Growth,119095,653,27.696197947217527,40.697810808941846,53.469229572061444,69.9683177661032,103.70809929409282,56.1319
Axis Small Cap Fund - Regular - Growth,119095,654,27.66243900008429,40.61644044770479,53.57905812941856,70.01582314654294,103.52433977166902,56.1319
Axis Small Cap Fund - Regular - Growth,119095,655,27.711221119617054,40.57875094421357,53.57685838674782,70.08319911710426,103.74412277979836,56.1319
Axis Small Cap Fund - Regular - Growth,119095,656,27.602308448811666,40.62697490745989,53.46648217257765,70.02495609542856,103.71427987667069,56.1319
Axis Small Cap Fund - Regular - Growth,119095,657,27.591564673086165,40.648737316754485,53.49896543727509,70.0561065353842,103.69163054116432,56.1319
Axis Small Cap Fund - Regular - Growth,119095,658,27.591217015726812,40.54217734929724,53.43374199369057,70.04041765848085,103.6602961259733,56.1319
Axis Small Cap Fund - Regular - Growth,119095,659,27.528799721587724,40.546757573955325,53.49983685007703,70.09917950888479,103.98971911328384,56.1319
Axis Small Cap Fund - Regular - Growth,119095,660,27.56754173266179,40.509646645891856,53.530451306994,70.08156626276384,104.09976950571665,56.1319
Axis Small Cap Fund - Regular - Growth,119095,661,27.478081546575535,40.52143781042462,53.46891608493762,70.06361706685874,104.21982820628725,56.1319
Axis Small Cap Fund - Regular - Growth,119095,662,27.54053557544866,40.60781988513088,53.413117511640394,70.22481122396647,104.21869375077918,56.1319
Axis Small Cap Fund - Regular - Growth,119095,663,27.50705961968369,40.57144701318904,53.37011981757827,70.10435110965611,104.14154156386783,56.1319
Axis Small Cap Fund - Regular - Growth,119095,664,27.515484207186848,40.598588597537656,53.30940928915258,70.12758647652306,103.92901831421212,56.1319
Axis Small Cap Fund - Regular - Growth,119095,665,27.529631334631905,40.60241830257033,53.27591732551473,70.03146807039907,104.19981999077166,56.1319
Axis Small Cap Fund - Regular - Growth,119095,666,27.451903827273924,40.569517659470556,53.35637524731389,70.1621116531245,103.9916065629455,56.1319
Axis Small Cap Fund - Regular - Growth,119095,667,27.532385317002475,40.49776832133924,53.3355128919475,70.31941356521449,103.88954356790096,56.1319
Axis Small Cap Fund - Regular - Growth,119095,668,27.43023114378337,40.46642839079493,53.389933809119924,70.21803140560085,104.27735845572109,56.1319
Axis Small Cap Fund - Regular - Growth,119095,669,27.510448716762507,40.467247942075865,53.32015286091662,70.27661882240722,104.23413353584638,56.1319
Axis Small Cap Fund - Regular - Growth,119095,670,27.46259853921921,40.48050936192675,53.322703570439685,70.23482945319331,104.24528327809688,56.1319
Axis Small Cap Fund - Regular - Growth,119095,671,27.417180546423804,40.40751810073723,53.34609446038425,70.33245828433174,104.22728240831735,56.1319
Axis Small Cap Fund - Regular - Growth,119095,672,27.419984522246338,40.34447807665529,53.24602032660529,70.36254087601881,104.55079299851572,56.1319
Axis Small Cap Fund - Regular - Growth,119095,673,27.422426730953806,40.429687375182525,53.29274945670458,70.34055367137665,104.5594853141103,56.1319
Axis Small Cap Fund - Regular - Growth,119095,674,27.519612309729357,40.37850592845391,53.38001940595952,70.41514440239989,104.98106443734461,56.1319
Axis Small Cap Fund - Regular - Growth,119095,675,27.404823286983234,40.362106688408495,53.306405407247084,70.34644789179934,105.16635396630438,56.1319
Axis Small Cap Fund - Regular - Growth,119095,676,27.449533299747625,40.32353979893644,53.28850970665863,70.39437884867502,104.94514612206818,56.1319
Axis Small Cap Fund - Regular - Growth,119095,677,27.413486892571136,40.3774835168682,53.268501632185895,70.2674415014041,104.5474981609991,56.1319
Axis Small Cap Fund - Regular - Growth,119095,678,27.39088603387445,40.335563616719085,53.39235256579846,70.35851373654397,104.80744266383188,56.1319
Axis Small Cap Fund - Regular - Growth,119095,679,27.37322357623881,40.38683000453409,53.330708689774525,70.33086313306701,104.79442054691684,56.1319
Axis Small Cap Fund - Regular - Growth,119095,680,27.369012317844945,40.34467362390877,53.29613813446187,70.31722338752817,105.33464738270887,56.1319
Axis Small Cap Fund - Regular - Growth,119095,681,27.26521515666208,40.36963219557645,53.33756744791172,70.2420739224641,105.11802117261132,56.1319
Axis Small Cap Fund - Regular - Growth,119095,682,27.251912520128407,40.32240912344612,53.383203436622765,70.07304002921308,105.1052921214587,56.1319
Axis Small Cap Fund - Regular - Growth,119095,683,27.22335592309267,40.35452038437683,53.26532226183886,70.21010993877783,105.33788289873358,56.1319
Axis Small Cap Fund - Regular - Growth,119095,684,27.261921358653954,40.35153867382399,53.20522452500594,70.26896007413205,105.40677501628737,56.1319
Axis Small Cap Fund - Regular - Growth,119095,685,27.246051543382773,40.258430251645244,53.23881285080978,70.41086080082488,105.73124522315486,56.1319
Axis Small Cap Fund - Regular - Growth,119095,686,27.10995016240479,40.30179670146926,53.25555294281111,70.47715560636385,105.44691958864287,56.1319
Axis Small Cap Fund - Regular - Growth,119095,687,27.20901259420763,40.26485927482853,53.24321843522651,70.44452657301879,105.02370922196535,56.1319
Axis Small Cap Fund - Regular - Growth,119095,688,27.20562000741845,40.222247118341315,53.239322755094854,70.5848016067363,105.43674540413903,56.1319
Axis Small Cap Fund - Regular - Growth,119095,689,27.119323070061863,40.1980753479222,53.19689476770137,70.68827665285797,105.78967375369098,56.1319
Axis Small Cap Fund - Regular - Growth,119095,690,27.132013249514237,40.218058337247825,53.20701097403033,70.55899067295434,105.9377645738045,56.1319
Axis Small Cap Fund - Regular - Growth,119095,691,27.055087834542675,40.22093310737868,53.18433422393927,70.67229125174097,106.01980849934918,56.1319
Axis Small Cap Fund - Regular - Growth,119095,692,26.99501253428913,40.10653895533005,53.06561844239614,70.59957504080903,105.71858046260583,56.1319
Axis Small Cap Fund - Regular - Growth,119095,693,26.981262279621458,40.04916811049985,53.112758939825255,70.59653750336878,106.2088250096775,56.1319
Axis Small Cap Fund - Regular - Growth,119095,694,27.039529247769153,40.03817751054408,53.10123628550007,70.60887944299547,106.12664794820417,56.1319
Axis Small Cap Fund - Regular - Growth,119095,695,27.021016699866735,40.05416584203776,53.092179855934646,70.59811235817072,105.92550853223224,56.1319
Axis Small Cap Fund - Regular - Growth,119095,696,26.963159081837052,40.12593450944716,53.08795881322626,70.69395829529599,105.99908163092518,56.1319
Axis Small Cap Fund - Regular - Growth,119095,697,26.99864283540215,40.15457182033926,53.0653187405838,70.86108783033785,105.90256956886527,56.1319
Axis Small Cap Fund - Regular - Growth,119095,698,27.112958731148264,40.08379950659761,53.11085267354786,70.7244682555476,106.08683160407675,56.1319
Axis Small Cap Fund - Regular - Growth,119095,699,27.076749210541696,40.03672641100761,53.065835180186674,70.92122836059914,106.11186042475066,56.1319
Axis Small Cap Fund - Regular - Growth,119095,700,27.064624756092652,40.04235383384771,53.121325395154884,70.72797989870071,106.42211646844903,56.1319
Axis Small Cap Fund - Regular - Growth,119095,701,26.94221177920523,40.0210523054649,53.04226713173351,70.77073070241808,106.60388548902205,56.1319
Axis Small Cap Fund - Regular - Growth,119095,702,27.044128650207362,40.05805753133947,53.07682461100219,70.87033892824606,106.7100039366234,56.1319
Axis Small Cap Fund - Regular - Growth,119095,703,27.04216703328651,40.035624643141034,53.04249320119571,70.91457138425163,106.55981252360678,56.1319
Axis Small Cap Fund - Regular - Growth,119095,704,26.955597182581847,40.052761183392676,53.02360803153309,70.7700879032082,106.55835547017595,56.1319
Axis Small Cap Fund - Regular - Growth,119095,705,26.913983611026126,40.20052910768089,52.93772025246031,70.76110998787992,106.71677674994716,56.1319
Axis Small Cap Fund - Regular - Growth,119095,706,26.939664840966323,40.13398902647609,53.024806932040086,70.81367466660623,107.01051071191594,56.1319
Axis Small Cap Fund - Regular - Growth,119095,707,26.865736600800687,40.10519257129293,53.06430820959193,70.90004178313457,106.70805065454306,56.1319
Axis Small Cap Fund - Regular - Growth,119095,708,26.9513355200802,40.09092769089238,53.09440886172112,70.65100583656164,106.33602170920143,56.1319
Axis Small Cap Fund - Regular - Growth,119095,709,26.850644785853692,40.0466796931826,52.976456771412046,70.77090371049749,106.53792646456479,56.1319
Axis Small Cap Fund - Regular - Growth,119095,710,26.797800141022066,40.088391888822905,52.97287679565016,70.63749110629057,106.47663187038539,56.1319
Axis Small Cap Fund - Regular - Growth,119095,711,26.766326534727,40.04720617619543,53.06811273905136,70.62364429015807,106.1856190106687,56.1319
Axis Small Cap Fund - Regular - Growth,119095,712,26.725388668733718,40.01923664471545,53.069735074834284,70.7087865061398,106.34269365919528,56.1319
Axis Small Cap Fund - Regular - Growth,119095,713,26.68026159611303,39.9499222439905,53.00996113775409,70.81470323492513,106.81701823527179,56.1319
Axis Small Cap Fund - Regular - Growth,119095,714,26.66937059048972,39.939832814208046,52.969084408064646,70.66012685252302,106.44545204490242,56.1319
Axis Small Cap Fund - Regular - Growth,119095,715,26.744967884841937,39.8448584605753,53.01738213260694,70.76820668251673,106.9554880694623,56.1319
Axis Small Cap Fund - Regular - Growth,119095,716,26.623607842295336,39.94244783380725,52.984450857676606,70.68249772076858,106.78549915952357,56.1319
Axis Small Cap Fund - Regular - Growth,119095,717,26.60671783944572,39.94987953035589,53.02192403199875,70.76809004524134,106.91377359152519,56.1319
Axis Small Cap Fund - Regular - Growth,119095,718,26.658229324545704,39.917063445579004,53.080602198022156,70.81703573640948,106.72715616917519,56.1319
Axis Small Cap Fund - Regular - Growth,119095,719,26.598450190456063,39.93701606562734,53.02542243838731,70.83814888808767,106.43126857580819,56.1319
Axis Small Cap Fund - Regular - Growth,119095,720,26.42761705480854,39.98816680944141,53.06564164416314,70.81142167769568,106.55558474647441,56.1319
Axis Small Cap Fund - Regular - Growth,119095,721,26.43028596160163,40.06626550304948,53.057878554585805,70.5590660238598,106.56549735551228,56.1319
Axis Small Cap Fund - Regular - Growth,119095,722,26.469337521741764,39.967953715565656,53.052475227799576,70.54730870539316,106.68773479906412,56.1319
Axis Small Cap Fund - Regular - Growth,119095,723,26.50601621992536,39.982671764693,52.99899556898577,70.60691318056328,106.2494674000563,56.1319
Axis Small Cap Fund - Regular - Growth,119095,724,26.4989849845337,39.991120075673315,53.05267087394482,70.66706167271005,106.3777834865505,56.1319
Axis Small Cap Fund - Regular - Growth,119095,725,26.459981159149553,39.87626939239964,52.9925307329116,70.57587471094934,106.73417902287157,56.1319
Axis Small Cap Fund - Regular - Growth,119095,726,26.362674670735917,39.76253500345392,52.959784733347135,70.5953029581153,106.55459901022985,56.1319
Axis Small Cap Fund - Regular - Growth,119095,727,26.391445489352765,39.770792557337764,52.97140015552982,70.72509595792692,106.77429235748501,56.1319
Axis Small Cap Fund - Regular - Growth,119095,728,26.48621919590151,39.81509447923522,52.994882250850054,70.63371553765985,107.17411873467417,56.1319
Axis Small Cap Fund - Regular - Growth,119095,729,26.505379119275915,39.83451576178775,52.93582540596069,70.8684256454216,107.17422332090413,56.1319
Axis Small Cap Fund - Regular - Growth,119095,730,26.435951669762797,39.76872763427502,52.95285135551384,70.7633915764683,107.09486955099221,56.1319
Axis Small Cap Fund - Regular - Growth,119095,731,26.418646507389518,39.74013280356786,53.058125542921836,70.80789588111278,107.14563700061558,56.1319
Axis Small Cap Fund - Regular - Growth,119095,732,26.475902741866786,39.71715464496571,53.02465800070418,70.75020852497596,107.25418947845101,56.1319
Axis Small Cap Fund - Regular - Growth,119095,733,26.451130976304192,39.6708980575251,53.01719529692727,70.95219654667207,107.60049166860992,56.1319
Axis Small Cap Fund - Regular - Growth,119095,734,26.479736416434683,39.67231391080701,52.99783333070513,70.84986972953752,107.41403424113403,56.1319
Axis Small Cap Fund - Regular - Growth,119095,735,26.317874087753122,39.7288482260644,53.072668953558235,70.84524551175565,107.30720921587715,56.1319
Axis Small Cap Fund - Regular - Growth,119095,736,26.404916530993557,39.72972195355432,52.97871147139376,70.85007206006925,107.60428314973366,56.1319
Axis Small Cap Fund - Regular - Growth,119095,737,26.43764161454167,39.668999353965305,53.026835781993356,70.86343956384022,107.45838198912003,56.1319
Axis Small Cap Fund - Regular - Growth,119095,738,26.410059378227125,39.74675549933475,52.94949747482752,70.79417155185949,107.2380488187825,56.1319
Axis Small Cap Fund - Regular - Growth,119095,739,26.353613353107573,39.66382603022704,52.929398858749906,70.85847446571002,107.6432156409696,56.1319
Axis Small Cap Fund - Regular - Growth,119095,740,26.36665923157318,39.6826932789082,53.01022911619975,70.93291177781684,107.6426314459025,56.1319
Axis Small Cap Fund - Regular - Growth,119095,741,26.36878207309845,39.556023031216746,52.92450408084534,71.04211394456902,107.63612643635793,56.1319
Axis Small Cap Fund - Regular - Growth,119095,742,26.365415986799675,39.65175116897504,52.9349509515161,70.93028585846123,107.2734645826941,56.1319
Axis Small Cap Fund - Regular - Growth,119095,743,26.34624253108031,39.65128545412111,53.02729936122351,70.99837588506408,107.39753728377265,56.1319
Axis Small Cap Fund - Regular - Growth,119095,744,26.270014623353987,39.59575985358146,52.96367373592914,70.96213235982187,107.64289592607909,56.1319
Axis Small Cap Fund - Regular - Growth,119095,745,26.382322425430097,39.61025401976568,53.02439544817536,71.09984483689605,107.59413324951731,56.1319
Axis Small Cap Fund - Regular - Growth,119095,746,26.377607398832055,39.62863670857132,53.083716703836444,71.07216537754769,107.75182659659302,56.1319
Axis Small Cap Fund - Regular - Growth,119095,747,26.3731087674687,39.58860639628699,52.971898100933636,71.08301850416326,107.97343206682561,56.1319
Axis Small Cap Fund - Regular - Growth,119095,748,26.346441063136382,39.501303289855805,52.957191222326685,71.03194660384818,107.87471474412878,56.1319
Axis Small Cap Fund - Regular - Growth,119095,749,26.27293545953172,39.55335614167794,52.949743700245946,70.96509058524683,108.05064585307211,56.1319
Axis Small Cap Fund - Regular - Growth,119095,750,26.19440544235361,39.513761651646156,52.959952174748324,70.97663490710983,108.10698987225858,56.1319
Axis Small Cap Fund - Regular - Growth,119095,751,26.241155084410924,39.51774518008202,52.95128609947976,70.9873468069184,108.27975892323951,56.1319
Axis Small Cap Fund - Regular - Growth,119095,752,26.18711069410422,39.554744376599125,52.97465098100209,70.9097739744129,108.48039240636224,56.1319
Axis Small Cap Fund - Regular - Growth,119095,753,26.23107463629181,39.53231606313645,52.89765027493927,71.00485093231694,108.46228008303183,56.1319
Axis Small Cap Fund - Regular - Growth,119095,754,26.159431650180686,39.49454991007908,52.86721396303997,70.99182496504994,108.51203689360484,56.1319
Axis Small Cap Fund - Regular - Growth,119095,755,26.133721964669814,39.476490465428824,52.86376805120815,71.07205462820711,108.64036266113534,56.1319
Axis Small Cap Fund - Regular - Growth,119095,756,26.152893437814523,39.47208491044728,52.84213192548219,71.04679902914684,108.52646679883918,56.1319
Axis Small Cap Fund - Regular - Growth,119095,757,26.08702700092915,39.4898450866331,52.92025864454274,71.29237231841779,108.45229428173516,56.1319
Axis Small Cap Fund - Regular - Growth,119095,758,26.114436910460274,39.50015081865611,52.896548119289875,71.4217616622536,108.08802978597453,56.1319
Axis Small Cap Fund - Regular - Growth,119095,759,26.08457547749985,39.44798529078134,52.86982961049408,71.28791309943693,108.00657558112258,56.1319
Axis Small Cap Fund - Regular - Growth,119095,760,26.065115123085718,39.4139347629464,52.92509076599819,71.29104642711194,108.42887699539351,56.1319
Axis Small Cap Fund - Regular - Growth,119095,761,26.095664718635962,39.45803280742008,52.84219518988673,71.23250689818371,108.8418677172645,56.1319
Axis Small Cap Fund - Regular - Growth,119095,762,26.109592976204482,39.43704835815522,52.92610218990121,71.37765061730506,108.84990680423195,56.1319
Axis Small Cap Fund - Regular - Growth,119095,763,26.045106028327975,39.414552028186264,52.83979851633502,71.28592209987907,109.29317592587917,56.1319
Axis Small Cap Fund - Regular - Growth,119095,764,26.0478463909285,39.490740841871784,52.949761823230524,71.3082605942505,109.08561945013177,56.1319
Axis Small Cap Fund - Regular - Growth,119095,765,26.01809167488345,39.471169232877656,52.9157794818214,71.32252620948884,109.11066264267816,56.1319
Axis Small Cap Fund - Regular - Growth,119095,766,26.055664007775544,39.41509449098396,52.878913102115995,71.28150591806329,108.94753610937722,56.1319
Axis Small Cap Fund - Regular - Growth,119095,767,26.091678904505155,39.4482181835188,52.903819049807595,71.21590175298955,109.17204288050347,56.1319
Axis Small Cap Fund - Regular - Growth,119095,768,26.104701482797147,39.5398612008615,52.82501444175975,71.25727544881372,109.30576895342658,56.1319
Axis Small Cap Fund - Regular - Growth,119095,769,26.05013419868222,39.50160436893807,52.866176445300084,71.33517904412508,108.77700636107424,56.1319
Axis Small Cap Fund - Regular - Growth,119095,770,26.166713797510035,39.47007976556327,52.83710549092298,71.3310544432519,109.03076758442849,56.1319
Axis Small Cap Fund - Regular - Growth,119095,771,26.118138095504662,39.48476533027347,52.97900759822929,71.44087803947562,108.8387621774612,56.1319
Axis Small Cap Fund - Regular - Growth,119095,772,26.0782669858882,39.494363288268005,52.97315329512779,71.4947049665216,108.89555630881533,56.1319
Axis Small Cap Fund - Regular - Growth,119095,773,26.161961447630606,39.47722585166903,52.98864942866864,71.54243568104789,108.66651233389842,56.1319
Axis Small Cap Fund - Regular - Growth,119095,774,26.002505657707843,39.41356427722623,52.958760993009804,71.40133798297956,109.18290559842421,56.1319
Axis Small Cap Fund - Regular - Growth,119095,775,25.91270013307575,39.465895443828934,52.97794157415884,71.41040592502316,109.34964977686073,56.1319
Axis Small Cap Fund - Regular - Growth,119095,776,25.93267547047094,39.41277303083095,52.927845958863216,71.42812231524991,109.58838101586029,56.1319
Axis Small Cap Fund - Regular - Growth,119095,777,25.89075537147351,39.41677739365027,52.994829811560855,71.41371575808387,109.59394718454291,56.1319
Axis Small Cap Fund - Regular - Growth,119095,778,25.90554915894907,39.44557101113203,52.92528765351917,71.47911457941825,109.2843767018871,56.1319
Axis Small Cap Fund - Regular - Growth,119095,779,25.92288906258531,39.494099501958154,52.950632387115775,71.55427596601828,109.51967620814958,56.1319
Axis Small Cap Fund - Regular - Growth,119095,780,25.909164484086407,39.46058519102471,52.9246984192066,71.4929092696118,109.87866496453678,56.1319
Axis Small Cap Fund - Regular - Growth,119095,781,25.961570359490103,39.46783880133684,52.956559940169925,71.57455423998081,109.27568366447393,56.1319
Axis Small Cap Fund - Regular - Growth,119095,782,25.937465624464526,39.424777509061286,52.92273302278297,71.49743869163387,109.44231312898707,56.1319
Axis Small Cap Fund - Regular - Growth,119095,783,25.964444317311102,39.39643241499947,52.97072750325853,71.51690764085762,109.30342307687967,56.1319
Axis Small Cap Fund - Regular - Growth,119095,784,25.7962927873243,39.43499713625161,53.012769524255084,71.43577668432353,109.23925971803097,56.1319
Axis Small Cap Fund - Regular - Growth,119095,785,25.774060953046003,39.383309727855234,52.97009859289032,71.35947217405372,109.55470669260829,56.1319
Axis Small Cap Fund - Regular - Growth,119095,786,25.73503917510525,39.41897689905628,52.9166110809293,71.37102293791098,109.62902481770867,56.1319
Axis Small Cap Fund - Regular - Growth,119095,787,25.805754307924914,39.499921046552664,52.987442277559666,71.39541027162402,109.95779346664153,56.1319
Axis Small Cap Fund - Regular - Growth,119095,788,25.72659068687172,39.50892095762478,52.96406316941362,71.44112072710669,110.14683433528216,56.1319
Axis Small Cap Fund - Regular - Growth,119095,789,25.66741605034483,39.38744522925944,52.88563001349162,71.34589932604946,110.22067499513574,56.1319
Axis Small Cap Fund - Regular - Growth,119095,790,25.700527977712852,39.39855737088319,52.94022343584799,71.42452021008476,110.27390865230615,56.1319
Axis Small Cap Fund - Regular - Growth,119095,791,25.631411893028556,39.42664509401678,52.893663045824965,71.36272077102443,109.78812333673153,56.1319
Axis Small Cap Fund - Regular - Growth,119095,792,25.623179074826655,39.36321196654525,52.81531893266131,71.41382470772133,110.08328636777337,56.1319
Axis Small Cap Fund - Regular - Growth,119095,793,25.65802095711921,39.34011227397674,52.74706455755998,71.41028659659723,110.14838821586586,56.1319
Axis Small Cap Fund - Regular - Growth,119095,794,25.668366368329483,39.376955972528194,52.80288248674368,71.42039959110005,110.29839543562261,56.1319
Axis Small Cap Fund - Regular - Growth,119095,795,25.646426681611445,39.38537963077057,52.78770957998567,71.44710404714934,110.28109408059535,56.1319
Axis Small Cap Fund - Regular - Growth,119095,796,25.731868571062364,39.348903038263614,52.845191429803066,71.57685205911248,110.07977834141279,56.1319
Axis Small Cap Fund - Regular - Growth,119095,797,25.685565277067017,39.350254273001966,52.84457690863114,71.63522771796835,110.06125922343001,56.1319
Axis Small Cap Fund - Regular - Growth,119095,798,25.74514246424605,39.33090465122097,52.895305379931536,71.76077194054966,110.08997025921177,56.1319
Axis Small Cap Fund - Regular - Growth,119095,799,25.631745702398252,39.42019509926658,52.81300377321032,71.65110300712713,110.08544873961624,56.1319
Axis Small Cap Fund - Regular - Growth,119095,800,25.635145201376908,39.30372733943391,52.80501832506609,71.75819692096262,110.08902828410659,56.1319
Axis Small Cap Fund - Regular - Growth,119095,801,25.704822334866236,39.24992182484549,52.779071510923515,71.65698451301873,110.04645735479775,56.1319
Axis Small Cap Fund - Regular - Growth,119095,802,25.614493454616902,39.22459893373389,52.75437937748394,71.76018068284542,110.51666010862331,56.1319
Axis Small Cap Fund - Regular - Growth,119095,803,25.654044491032533,39.24485797456491,52.72827225168584,71.64853272038614,110.0415571745389,56.1319
Axis Small Cap Fund - Regular - Growth,119095,804,25.594275208455343,39.25124215281471,52.783087283612005,71.47047979372302,110.03980002920576,56.1319
Axis Small Cap Fund - Regular - Growth,119095,805,25.58335070173883,39.28715462520791,52.82046267723514,71.34505449094743,110.08376414723087,56.1319
Axis Small Cap Fund - Regular - Growth,119095,806,25.49171710388962,39.27400174186412,52.6663441386994,71.26042433587577,110.03327622813747,56.1319
Axis Small Cap Fund - Regular - Growth,119095,807,25.475158630515875,39.27466999465555,52.62817435540019,71.30448686505295,110.4006546550452,56.1319
Axis Small Cap Fund - Regular - Growth,119095,808,25.47246865434007,39.2464651217316,52.749236362282375,71.35875224623801,110.24991250418944,56.1319
Axis Small Cap Fund - Regular - Growth,119095,809,25.44889422312755,39.21302383160532,52.813278496332174,71.47078734493802,110.30975108920879,56.1319
Axis Small Cap Fund - Regular - Growth,119095,810,25.454002119210966,39.277441416177965,52.760752981132924,71.59569968660904,110.32525921950011,56.1319
Axis Small Cap Fund - Regular - Growth,119095,811,25.45100024452734,39.310791242567404,52.752540732112806,71.73087992053607,110.51150744656687,56.1319
Axis Small Cap Fund - Regular - Growth,119095,812,25.432108235745837,39.19189815088168,52.83920679380261,71.80224283879686,110.89336651755474,56.1319
Axis Small Cap Fund - Regular - Growth,119095,813,25.39181459792958,39.242145554538396,52.799463222953555,71.83673312880238,110.86290643069252,56.1319
Axis Small Cap Fund - Regular - Growth,119095,814,25.358842653405322,39.14343860742695,52.796196717659996,71.85111920320085,110.85549381543073,56.1319
Axis Small Cap Fund - Regular - Growth,119095,815,25.388418070300595,39.17813894367981,52.76304087902197,71.88277072315879,110.67747552212406,56.1319
Axis Small Cap Fund - Regular - Growth,119095,816,25.346465539281187,39.21028157570754,52.88071786247817,71.68627681307753,110.38970590643096,56.1319
Axis Small Cap Fund - Regular - Growth,119095,817,25.405509995365485,39.12645520839984,52.8129983588685,71.73395260235789,110.35827306146864,56.1319
Axis Small Cap Fund - Regular - Growth,119095,818,25.44866349265654,39.17250870406367,52.82692611633266,71.76879913130323,110.56569301590737,56.1319
Axis Small Cap Fund - Regular - Growth,119095,819,25.37417046005535,39.15013484224408,52.77782399542562,71.819366394608,110.60487044624863,56.1319
Axis Small Cap Fund - Regular - Growth,119095,820,25.34171114307465,39.09115077652678,52.88429746251113,71.75747182594635,110.83307919975194,56.1319
Axis Small Cap Fund - Regular - Growth,119095,821,25.342301908987828,39.043152303470286,52.84864447920113,71.69324945873521,111.06452668124535,56.1319
Axis Small Cap Fund - Regular - Growth,119095,822,25.307363924930517,39.07362029907702,52.741782081368825,71.73028937345617,111.20899169836542,56.1319
Axis Small Cap Fund - Regular - Growth,119095,823,25.368979736495064,39.017100217755655,52.74738696152714,71.81549690002485,111.26386065701968,56.1319
Axis Small Cap Fund - Regular - Growth,119095,824,25.398792444535268,39.0239553851302,52.75960432070825,71.78453518938598,111.17233159577955,56.1319
Axis Small Cap Fund - Regular - Growth,119095,825,25.361659856818147,39.04679370653063,52.75157722533474,71.889240103439,111.18233019281541,56.1319
Axis Small Cap Fund - Regular - Growth,119095,826,25.280059227085342,39.06349979832699,52.83220222369117,71.84409426110601,111.44362528326666,56.1319
Axis Small Cap Fund - Regular - Growth,119095,827,25.314416896794768,38.99450182699661,52.77295352392303,71.87749298575724,112.03241064143451,56.1319
Axis Small Cap Fund - Regular - Growth,119095,828,25.410100157390673,39.02915321422334,52.70023126761021,71.93513863882339,111.86919688223652,56.1319
Axis Small Cap Fund - Regular - Growth,119095,829,25.366997844382468,39.05791115510179,52.78229107326955,71.93520057404277,111.39240046387583,56.1319
Axis Small Cap Fund - Regular - Growth,119095,830,25.36010659237724,38.95901628429542,52.83276839632488,71.91112422106153,111.6128069547065,56.1319
Axis Small Cap Fund - Regular - Growth,119095,831,25.284085265770727,38.93734078858991,52.790968211861184,71.89153618851122,111.33401082704269,56.1319
Axis Small Cap Fund - Regular - Growth,119095,832,25.287870048592975,38.87058519994608,52.77173060425851,71.86664596762574,111.83591122349542,56.1319
Axis Small Cap Fund - Regular - Growth,119095,833,25.35859995134471,38.85986424937195,52.76238447563254,71.92437494357954,111.73799730026677,56.1319
Axis Small Cap Fund - Regular - Growth,119095,834,25.37432147686449,38.81238322253968,52.83447831309098,71.83571313309115,111.34750598695898,56.1319
Axis Small Cap Fund - Regular - Growth,119095,835,25.317833796260874,38.80882153292964,52.68694109397741,71.9326942908893,111.30328735359153,56.1319
Axis Small Cap Fund - Regular - Growth,119095,836,25.31297723280493,38.79629853273303,52.73664711074524,71.88567418969684,111.37137614780379,56.1319
Axis Small Cap Fund - Regular - Growth,119095,837,25.33562957087314,38.87438655569904,52.80126246244921,71.8436346163002,111.1107795629858,56.1319
Axis Small Cap Fund - Regular - Growth,119095,838,25.305174008907176,38.829284198054154,52.7112752885876,71.94249421272723,111.25987645069263,56.1319
Axis Small Cap Fund - Regular - Growth,119095,839,25.230944196363236,38.82040578843173,52.75906483967379,71.91968770121254,111.32869827988172,56.1319
Axis Small Cap Fund - Regular - Growth,119095,840,25.261762623567733,38.74042921519022,52.7945370276986,71.8091133437621,111.8690698371511,56.1319
Axis Small Cap Fund - Regular - Growth,119095,841,25.31800373452087,38.815714851809666,52.75260833292022,72.04529684758424,111.53039660359316,56.1319
Axis Small Cap Fund - Regular - Growth,119095,842,25.19823296642592,38.861909414994194,52.71257858569358,71.98579254155422,111.86339295794875,56.1319
Axis Small Cap Fund - Regular - Growth,119095,843,25.254746893343665,38.79151686427304,52.65655819889366,71.90662079579377,111.5592695376755,56.1319
Axis Small Cap Fund - Regular - Growth,119095,844,25.254528381333692,38.87802176219111,52.61039319769949,71.87206549385579,112.01905688817172,56.1319
Axis Small Cap Fund - Regular - Growth,119095,845,25.15555266047759,38.77463708019738,52.60358622373693,71.87434221720054,112.29172713568119,56.1319
Axis Small Cap Fund - Regular - Growth,119095,846,25.09871596953902,38.8109710819528,52.593552213830414,71.90745285441169,112.42509906684045,56.1319
Axis Small Cap Fund - Regular - Growth,119095,847,25.115014533856474,38.73042377838921,52.67806371267095,71.9988953946126,111.94247969622253,56.1319
Axis Small Cap Fund - Regular - Growth,119095,848,25.02274184262838,38.75870927040479,52.67444210356459,72.03329596847688,112.187709230772,56.1319
Axis Small Cap Fund - Regular - Growth,119095,849,25.022173976828697,38.77509605714682,52.77205922550826,71.85965093267964,111.98185790628564,56.1319
Axis Small Cap Fund - Regular - Growth,119095,850,25.027268916493856,38.77475961599718,52.791355843279405,72.06373097804821,112.34835064705302,56.1319
Axis Small Cap Fund - Regular - Growth,119095,851,25.058381090808027,38.65698961223673,52.811342193217854,71.85373406544805,111.7629835952783,56.1319
Axis Small Cap Fund - Regular - Growth,119095,852,24.952162033386383,38.760252709114795,52.84168470530048,71.87391794477799,111.96152818364872,56.1319
Axis Small Cap Fund - Regular - Growth,119095,853,24.889365791253375,38.72234525869744,52.763765564837755,71.84567881853333,111.87766866592953,56.1319
Axis Small Cap Fund - Regular - Growth,119095,854,24.967360952529532,38.7445807288403,52.77303731807953,71.92647900235745,112.08076485785378,56.1319
Axis Small Cap Fund - Regular - Growth,119095,855,24.888901108475487,38.70280973304821,52.69960928016181,71.77929648419406,112.30307111806364,56.1319
Axis Small Cap Fund - Regular - Growth,119095,856,24.99611127170312,38.655206509076535,52.682024325739775,71.73338669926807,112.41820307398469,56.1319
Axis Small Cap Fund - Regular - Growth,119095,857,24.973354803212068,38.60408652984676,52.694755405975464,71.88811746162594,112.43935359729812,56.1319
Axis Small Cap Fund - Regular - Growth,119095,858,24.954223632958136,38.70897498704137,52.68742927751233,72.00195307255586,112.55086724398534,56.1319
Axis Small Cap Fund - Regular - Growth,119095,859,24.988077571641913,38.66843249935386,52.62856407754591,72.01225871667458,112.98464577241485,56.1319
Axis Small Cap Fund - Regular - Growth,119095,860,25.034748134402328,38.611257201388725,52.64749203982778,72.0996209577034,112.3724535399482,56.1319
Axis Small Cap Fund - Regular - Growth,119095,861,25.10814329014897,38.54890390622303,52.64116461573401,72.16675955976515,112.58373507170371,56.1319
Axis Small Cap Fund - Regular - Growth,119095,862,25.000229145046656,38.57384986530537,52.64489480698815,72.09412575743491,112.63781523966485,56.1319
Axis Small Cap Fund - Regular - Growth,119095,863,24.97425934616632,38.55241489533428,52.6480395824444,72.0786013128192,113.13593715775812,56.1319
Axis Small Cap Fund - Regular - Growth,119095,864,24.95747424281918,38.6506290256024,52.73300458820393,72.05685740916755,112.9493171160681,56.1319
Axis Small Cap Fund - Regular - Growth,119095,865,24.978269138406873,38.605894200665624,52.670553591891256,72.15649527979465,113.17251078661955,56.1319
Axis Small Cap Fund - Regular - Growth,119095,866,24.861875333870756,38.69873246932142,52.66494841213898,72.14030247108099,112.7522394085696,56.1319
Axis Small Cap Fund - Regular - Growth,119095,867,24.89602162897224,38.60753060093393,52.76702667242526,72.16934793400316,113.45881871218647,56.1319
Axis Small Cap Fund - Regular - Growth,119095,868,24.843980768983563,38.561862774497975,52.65863175746679,72.12568324686514,112.97106678975928,56.1319
Axis Small Cap Fund - Regular - Growth,119095,869,24.77932762013022,38.53358782391795,52.77509581348959,72.11495860172309,113.38870346161389,56.1319
Axis Small Cap Fund - Regular - Growth,119095,870,24.882095106814536,38.55024644151585,52.737086623182805,72.17163737355517,113.51496306230021,56.1319
Axis Small Cap Fund - Regular - Growth,119095,871,24.812687359838264,38.55811128881265,52.73111362226864,72.27993089101238,113.41698797946292,56.1319
Axis Small Cap Fund - Regular - Growth,119095,872,24.760038206016468,38.57939352170055,52.792402500301655,72.0853584789998,113.39812170032451,56.1319
Axis Small Cap Fund - Regular - Growth,119095,873,24.77090649705692,38.601454361005,52.73148452749045,72.0572914547087,113.70535337723216,56.1319
Axis Small Cap Fund - Regular - Growth,119095,874,24.709870183326846,38.55262874490735,52.76748603031707,72.1426958470853,113.59910385381208,56.1319
Axis Small Cap Fund - Regular - Growth,119095,875,24.691908004426722,38.648232649873385,52.65868292082105,72.0215774951569,113.42419188479413,56.1319
Axis Small Cap Fund - Regular - Growth,119095,876,24.770990283225554,38.55710181691441,52.63929146354313,72.18739321663725,113.98131069529589,56.1319
Axis Small Cap Fund - Regular - Growth,119095,877,24.708146046737536,38.510703022791915,52.7207379778184,72.19051917375216,114.23641576326443,56.1319
Axis Small Cap Fund - Regular - Growth,119095,878,24.742105644435647,38.552341541178976,52.75876725404596,72.17429402071265,114.40604082660595,56.1319
Axis Small Cap Fund - Regular - Growth,119095,879,24.819312495533495,38.49001852344921,52.70719128994085,72.19323963379452,114.57226695257198,56.1319
Axis Small Cap Fund - Regular - Growth,119095,880,24.772860162162974,38.619134355949114,52.644537750248,72.24287691552269,114.15131333262791,56.1319
Axis Small Cap Fund - Regular - Growth,119095,881,24.79774013561378,38.54422776906327,52.70659387741697,72.19481718337136,114.47043770162973,56.1319
Axis Small Cap Fund - Regular - Growth,119095,882,24.695249700169835,38.604033146902246,52.645337215724155,72.45077249731295,114.46224308587261,56.1319
Axis Small Cap Fund - Regular - Growth,119095,883,24.702332970314927,38.58731928522091,52.745764086995166,72.38251303488708,114.23835125291353,56.1319
Axis Small Cap Fund - Regular - Growth,119095,884,24.621699561800646,38.50601110641201,52.783391963670375,72.43337901755822,113.99977582845544,56.1319
Axis Small Cap Fund - Regular - Growth,119095,885,24.656546334298692,38.53920572253884,52.73962874121952,72.44501074901422,114.16214732184817,56.1319
Axis Small Cap Fund - Regular - Growth,119095,886,24.64634922303412,38.56377315775312,52.699021297921405,72.55661985970848,114.58684702028796,56.1319
Axis Small Cap Fund - Regular - Growth,119095,887,24.567127682223003,38.54705516420159,52.71399184840678,72.44945292472465,114.58958757949718,56.1319
Axis Small Cap Fund - Regular - Growth,119095,888,24.525372233096117,38.54954554866143,52.763458377493045,72.4653406631201,114.62300938047834,56.1319
Axis Small Cap Fund - Regular - Growth,119095,889,24.515425970983934,38.48441708700433,52.830449582703594,72.43550306187095,114.81123834483004,56.1319
Axis Small Cap Fund - Regular - Growth,119095,890,24.532846476276795,38.47178475101556,52.75858099551976,72.40594452801525,114.484973503952,56.1319
Axis Small Cap Fund - Regular - Growth,119095,891,24.47410557862778,38.48266525962038,52.806231968136444,72.30372996700993,114.43526969833944,56.1319
Axis Small Cap Fund - Regular - Growth,119095,892,24.566463561598383,38.46715162103826,52.73047856681988,72.33107474034072,114.73744686723825,56.1319
Axis Small Cap Fund - Regular - Growth,119095,893,24.531311274612463,38.47100559993631,52.73928728537296,72.4045803817192,114.94989261878494,56.1319
Axis Small Cap Fund - Regular - Growth,119095,894,24.565573588036678,38.519641109809506,52.70602233561555,72.39900864080059,115.32278209661436,56.1319
Axis Small Cap Fund - Regular - Growth,119095,895,24.58417525158294,38.490927710541264,52.6830400837942,72.29417777294546,114.9414418694916,56.1319
Axis Small Cap Fund - Regular - Growth,119095,896,24.558863245885977,38.39448538426745,52.676159289848094,72.39521725452495,115.13082769793888,56.1319
Axis Small Cap Fund - Regular - Growth,119095,897,24.556836430548785,38.412323336817366,52.650707527662746,72.25893378144539,114.69891777148419,56.1319
Axis Small Cap Fund - Regular - Growth,119095,898,24.4964294801855,38.36705076112794,52.70641793328866,72.37161984945169,115.25894704004463,56.1319
Axis Small Cap Fund - Regular - Growth,119095,899,24.504763733162747,38.39512858409648,52.71235117946778,72.3513126655672,114.86783172250946,56.1319
Axis Small Cap Fund - Regular - Growth,119095,900,24.598044329407582,38.36970672864185,52.79653397986998,72.29317244476795,115.10705616670623,56.1319
Axis Small Cap Fund - Regular - Growth,119095,901,24.5264147204183,38.36916770441016,52.77126329306299,72.40520074883713,114.98429156990696,56.1319
Axis Small Cap Fund - Regular - Growth,119095,902,24.451524259818136,38.42545128730621,52.87264139976941,72.24630366381459,114.73316687687057,56.1319
Axis Small Cap Fund - Regular - Growth,119095,903,24.41684528135875,38.394218627497175,52.82673503163199,72.29290061856926,115.55235743048239,56.1319
Axis Small Cap Fund - Regular - Growth,119095,904,24.389621897114047,38.33830380448574,52.7590616680303,72.44572952417613,115.71880185372642,56.1319
Axis Small Cap Fund - Regular - Growth,119095,905,24.40206735156237,38.34319447954757,52.72931546576301,72.55723795509553,115.92494355810122,56.1319
Axis Small Cap Fund - Regular - Growth,119095,906,24.40534085483508,38.344041844893276,52.60682159020919,72.50549172570611,115.9116765216871,56.1319
Axis Small Cap Fund - Regular - Growth,119095,907,24.4227247715734,38.320844927217024,52.70013068092965,72.51985160526914,115.4679095888277,56.1319
Axis Small Cap Fund - Regular - Growth,119095,908,24.3297172971051,38.266198861587256,52.80252246688532,72.44884518894884,115.61168067703015,56.1319
Axis Small Cap Fund - Regular - Growth,119095,909,24.307668709027052,38.26931141687524,52.80553734598893,72.51929257155612,115.77564087198546,56.1319
Axis Small Cap Fund - Regular - Growth,119095,910,24.35854968425839,38.23634887128234,52.79975332800829,72.60239856627159,115.75154492365805,56.1319
Axis Small Cap Fund - Regular - Growth,119095,911,24.30720410511012,38.24240496130693,52.81167686491449,72.58828409398615,116.24448565958814,56.1319
Axis Small Cap Fund - Regular - Growth,119095,912,24.327156391153423,38.18434889343226,52.84098873928868,72.55266590439382,116.47249422750421,56.1319
Axis Small Cap Fund - Regular - Growth,119095,913,24.32434235766025,38.200793782685146,52.72305692609781,72.48712410993012,116.49398460385095,56.1319
Axis Small Cap Fund - Regular - Growth,119095,914,24.26958560224972,38.1548352910674,52.652426972310465,72.66998674172434,116.6494424060706,56.1319
Axis Small Cap Fund - Regular - Growth,119095,915,24.301051070953722,38.16046579603078,52.75309965706712,72.68919618188929,116.4730454492132,56.1319
Axis Small Cap Fund - Regular - Growth,119095,916,24.221025783673475,38.20258974395436,52.7061188913335,72.64005647424938,116.15475856660557,56.1319
Axis Small Cap Fund - Regular - Growth,119095,917,24.291361553361355,38.17001311611783,52.54966101306286,72.63573781072955,116.1689286808659,56.1319
Axis Small Cap Fund - Regular - Growth,119095,918,24.241962617554908,38.14512373366291,52.51331030084077,72.63910974705996,116.34936113759638,56.1319
Axis Small Cap Fund - Regular - Growth,119095,919,24.276218565461896,38.115102287866314,52.5432904630958,72.74973780965138,116.47307711725352,56.1319
Axis Small Cap Fund - Regular - Growth,119095,920,24.356062482906445,38.144910611948156,52.57886415537217,72.61514960015602,116.56913816297757,56.1319
Axis Small Cap Fund - Regular - Growth,119095,921,24.280429000321494,38.155009642630006,52.452034264612166,72.78045932880008,116.40663470207707,56.1319
Axis Small Cap Fund - Regular - Growth,119095,922,24.250269089748315,38.24093709010151,52.672585066423686,72.68412599678118,116.3518197889781,56.1319
Axis Small Cap Fund - Regular - Growth,119095,923,24.205151738604204,38.24227785076755,52.61165292494218,72.76853543235839,116.3642067077802,56.1319
Axis Small Cap Fund - Regular - Growth,119095,924,24.164205321722594,38.222574303900174,52.6241599185085,72.67788905216534,116.59833261247441,56.1319
Axis Small Cap Fund - Regular - Growth,119095,925,24.180155851204454,38.22943348410027,52.492924519012675,72.6964399868243,116.11633654226338,56.1319
Axis Small Cap Fund - Regular - Growth,119095,926,24.1993315199529,38.19628400535916,52.45734046627935,72.57668185683116,116.48305279492793,56.1319
Axis Small Cap Fund - Regular - Growth,119095,927,24.15132348787985,38.20048483602629,52.602521405236104,72.62719648810378,116.29837839749528,56.1319
Axis Small Cap Fund - Regular - Growth,119095,928,24.16927899280676,38.144006673002266,52.596540880320134,72.81626577698037,116.44448858173332,56.1319
Axis Small Cap Fund - Regular - Growth,119095,929,24.2030480823561,38.158522199184794,52.56779433348737,72.90964755716774,116.59739922867556,56.1319
Axis Small Cap Fund - Regular - Growth,119095,930,24.211279690063314,38.17373514023166,52.485718468383574,72.63186533688568,116.75317530634875,56.1319
Axis Small Cap Fund - Regular - Growth,119095,931,24.17735635078106,38.137118965698235,52.53306328298743,72.61059158153344,116.75571805617817,56.1319
Axis Small Cap Fund - Regular - Growth,119095,932,24.11010920434269,38.055096623728886,52.59938663742638,72.58280259958562,116.72507411460232,56.1319
Axis Small Cap Fund - Regular - Growth,119095,933,24.11742789275087,38.062022728556826,52.65798057689359,72.70389998146932,116.75206452151698,56.1319
Axis Small Cap Fund - Regular - Growth,119095,934,24.11658383655642,38.10982838514749,52.607937300157545,72.63904552257999,116.53302266368269,56.1319
Axis Small Cap Fund - Regular - Growth,119095,935,24.142498097692243,38.07335531446316,52.568071481795556,72.65825709046828,117.18155409429238,56.1319
Axis Small Cap Fund - Regular - Growth,119095,936,24.0544876991349,38.13586578548518,52.54095457927644,72.79652333753862,116.96754844231634,56.1319
Axis Small Cap Fund - Regular - Growth,119095,937,24.02572817879157,38.15338163509854,52.591683629184224,72.67362718413068,117.53244857518237,56.1319
Axis Small Cap Fund - Regular - Growth,119095,938,23.918377389777515,37.98318590339519,52.521642834486556,72.60793391788391,116.78223481977633,56.1319
Axis Small Cap Fund - Regular - Growth,119095,939,23.96383863152409,37.96246782237097,52.45360701052812,72.58992567884411,116.52116266583283,56.1319
Axis Small Cap Fund - Regular - Growth,119095,940,23.86778438470354,38.025900776422574,52.4716608661269,72.6816680440263,117.01241162194566,56.1319
Axis Small Cap Fund - Regular - Growth,119095,941,23.807211352924316,38.017566891154495,52.39405818690351,72.5262272963102,117.1024140571075,56.1319
Axis Small Cap Fund - Regular - Growth,119095,942,23.864851620648142,37.98305181496949,52.52305719380301,72.47110635319328,117.07984169064387,56.1319
Axis Small Cap Fund - Regular - Growth,119095,943,23.876428351030818,37.942356062257076,52.536226608503185,72.58555240132686,117.22413001701698,56.1319
Axis Small Cap Fund - Regular - Growth,119095,944,23.82461260436763,37.96603632021273,52.4228973783587,72.71896594938421,117.34547262970882,56.1319
Axis Small Cap Fund - Regular - Growth,119095,945,23.803976034373797,37.93513488767844,52.45547547473322,72.62027746513387,117.33157258199624,56.1319
Axis Small Cap Fund - Regular - Growth,119095,946,23.936070458406398,37.892705880677184,52.498019544887754,72.6119048263672,117.22527498204795,56.1319
Axis Small Cap Fund - Regular - Growth,119095,947,23.90702242331241,37.92521147791516,52.45401361830726,72.79437317841439,117.09553305157591,56.1319
Axis Small Cap Fund - Regular - Growth,119095,948,23.881696311155558,37.87131405002392,52.39690094405721,73.01060199126903,116.59693588624752,56.1319
Axis Small Cap Fund - Regular - Growth,119095,949,23.86739538885284,37.99372307633495,52.42260365326202,72.93758916461948,116.76131024159805,56.1319
Axis Small Cap Fund - Regular - Growth,119095,950,23.874043845435455,37.93096065104474,52.46125735255292,72.96306942641341,116.56848708141929,56.1319
Axis Small Cap Fund - Regular - Growth,119095,951,23.769260565160355,37.83520062053664,52.4254932307133,73.1163479516219,116.81681732520161,56.1319
Axis Small Cap Fund - Regular - Growth,119095,952,23.795731925023947,37.894361414415954,52.435407756982,73.05632965745117,116.85881610011103,56.1319
Axis Small Cap Fund - Regular - Growth,119095,953,23.821797883169886,37.84977046673874,52.41735385959275,73.10349558103958,117.0645972006338,56.1319
Axis Small Cap Fund - Regular - Growth,119095,954,23.744962079076913,37.8376331725097,52.48439470699676,73.12495866296746,116.88267718281283,56.1319
Axis Small Cap Fund - Regular - Growth,119095,955,23.759176472217167,37.90531229871361,52.40245816660119,73.16544762755507,116.75630497334934,56.1319
Axis Small Cap Fund - Regular - Growth,119095,956,23.69048746654353,37.984135253767136,52.294604797417065,73.11826424704152,116.69678929179322,56.1319
Axis Small Cap Fund - Regular - Growth,119095,957,23.74593145327815,37.884714359208765,52.2819454218083,73.12795941561353,116.57222945715976,56.1319
Axis Small Cap Fund - Regular - Growth,119095,958,23.778407145379195,37.8455304694375,52.27467927812596,73.01732938553748,116.7965591332377,56.1319
Axis Small Cap Fund - Regular - Growth,119095,959,23.708624568884332,37.78004234949036,52.30080040924756,73.04376197153391,116.98122039406715,56.1319
Axis Small Cap Fund - Regular - Growth,119095,960,23.774040003306432,37.76678930871667,52.322341872402134,73.05097255978633,117.23025888380326,56.1319
Axis Small Cap Fund - Regular - Growth,119095,961,23.6194564852671,37.797949230618705,52.377827651287596,73.26951161112143,117.17497237776819,56.1319
Axis Small Cap Fund - Regular - Growth,119095,962,23.64078516007431,37.87624232550744,52.31416046227642,73.09876565182114,117.31165905220186,56.1319
Axis Small Cap Fund - Regular - Growth,119095,963,23.644073437211542,37.8067920935449,52.452194257003626,73.1077563690781,117.42964247194607,56.1319
Axis Small Cap Fund - Regular - Growth,119095,964,23.579689940116516,37.790630968237394,52.446841295583596,73.20861923560896,116.99721196984234,56.1319
Axis Small Cap Fund - Regular - Growth,119095,965,23.593212421632515,37.673523433213795,52.39992619018971,73.20155293433189,117.2103331507027,56.1319
Axis Small Cap Fund - Regular - Growth,119095,966,23.554817287001452,37.65823574125125,52.369473598540424,73.20424719471244,117.17857867696858,56.1319
Axis Small Cap Fund - Regular - Growth,119095,967,23.500718951732917,37.63619786207315,52.325957887963526,73.08947713955885,117.11622029282037,56.1319
Axis Small Cap Fund - Regular - Growth,119095,968,23.645460086761666,37.57349412273795,52.24970408345824,73.19669417931624,117.30559175901426,56.1319
Axis Small Cap Fund - Regular - Growth,119095,969,23.660202493705512,37.58411497415573,52.25963621357114,73.14613630025912,116.87517798989818,56.1319
Axis Small Cap Fund - Regular - Growth,119095,970,23.654371576897187,37.623611833853516,52.213713798983804,73.19970210359125,117.5041756088422,56.1319
Axis Small Cap Fund - Regular - Growth,119095,971,23.63801828042944,37.64315736384844,52.29992604061915,73.23032996700542,117.62358069299505,56.1319
Axis Small Cap Fund - Regular - Growth,119095,972,23.529953764229152,37.57950021694684,52.2686845720157,73.11421489565481,117.77990631358858,56.1319
Axis Small Cap Fund - Regular - Growth,119095,973,23.577000295470985,37.58723086183142,52.178712127974464,73.3213329104884,117.42409216742698,56.1319
Axis Small Cap Fund - Regular - Growth,119095,974,23.59825403066118,37.559516465271585,52.212712637847616,73.25015899016636,117.35846013624172,56.1319
Axis Small Cap Fund - Regular - Growth,119095,975,23.529652823614146,37.481799930710835,52.17287486933641,73.2605195329163,117.53275130877513,56.1319
Axis Small Cap Fund - Regular - Growth,119095,976,23.51287729040732,37.60471536189871,52.21988937106119,73.24950264584523,117.2889605014965,56.1319
Axis Small Cap Fund - Regular - Growth,119095,977,23.454778371315786,37.58206303996405,52.31849361990534,73.25179337149862,117.3540450591866,56.1319
Axis Small Cap Fund - Regular - Growth,119095,978,23.462108632800454,37.55057657556438,52.305041999815174,73.22270043082177,117.42505255501314,56.1319
Axis Small Cap Fund - Regular - Growth,119095,979,23.46992828727881,37.664856953023104,52.38943153610434,73.30074939222749,117.7515328173803,56.1319
Axis Small Cap Fund - Regular - Growth,119095,980,23.52127372957691,37.62638843385544,52.37381891535689,73.48455485354395,117.34228447171203,56.1319
Axis Small Cap Fund - Regular - Growth,119095,981,23.426028306937738,37.7520794899371,52.26491473222837,73.40597401102252,117.49469270093334,56.1319
Axis Small Cap Fund - Regular - Growth,119095,982,23.40039331338574,37.69744806633569,52.35459007612498,73.53004582128901,117.44499930063658,56.1319
Axis Small Cap Fund - Regular - Growth,119095,983,23.29959980623559,37.71798492648752,52.362246635240474,73.38627184246707,117.38682457103364,56.1319
Axis Small Cap Fund - Regular - Growth,119095,984,23.3721045495574,37.60312448421676,52.33157123573346,73.43942547291402,117.86692662729406,56.1319
Axis Small Cap Fund - Regular - Growth,119095,985,23.313156929587166,37.61568590208991,52.38242963586052,73.30159347123754,117.62471467300058,56.1319
Axis Small Cap Fund - Regular - Growth,119095,986,23.287090101197304,37.591205898354886,52.25786429039492,73.33609360689205,117.6580548428978,56.1319
Axis Small Cap Fund - Regular - Growth,119095,987,23.326414746646876,37.570022345639735,52.219077021863754,73.3077787924787,117.48854552382947,56.1319
Axis Small Cap Fund - Regular - Growth,119095,988,23.331182729888138,37.556853416085076,52.21488168634782,73.47292182164361,117.94991927119734,56.1319
Axis Small Cap Fund - Regular - Growth,119095,989,23.294453672395875,37.59920268076192,52.27873158310474,73.64097637830831,117.77887184605558,56.1319
Axis Small Cap Fund - Regular - Growth,119095,990,23.282555950505404,37.613081619014935,52.18036759474673,73.53871634954825,117.95922969559494,56.1319
Axis Small Cap Fund - Regular - Growth,119095,991,23.334972028723463,37.57053653608352,52.26881464922516,73.4623107700942,118.08322591065624,56.1319
Axis Small Cap Fund - Regular - Growth,119095,992,23.29178168565914,37.57492034861581,52.20096659895451,73.52097894957316,117.97145764098877,56.1319
Axis Small Cap Fund - Regular - Growth,119095,993,23.268700941594666,37.4934186310732,52.26361266910385,73.49976297582576,118.35230066465195,56.1319
Axis Small Cap Fund - Regular - Growth,119095,994,23.282817409516216,37.579366723239296,52.397584775621254,73.43929929995934,118.50132370999356,56.1319
Axis Small Cap Fund - Regular - Growth,119095,995,23.315912937240626,37.586004498669226,52.34417384606712,73.29421717775584,118.04853390169157,56.1319
Axis Small Cap Fund - Regular - Growth,119095,996,23.3415986386415,37.486279144802815,52.33879843518967,73.32933873450133,118.23116628335424,56.1319
Axis Small Cap Fund - Regular - Growth,119095,997,23.27402967534959,37.36709201156655,52.407226232174885,73.26095484216447,118.75649836383668,56.1319
Axis Small Cap Fund - Regular - Growth,119095,998,23.225392332116936,37.44097657648916,52.25107903823387,73.44857203766163,118.73518769380185,56.1319
Axis Small Cap Fund - Regular - Growth,119095,999,23.306039360509256,37.406808789961005,52.33013620730056,73.39253611618219,118.84853772281913,56.1319
Axis Small Cap Fund - Regular - Growth,119095,1000,23.33758018244509,37.47515427331356,52.33227290997817,73.37032021967254,119.22884195839585,56.1319
Axis Small Cap Fund - Regular - Growth,119095,1001,23.327216676094515,37.39500643479968,52.35733599812279,73.43461177148083,119.08546719633419,56.1319
Axis Small Cap Fund - Regular - Growth,119095,1002,23.18627531618589,37.44043242028398,52.35778295534921,73.49499341369388,118.91536574183571,56.1319
Axis Small Cap Fund - Regular - Growth,119095,1003,23.200094753741013,37.43818345927627,52.31024531248852,73.64476574768335,119.18532122892317,56.1319
Axis Small Cap Fund - Regular - Growth,119095,1004,23.182003133873337,37.383042927711315,52.37566318320402,73.55706359980343,118.77573540265914,56.1319
Axis Small Cap Fund - Regular - Growth,119095,1005,23.27309665257332,37.36870241444508,52.26644156424557,73.53833720654767,118.90255226309974,56.1319
Axis Small Cap Fund - Regular - Growth,119095,1006,23.213870727569613,37.45905392204109,52.23656757971061,73.6403942552201,118.70691410945746,56.1319
Axis Small Cap Fund - Regular - Growth,119095,1007,23.159451672780104,37.3541420697339,52.35026196138438,73.64372494898628,118.87896978205002,56.1319
Axis Small Cap Fund - Regular - Growth,119095,1008,23.20674296326106,37.400183769780924,52.28524495427686,73.56760791522869,119.00359246761252,56.1319
Axis Small Cap Fund - Regular - Growth,119095,1009,23.098718238839503,37.405609795389026,52.3115114281147,73.63387404924327,118.96629745009508,56.1319
Axis Small Cap Fund - Regular - Growth,119095,1010,23.13406499495952,37.4760573592586,52.37788855061467,73.58425246462942,119.36708252734314,56.1319
Axis Small Cap Fund - Regular - Growth,119095,1011,23.06678586521437,37.45889743231201,52.35171692498099,73.34919900971381,119.61516650857615,56.1319
Axis Small Cap Fund - Regular - Growth,119095,1012,23.076116890551134,37.48618026859279,52.321031789435835,73.47023959214889,119.97766718666661,56.1319
Axis Small Cap Fund - Regular - Growth,119095,1013,23.01689401422131,37.448432768844015,52.41962107904676,73.35854722182117,119.80700329494653,56.1319
Axis Small Cap Fund - Regular - Growth,119095,1014,23.04075056652486,37.38444512629121,52.38597847174037,73.40436735703724,120.1283101420611,56.1319
Axis Small Cap Fund - Regular - Growth,119095,1015,23.0776964559712,37.49755744167617,52.44920906972994,73.34035451789667,119.93354662780804,56.1319
Axis Small Cap Fund - Regular - Growth,119095,1016,22.989179332820207,37.44400358767453,52.42796395012721,73.31168785767744,119.94468665072378,56.1319
Axis Small Cap Fund - Regular - Growth,119095,1017,22.98942258629229,37.42205853527959,52.373215581096794,73.50174489580337,119.72879884936378,56.1319
Axis Small Cap Fund - Regular - Growth,119095,1018,22.94004796679574,37.42876044039778,52.44305215085423,73.57168878546922,119.89677637569658,56.1319
Axis Small Cap Fund - Regular - Growth,119095,1019,22.97891135359418,37.395030626993254,52.41453560100406,73.44112448699805,119.57513697499827,56.1319
Axis Small Cap Fund - Regular - Growth,119095,1020,23.000786784423312,37.400093148981654,52.407250673247006,73.37581091262457,120.01684670824251,56.1319
Axis Small Cap Fund - Regular - Growth,119095,1021,22.98256247470303,37.43204879779425,52.44261333906165,73.44370694717836,119.92659193964954,56.1319
Axis Small Cap Fund - Regular - Growth,119095,1022,22.971304209013244,37.46939359014873,52.40122572628728,73.36395179324417,119.87885700772706,56.1319
Axis Small Cap Fund - Regular - Growth,119095,1023,22.8730472340979,37.37686184654154,52.41281267707362,73.37723756649144,120.18799792229846,56.1319
Axis Small Cap Fund - Regular - Growth,119095,1024,22.85062825028196,37.421345170076634,52.37754623559256,73.38310622945275,120.59867794776684,56.1319
Axis Small Cap Fund - Regular - Growth,119095,1025,22.903391593621375,37.41956761104675,52.416023240042776,73.59750248301513,120.09103175970422,56.1319
Axis Small Cap Fund - Regular - Growth,119095,1026,22.883563672508558,37.37844103796148,52.40021905447544,73.61151466200977,120.35154273716988,56.1319
Axis Small Cap Fund - Regular - Growth,119095,1027,22.83917437020117,37.33686425079627,52.35792654774899,73.56610502060315,120.3190561029571,56.1319
Axis Small Cap Fund - Regular - Growth,119095,1028,22.641304016206178,37.3349053580323,52.3151219887659,73.6564254196058,120.21988827909057,56.1319
Axis Small Cap Fund - Regular - Growth,119095,1029,22.632866168496932,37.40978781316767,52.34316760737625,73.53489445537781,120.50122135485341,56.1319
Axis Small Cap Fund - Regular - Growth,119095,1030,22.64852915521236,37.336010226222086,52.29205655081084,73.5745084510037,120.57449916113107,56.1319
Axis Small Cap Fund - Regular - Growth,119095,1031,22.735188174092233,37.38021332962216,52.24194490438428,73.56009530625094,120.55754319808608,56.1319
Axis Small Cap Fund - Regular - Growth,119095,1032,22.65995348334348,37.34244290824947,52.283793569518004,73.67527186753564,121.2805648504571,56.1319
Axis Small Cap Fund - Regular - Growth,119095,1033,22.723889177949978,37.34928926413932,52.23547332883474,73.72331662169056,120.86779587965604,56.1319
Axis Small Cap Fund - Regular - Growth,119095,1034,22.69179893735997,37.34510232976895,52.23698421033765,73.5631133022274,121.2934021959115,56.1319
Axis Small Cap Fund - Regular - Growth,119095,1035,22.596778275264832,37.369626249640305,52.20898578269278,73.73906649561727,120.96329296115533,56.1319
Axis Small Cap Fund - Regular - Growth,119095,1036,22.57518606547862,37.34729211785604,52.223763240525976,73.8564843523023,120.59243099594025,56.1319
Axis Small Cap Fund - Regular - Growth,119095,1037,22.46458534948551,37.343236474589304,52.21997142413693,73.80716260840818,120.55965327472208,56.1319
Axis Small Cap Fund - Regular - Growth,119095,1038,22.49289433600559,37.32356909137088,52.200012008300156,73.66753112103245,120.95898977400738,56.1319
Axis Small Cap Fund - Regular - Growth,119095,1039,22.41032781512968,37.26465886314887,52.09690017233254,73.83812042490905,120.53752447875797,56.1319
Axis Small Cap Fund - Regular - Growth,119095,1040,22.401377238062185,37.32771226465159,52.10542634324524,73.91361729446547,120.3755683516069,56.1319
Axis Small Cap Fund - Regular - Growth,119095,1041,22.49728981445568,37.282301692069154,52.18606536132285,73.8179234162066,120.78708355387757,56.1319
Axis Small Cap Fund - Regular - Growth,119095,1042,22.40602346076199,37.228445814301644,52.112082914811694,73.8695238957761,120.79057231283204,56.1319
Axis Small Cap Fund - Regular - Growth,119095,1043,22.384782625164426,37.173811185967836,52.127636769290774,73.83044177377032,121.20556359977604,56.1319
Axis Small Cap Fund - Regular - Growth,119095,1044,22.469228592089042,37.166122063310695,52.20359679934488,73.83136421594119,120.97805050951622,56.1319
Axis Small Cap Fund - Regular - Growth,119095,1045,22.35768729835117,37.16246418113549,52.15944408640699,73.91118239166632,120.88511559998486,56.1319
Axis Small Cap Fund - Regular - Growth,119095,1046,22.40058745174831,37.19307810589086,52.09516438109608,74.08234980640232,120.60357829601044,56.1319
Axis Small Cap Fund - Regular - Growth,119095,1047,22.43532276235861,37.2670137903782,52.142721664140936,74.13911505136014,120.37657113002011,56.1319
Axis Small Cap Fund - Regular - Growth,119095,1048,22.41884426657541,37.156712676970706,52.13210657370714,74.15315216862885,120.46180261056935,56.1319
Axis Small Cap Fund - Regular - Growth,119095,1049,22.32369803386674,37.147754707817434,52.10566063939625,74.0886725125878,120.93450585924695,56.1319
Axis Small Cap Fund - Regular - Growth,119095,1050,22.337745416244086,37.15505798455003,51.9743838909386,74.13331478845551,121.12481102662346,56.1319
Axis Small Cap Fund - Regular - Growth,119095,1051,22.346044050963513,37.18086972777198,52.103114868917146,74.139383119759,121.30428946951862,56.1319
Axis Small Cap Fund - Regular - Growth,119095,1052,22.390126017928615,37.207711087105274,52.1670160772603,74.17545720387974,121.04747953771289,56.1319
Axis Small Cap Fund - Regular - Growth,119095,1053,22.388183498282057,37.14609316059125,52.2234289997087,74.17365733321141,121.25085772388157,56.1319
Axis Small Cap Fund - Regular - Growth,119095,1054,22.37940859499265,37.17304108639591,52.12253534590535,74.2387319951791,121.28131281713485,56.1319
Axis Small Cap Fund - Regular - Growth,119095,1055,22.368193561058316,37.10267543513567,52.04992499379415,74.2724747724497,121.91391424930308,56.1319
Axis Small Cap Fund - Regular - Growth,119095,1056,22.354049892292746,37.16531672772167,52.13478538906769,74.18710214977256,121.6983863762782,56.1319
Axis Small Cap Fund - Regular - Growth,119095,1057,22.375795089465143,37.15035297578596,52.059870737104,74.19893591993237,121.44726525524521,56.1319
Axis Small Cap Fund - Regular - Growth,119095,1058,22.40043108648136,37.16579251271921,52.19825772524393,74.099660727426,121.71300091622042,56.1319
Axis Small Cap Fund - Regular - Growth,119095,1059,22.39230907541197,37.12560822888983,52.04248045915301,74.30530329172629,121.8071449081872,56.1319
Axis Small Cap Fund - Regular - Growth,119095,1060,22.38724279346545,37.205727761683946,52.03026871428891,74.26550139571881,121.73639906058904,56.1319
Axis Small Cap Fund - Regular - Growth,119095,1061,22.383855917989226,37.21380439958048,52.07159017086873,74.11545536046499,121.69907989113075,56.1319
Axis Small Cap Fund - Regular - Growth,119095,1062,22.340588030397246,37.207873051900556,52.09090644262935,74.17025017569921,121.92922966628024,56.1319
Axis Small Cap Fund - Regular - Growth,119095,1063,22.379271403153457,37.2051142854923,52.10171287055587,74.10764157792039,122.0192289362036,56.1319
Axis Small Cap Fund - Regular - Growth,119095,1064,22.282088758962274,37.205864858915994,52.0619384910872,74.32116859506233,121.81498473723397,56.1319
Axis Small Cap Fund - Regular - Growth,119095,1065,22.275201622773594,37.13183987840735,52.03160533469493,74.35842000099646,121.72287879256201,56.1319
Axis Small Cap Fund - Regular - Growth,119095,1066,22.29367136744276,37.06501209298449,52.02089244608205,74.33853324799826,121.88097873344799,56.1319
Axis Small Cap Fund - Regular - Growth,119095,1067,22.31563690416739,37.00207118247199,51.98628178294629,74.33123097996445,121.43231989709653,56.1319
Axis Small Cap Fund - Regular - Growth,119095,1068,22.385395007486345,36.977859044418864,51.9376131175164,74.42556019827008,121.47685639169741,56.1319
Axis Small Cap Fund - Regular - Growth,119095,1069,22.346979640151293,37.013614183101375,51.89033177196771,74.21767497080893,121.46533595785402,56.1319
Axis Small Cap Fund - Regular - Growth,119095,1070,22.322500088924336,36.99878649972359,51.787283781910986,74.30403507624425,121.93767351798455,56.1319
Axis Small Cap Fund - Regular - Growth,119095,1071,22.325061097326383,36.978226654672724,51.88077188348652,74.57986851502329,121.96748436476744,56.1319
Axis Small Cap Fund - Regular - Growth,119095,1072,22.335261313225406,36.926324600996466,51.93556185740209,74.50655040288676,121.78279877079666,56.1319
Axis Small Cap Fund - Regular - Growth,119095,1073,22.342714966183475,36.93300670273085,51.99431270353989,74.44629583640514,121.88809446252472,56.1319
Axis Small Cap Fund - Regular - Growth,119095,1074,22.375565792511022,36.9003244667833,51.949293727749186,74.58222887266342,121.90422881727454,56.1319
Axis Small Cap Fund - Regular - Growth,119095,1075,22.35590546631359,36.9331248685628,51.89554827693445,74.49449707630663,122.28449983097192,56.1319
Axis Small Cap Fund - Regular - Growth,119095,1076,22.32343415501913,36.876692764531214,51.95293061514556,74.54076456618189,122.36395087673391,56.1319
Axis Small Cap Fund - Regular - Growth,119095,1077,22.34531194480986,36.972277440547245,52.05797261788086,74.47657600543494,122.40898605859951,56.1319
Axis Small Cap Fund - Regular - Growth,119095,1078,22.35312228101978,36.865668458964365,51.92263611159535,74.52357452255985,122.81965100288193,56.1319
Axis Small Cap Fund - Regular - Growth,119095,1079,22.372402264532777,36.85038200762292,51.951808439794874,74.48923245103393,122.79503370839683,56.1319
Axis Small Cap Fund - Regular - Growth,119095,1080,22.356672561792447,36.80793831813353,51.91580749124739,74.56723565656714,122.31137732050779,56.1319
Axis Small Cap Fund - Regular - Growth,119095,1081,22.313578208770235,36.86757398456561,51.95412994497749,74.63606535877543,122.51258961977935,56.1319
Axis Small Cap Fund - Regular - Growth,119095,1082,22.290020678926318,36.730407015766886,52.081624472699794,74.61722307486046,122.60558872179239,56.1319
Axis Small Cap Fund - Regular - Growth,119095,1083,22.298559924958887,36.661767616507426,52.02304422777689,74.66917832879824,122.55231782949478,56.1319
Axis Small Cap Fund - Regular - Growth,119095,1084,22.29840890247407,36.69228854710925,52.01106294419925,74.62446717595942,122.21721348677667,56.1319
Axis Small Cap Fund - Regular - Growth,119095,1085,22.321629990789702,36.710320861355356,51.9570507155482,74.48716082922402,122.07156452483957,56.1319
Axis Small Cap Fund - Regular - Growth,119095,1086,22.29605229439938,36.67133523314457,52.06364696912853,74.5048756419048,121.9585191023558,56.1319
Axis Small Cap Fund - Regular - Growth,119095,1087,22.236086873712622,36.67129997210577,52.072006458684704,74.6284745271442,122.691658917479,56.1319
Axis Small Cap Fund - Regular - Growth,119095,1088,22.149903688031632,36.74658572691218,51.98568717987822,74.64594926528613,122.8915777845714,56.1319
Axis Small Cap Fund - Regular - Growth,119095,1089,22.137776651528185,36.78656644067871,51.973424183019546,74.56828509011672,122.55707951224507,56.1319
Axis Small Cap Fund - Regular - Growth,119095,1090,22.09343517906956,36.720164625728344,52.00444070030714,74.82661780480235,122.41591977087548,56.1319
Axis Small Cap Fund - Regular - Growth,119095,1091,22.09964790511749,36.85156176956955,52.06528710300087,74.77801852719821,122.60875530336355,56.1319
Axis Small Cap Fund - Regular - Growth,119095,1092,22.10323943079618,36.79528823657649,52.06895801441782,74.81966360989722,122.70274083245282,56.1319
Axis Small Cap Fund - Regular - Growth,119095,1093,22.009741640793013,36.77635667345088,52.019338722795844,74.68603889217863,122.59401682765802,56.1319
Axis Small Cap Fund - Regular - Growth,119095,1094,22.023462228652885,36.81807256612194,51.96846581234932,74.55792977242766,122.79336777254457,56.1319
Axis Small Cap Fund - Regular - Growth,119095,1095,22.02980384839402,36.715437106120575,51.961778921971494,74.65764940486292,122.55313240787012,56.1319
Axis Small Cap Fund - Regular - Growth,119095,1096,22.01705629288166,36.7997958678198,51.88987377209079,74.56690386422764,122.9180045215659,56.1319
Axis Small Cap Fund - Regular - Growth,119095,1097,22.085634895227358,36.708065689386544,51.97949498868719,74.67428041393362,122.93411390897913,56.1319
Axis Small Cap Fund - Regular - Growth,119095,1098,21.95342031180093,36.66529265173448,51.92130829643854,74.5181219870189,123.17594189190407,56.1319
Axis Small Cap Fund - Regular - Growth,119095,1099,22.03299585459547,36.73562292314469,51.97968645026447,74.6431153863519,123.03690429082548,56.1319
Axis Small Cap Fund - Regular - Growth,119095,1100,22.016720886784956,36.66979773526829,51.97511987119908,74.62727579161435,123.1650403833326,56.1319
Axis Small Cap Fund - Regular - Growth,119095,1101,22.012435185878726,36.64045828582396,52.007069501033016,74.68199736791428,122.79528564487599,56.1319
Axis Small Cap Fund - Regular - Growth,119095,1102,22.045395299522795,36.65422293567177,52.01494701541933,74.48673338246918,123.10666032219659,56.1319
Axis Small Cap Fund - Regular - Growth,119095,1103,21.89213998199883,36.69406014186487,52.065934173957615,74.53902782232944,122.90460934801648,56.1319
Axis Small Cap Fund - Regular - Growth,119095,1104,22.01643680096694,36.63004053766636,52.08078399337264,74.60439921831203,123.37395274632651,56.1319
Axis Small Cap Fund - Regular - Growth,119095,1105,22.011250286155768,36.704264676680864,52.15224170469528,74.46129549198288,123.3176110979249,56.1319
Axis Small Cap Fund - Regular - Growth,119095,1106,21.96722195065673,36.63914899961949,52.22109100205874,74.55155642100083,123.23989838088191,56.1319
Axis Small Cap Fund - Regular - Growth,119095,1107,22.054452606306523,36.58768145956426,52.266388989026396,74.74527511585893,123.46533904106614,56.1319
Axis Small Cap Fund - Regular - Growth,119095,1108,21.997410776297553,36.6249498545154,52.21238498116351,74.61210054097039,123.64527300998328,56.1319
Axis Small Cap Fund - Regular - Growth,119095,1109,21.89809459222079,36.666245729747985,52.21159365326979,74.59066963817457,123.51362140792351,56.1319
Axis Small Cap Fund - Regular - Growth,119095,1110,21.93840961975487,36.62784408176138,52.13358960768731,74.57641015340327,123.07507057200135,56.1319
Axis Small Cap Fund - Regular - Growth,119095,1111,21.88177201584958,36.61678848921187,52.21877347503549,74.59532916939452,123.07111967168004,56.1319
Axis Small Cap Fund - Regular - Growth,119095,1112,21.944004009415952,36.61808074560189,52.247391280653744,74.56957718063308,123.26573369247302,56.1319
Axis Small Cap Fund - Regular - Growth,119095,1113,21.820358994202675,36.607810096120915,52.177487969849516,74.75951994035188,123.36054715368518,56.1319
Axis Small Cap Fund - Regular - Growth,119095,1114,21.845255253690542,36.610907325739134,52.11707295795645,74.68900557102887,123.29479323240179,56.1319
Axis Small Cap Fund - Regular - Growth,119095,1115,21.79426429554226,36.6410570099615,52.30567338055819,74.71547209658662,123.35180812475119,56.1319
Axis Small Cap Fund - Regular - Growth,119095,1116,21.775757220881925,36.587219067052644,52.246927425614835,74.75785485724201,123.38072422924958,56.1319
Axis Small Cap Fund - Regular - Growth,119095,1117,21.64050576560548,36.56721274044802,52.27739208708744,74.6874287791767,123.37218224571517,56.1319
Axis Small Cap Fund - Regular - Growth,119095,1118,21.71735585894045,36.51189994393207,52.194236404473884,74.62252066794031,123.31384837351078,56.1319
Axis Small Cap Fund - Regular - Growth,119095,1119,21.833305439310273,36.5861318693356,52.31536316145406,74.79003983517265,123.68204215482672,56.1319
Axis Small Cap Fund - Regular - Growth,119095,1120,21.847673906882395,36.56730509904972,52.23011708539723,74.85009157930648,123.92256690254263,56.1319
Axis Small Cap Fund - Regular - Growth,119095,1121,21.787945308484865,36.47262672467748,52.16661280683407,74.80310564085855,123.90782925193629,56.1319
Axis Small Cap Fund - Regular - Growth,119095,1122,21.838115980189013,36.46288217780048,52.16490388562907,74.86043242195099,123.67917375985259,56.1319
Axis Small Cap Fund - Regular - Growth,119095,1123,21.854586978476537,36.45070692824956,52.18282067975218,74.86093032330176,124.0128866487114,56.1319
Axis Small Cap Fund - Regular - Growth,119095,1124,21.796373530720746,36.391232073683206,52.08221874793428,74.89348608846083,123.81348567918836,56.1319
Axis Small Cap Fund - Regular - Growth,119095,1125,21.802452602403218,36.36281193372862,52.0990482729793,74.80628763878836,123.36053276684623,56.1319
Axis Small Cap Fund - Regular - Growth,119095,1126,21.787176689555597,36.47434376046455,52.15795814204834,74.8004498172471,123.92039345730505,56.1319
Axis Small Cap Fund - Regular - Growth,119095,1127,21.685396998705208,36.518180608632,52.07371617051729,74.89036889520715,124.00830289096295,56.1319
Axis Small Cap Fund - Regular - Growth,119095,1128,21.73873624595136,36.55901745400459,52.11534984919753,74.95937237888306,124.10202576618279,56.1319
Axis Small Cap Fund - Regular - Growth,119095,1129,21.69027289498534,36.530072276807594,52.15306075658701,74.99754636107666,123.87291685758123,56.1319
Axis Small Cap Fund - Regular - Growth,119095,1130,21.711958158033088,36.44775154748292,52.19921825702698,75.02420946465577,123.83413278726611,56.1319
Axis Small Cap Fund - Regular - Growth,119095,1131,21.724332691249526,36.585568855027745,52.11672880231437,75.11997229980186,124.1200125582253,56.1319
Axis Small Cap Fund - Regular - Growth,119095,1132,21.690743220347933,36.490922926428965,52.264660822610146,75.03559024194524,123.96392661513946,56.1319
Axis Small Cap Fund - Regular - Growth,119095,1133,21.68095532179633,36.47161444449963,52.17903908789066,74.8658474838054,124.04539880639422,56.1319
Axis Small Cap Fund - Regular - Growth,119095,1134,21.721087391844538,36.4532783032885,52.14258007935396,74.93448982931216,124.08413363834919,56.1319
Axis Small Cap Fund - Regular - Growth,119095,1135,21.718804334289263,36.47995034813424,52.210720768154964,74.82076822703442,123.81685315552485,56.1319
Axis Small Cap Fund - Regular - Growth,119095,1136,21.713905532829173,36.42600140885946,52.23689528022089,74.88119417038341,123.94091357042177,56.1319
Axis Small Cap Fund - Regular - Growth,119095,1137,21.70685419715524,36.40563476198125,52.385589391158945,74.9708082641468,124.13135790570878,56.1319
Axis Small Cap Fund - Regular - Growth,119095,1138,21.743655276768727,36.337309332630426,52.34814289701183,75.0306942562894,124.00187932849715,56.1319
Axis Small Cap Fund - Regular - Growth,119095,1139,21.70297736783343,36.34492378137992,52.30165447856069,74.92200925386061,124.3642615500949,56.1319
Axis Small Cap Fund - Regular - Growth,119095,1140,21.733703518304395,36.27657293809528,52.17754193199426,74.99318512131345,124.04152258324423,56.1319
Axis Small Cap Fund - Regular - Growth,119095,1141,21.696414178603387,36.243465533298576,52.23325573409201,74.99123402656183,124.26038318491574,56.1319
Axis Small Cap Fund - Regular - Growth,119095,1142,21.63824115708978,36.24770833676338,52.200874257648096,75.07825906782321,123.89839378435859,56.1319
Axis Small Cap Fund - Regular - Growth,119095,1143,21.574863476321166,36.27130330370686,52.279746599704666,74.96865000036121,124.08349778818206,56.1319
Axis Small Cap Fund - Regular - Growth,119095,1144,21.556522888543906,36.337401853438756,52.24862044050015,75.05989997461056,124.1668769154211,56.1319
Axis Small Cap Fund - Regular - Growth,119095,1145,21.67704687772902,36.36939037308535,52.31008099526742,75.057037121337,124.34396708473933,56.1319
Axis Small Cap Fund - Regular - Growth,119095,1146,21.632733109446566,36.39222224852416,52.286765385598876,75.00737544005685,124.42590119222241,56.1319
Axis Small Cap Fund - Regular - Growth,119095,1147,21.713421186114296,36.32907916348745,52.20025839282128,74.90505715143172,123.85638163465065,56.1319
Axis Small Cap Fund - Regular - Growth,119095,1148,21.687630240664323,36.3456098950236,52.25868759280527,75.03484975520746,123.84523028961868,56.1319
Axis Small Cap Fund - Regular - Growth,119095,1149,21.564263100589542,36.23030423824309,52.25804397512614,75.00196541493523,124.08871620353946,56.1319
Axis Small Cap Fund - Regular - Growth,119095,1150,21.64744847171581,36.321834148339406,52.22878438261284,75.05966218740932,124.38205923224199,56.1319
Axis Small Cap Fund - Regular - Growth,119095,1151,21.602225289513683,36.29295176623116,52.18356532459037,74.99709417092737,124.49291835673552,56.1319
Axis Small Cap Fund - Regular - Growth,119095,1152,21.562963354289117,36.23461031150897,52.27951938107334,75.15449184652377,123.91206110864427,56.1319
Axis Small Cap Fund - Regular - Growth,119095,1153,21.48792928998738,36.18671259403632,52.15119743903361,75.2967683737173,124.2815094283698,56.1319
Axis Small Cap Fund - Regular - Growth,119095,1154,21.525568309334524,36.259177416452054,52.231742080214445,75.2346185653559,124.40002628861284,56.1319
Axis Small Cap Fund - Regular - Growth,119095,1155,21.536880206968686,36.22303152443702,52.177624388443974,75.32499955956484,124.0531669659322,56.1319
Axis Small Cap Fund - Regular - Growth,119095,1156,21.50976568668802,36.223438669968644,52.20018290684956,75.283908598614,124.30385146310631,56.1319
Axis Small Cap Fund - Regular - Growth,119095,1157,21.497287613775498,36.10451210570476,52.209593043578245,75.21928965225479,124.02812864311733,56.1319
Axis Small Cap Fund - Regular - Growth,119095,1158,21.55143422267269,36.15780607879633,52.205644223819604,75.22805589317565,123.95486778900418,56.1319
Axis Small Cap Fund - Regular - Growth,119095,1159,21.54997765886367,36.07742950111132,52.06224259410713,75.3664397237507,124.36003540501896,56.1319
Axis Small Cap Fund - Regular - Growth,119095,1160,21.53874509828688,36.001217099593106,52.077736123540795,75.44265947732008,124.29224311666424,56.1319
Axis Small Cap Fund - Regular - Growth,119095,1161,21.501471278727703,36.042902700591185,52.09147640484234,75.47037381122234,124.20146566836038,56.1319
Axis Small Cap Fund - Regular - Growth,119095,1162,21.492990688137002,36.03158357684984,52.11546608093556,75.48582298710537,124.60635158001568,56.1319
Axis Small Cap Fund - Regular - Growth,119095,1163,21.539003027335514,36.03393632675328,52.107877883560725,75.66274465698574,124.50593869433037,56.1319
Axis Small Cap Fund - Regular - Growth,119095,1164,21.470170988307935,36.10679988091386,52.045782643384634,75.47803586069186,124.64831650465294,56.1319
Axis Small Cap Fund - Regular - Growth,119095,1165,21.496631505681915,36.043367625118655,52.0894438407189,75.57097765546119,124.87893969228607,56.1319
Axis Small Cap Fund - Regular - Growth,119095,1166,21.563697698655346,36.09109380907803,52.151989233860405,75.38146966347333,124.72593295796631,56.1319
Axis Small Cap Fund - Regular - Growth,119095,1167,21.493188242786264,36.03164825684456,52.10214946821915,75.41227043658479,124.99050873342925,56.1319
Axis Small Cap Fund - Regular - Growth,119095,1168,21.494586696271234,35.95124196098346,52.189889529079394,75.30407939904909,124.31222903350302,56.1319
Axis Small Cap Fund - Regular - Growth,119095,1169,21.4377417469358,36.10627635280857,52.144914081625814,75.26962444747599,124.30858869001202,56.1319
Axis Small Cap Fund - Regular - Growth,119095,1170,21.423011344172828,36.02481766557584,52.1801626907731,75.27499165388463,124.72081521036495,56.1319
Axis Small Cap Fund - Regular - Growth,119095,1171,21.533312657379103,36.115180162270065,52.150957975698454,75.19407989100924,124.9031256422867,56.1319
Axis Small Cap Fund - Regular - Growth,119095,1172,21.4757933637578,36.05021398304031,52.13400654410394,75.30356709047885,124.66761371280676,56.1319
Axis Small Cap Fund - Regular - Growth,119095,1173,21.46187250432344,35.99704309587837,52.122161595530116,75.36609080008026,125.1603674121615,56.1319
Axis Small Cap Fund - Regular - Growth,119095,1174,21.487518032797595,35.92779744028666,52.131977562446394,75.39989386806009,125.20551602210429,56.1319
Axis Small Cap Fund - Regular - Growth,119095,1175,21.367641854380892,35.91347882270717,52.09772309303404,75.60010212108887,125.25490615955327,56.1319
Axis Small Cap Fund - Regular - Growth,119095,1176,21.41472333416608,35.849329350486116,52.082786900589106,75.57272384031731,125.2102740891937,56.1319
Axis Small Cap Fund - Regular - Growth,119095,1177,21.3632851417157,35.76782931516657,51.9858073149645,75.42550452800683,125.49188007343938,56.1319
Axis Small Cap Fund - Regular - Growth,119095,1178,21.295798665387647,35.79564285321875,51.96660973791579,75.68803821898479,125.58700008858185,56.1319
Axis Small Cap Fund - Regular - Growth,119095,1179,21.372536629942935,35.74199158195428,51.98578920393955,75.51772066423773,125.85676574676059,56.1319
Axis Small Cap Fund - Regular - Growth,119095,1180,21.28507142833926,35.77228290626391,51.97051157641545,75.56808129751147,125.76747304660896,56.1319
Axis Small Cap Fund - Regular - Growth,119095,1181,21.258690939329124,35.807136266660784,52.06038836429414,75.71449413897159,125.79342004910283,56.1319
Axis Small Cap Fund - Regular - Growth,119095,1182,21.29141391384667,35.785612342808435,52.02958495256018,75.56987804908408,125.46040337488124,56.1319
Axis Small Cap Fund - Regular - Growth,119095,1183,21.250959084445036,35.77653317914383,52.03695768984035,75.59693287201665,125.4377160346208,56.1319
Axis Small Cap Fund - Regular - Growth,119095,1184,21.25786234375311,35.754631133929166,52.10861666368156,75.61615997914535,125.62421459314417,56.1319
Axis Small Cap Fund - Regular - Growth,119095,1185,21.294700664347793,35.785122569529264,52.233881991088026,75.684222832942,125.3156841886952,56.1319
Axis Small Cap Fund - Regular - Growth,119095,1186,21.339397932603234,35.69856010036983,52.21323402801403,75.60347393134055,125.8160163158887,56.1319
Axis Small Cap Fund - Regular - Growth,119095,1187,21.222570858110892,35.76755575462543,52.27517727608449,75.64778140775125,125.79303638271126,56.1319
Axis Small Cap Fund - Regular - Growth,119095,1188,21.252969496630953,35.77879650932693,52.246071316920734,75.67108077930527,125.72534484648955,56.1319
Axis Small Cap Fund - Regular - Growth,119095,1189,21.2167859673806,35.80302688404741,52.23797231765043,75.4188208993226,126.03499711578438,56.1319
Axis Small Cap Fund - Regular - Growth,119095,1190,21.08807045515242,35.75295509592683,52.220438960805545,75.58940396538371,125.9519994898484,56.1319
Axis Small Cap Fund - Regular - Growth,119095,1191,21.103890652570886,35.76802473476439,52.3075515998909,75.48625008757023,125.39657134741762,56.1319
Axis Small Cap Fund - Regular - Growth,119095,1192,21.062885620713164,35.81825897769056,52.26026387369323,75.81386126932087,125.53449746576023,56.1319
Axis Small Cap Fund - Regular - Growth,119095,1193,21.033043693557733,35.78052016506452,52.19948048555047,75.63998805117127,125.57487813813442,56.1319
Axis Small Cap Fund - Regular - Growth,119095,1194,21.024952256467568,35.79589204423208,52.23784335778683,75.76014639385443,126.12713412614819,56.1319
Axis Small Cap Fund - Regular - Growth,119095,1195,20.97753941151545,35.80127726034507,52.21965202305253,75.87041626747768,126.32449315488962,56.1319
Axis Small Cap Fund - Regular - Growth,119095,1196,20.95312633076862,35.749485148990516,52.079915066420675,75.79721184779791,126.72023042420635,56.1319
Axis Small Cap Fund - Regular - Growth,119095,1197,21.01680997363823,35.791222204951666,52.11157720186466,75.8632769054363,126.640307386575,56.1319
Axis Small Cap Fund - Regular - Growth,119095,1198,20.982821318231792,35.71432572238961,52.1565815383245,75.90047346825263,127.06863086329555,56.1319
Axis Small Cap Fund - Regular - Growth,119095,1199,20.95572854947496,35.827936109540595,52.18794520367662,75.70000091221297,126.69167375271128,56.1319
Axis Small Cap Fund - Regular - Growth,119095,1200,20.98242107347832,35.7893070890947,52.14920491688336,75.70068748930544,126.49904320731042,56.1319
Axis Small Cap Fund - Regular - Growth,119095,1201,20.938092041841152,35.69658757214504,52.11647933153433,75.73748700106532,126.78249911710898,56.1319
Axis Small Cap Fund - Regular - Growth,119095,1202,20.94973361162954,35.70942343923174,52.108027466162454,75.83429444058595,127.2738298447778,56.1319
Axis Small Cap Fund - Regular - Growth,119095,1203,20.96226325597066,35.75635578167011,52.04192668489213,75.87284382995657,126.45371565174491,56.1319
Axis Small Cap Fund - Regular - Growth,119095,1204,20.8765424615556,35.77680386547852,52.213696893475685,75.86836563001965,126.60518842411193,56.1319
Axis Small Cap Fund - Regular - Growth,119095,1205,20.859664935532898,35.77445346885055,52.10619087623179,75.61846493654974,126.84650073885338,56.1319
Axis Small Cap Fund - Regular - Growth,119095,1206,20.83754256692734,35.76431874362896,52.10257486426559,75.71250395616532,126.95065186433364,56.1319
Axis Small Cap Fund - Regular - Growth,119095,1207,20.892433653091892,35.69732140456938,52.10684713556313,75.83648071381324,126.35085526314026,56.1319
Axis Small Cap Fund - Regular - Growth,119095,1208,20.973706093964086,35.67047238343295,52.07885804369879,75.83399757491408,126.88599937091384,56.1319
Axis Small Cap Fund - Regular - Growth,119095,1209,20.918640553564803,35.65934722801845,51.95116899657816,75.84166717967874,126.54753104119135,56.1319
Axis Small Cap Fund - Regular - Growth,119095,1210,21.036738551953828,35.64029491887175,51.94625408221013,75.84295495475476,126.79977169185769,56.1319
Axis Small Cap Fund - Regular - Growth,119095,1211,21.012588238069412,35.66432185782465,52.02963252839627,75.72672215018369,127.3841287937547,56.1319
Axis Small Cap Fund - Regular - Growth,119095,1212,20.979272243486328,35.550473365178036,52.062109061136496,75.79747863298851,126.9720670075842,56.1319
Axis Small Cap Fund - Regular - Growth,119095,1213,21.031974066607738,35.57346861471372,52.02076940312796,75.79830883952542,126.92556983751614,56.1319
Axis Small Cap Fund - Regular - Growth,119095,1214,21.047888003817242,35.511208185679614,52.00119502954912,75.78339760394704,127.07831921287551,56.1319
Axis Small Cap Fund - Regular - Growth,119095,1215,21.061084705950307,35.50941567125067,51.9015133822548,75.84787805166228,127.06365809972569,56.1319
Axis Small Cap Fund - Regular - Growth,119095,1216,21.09659299947099,35.37574610748388,51.93396198052649,75.99845815943061,127.35861898797023,56.1319
Axis Small Cap Fund - Regular - Growth,119095,1217,21.037506818276835,35.43133648389265,51.86364100729373,75.83276816713973,127.40171724410848,56.1319
Axis Small Cap Fund - Regular - Growth,119095,1218,21.043324599806358,35.4687192656728,51.83409968088647,75.78866191720685,127.08051984111523,56.1319
Axis Small Cap Fund - Regular - Growth,119095,1219,21.027082197790165,35.5335876383488,51.878842213811964,75.68161010289994,127.08710059587881,56.1319
Axis Small Cap Fund - Regular - Growth,119095,1220,21.03649680287925,35.50408233236486,51.87687463825895,75.69732036033679,127.2081433283413,56.1319
Axis Small Cap Fund - Regular - Growth,119095,1221,21.007971091619353,35.53496383157574,51.79856453003971,75.67449399051742,127.70515583234409,56.1319
Axis Small Cap Fund - Regular - Growth,119095,1222,20.96218073940789,35.49514801126501,51.815789219023486,75.65495128094513,127.4341217891633,56.1319
Axis Small Cap Fund - Regular - Growth,119095,1223,20.95178210690778,35.42704946123721,51.79331119255146,75.64921036284314,127.25188974006308,56.1319
Axis Small Cap Fund - Regular - Growth,119095,1224,20.95082544360139,35.493562565417335,51.87484245640759,75.75247040073366,127.11977827516462,56.1319
Axis Small Cap Fund - Regular - Growth,119095,1225,20.953977614351935,35.46711458738517,51.87291803411354,75.76412498099394,127.79551062431194,56.1319
Axis Small Cap Fund - Regular - Growth,119095,1226,20.894585635361203,35.45940892760847,51.970960412408004,75.8883308965201,127.28231970177977,56.1319
Axis Small Cap Fund - Regular - Growth,119095,1227,20.932389214709044,35.408936785308725,51.965726971730845,75.80492965966333,127.60564923169127,56.1319
Axis Small Cap Fund - Regular - Growth,119095,1228,20.859121908703298,35.441691948408845,51.96494563346406,75.98451777426615,127.76478374702182,56.1319
Axis Small Cap Fund - Regular - Growth,119095,1229,20.990882117292625,35.455964082747926,51.95059736181106,76.12901292252697,127.79339238432728,56.1319
Axis Small Cap Fund - Regular - Growth,119095,1230,20.94161815403563,35.378599965633086,52.04655383965041,76.16717828562889,127.96319774399105,56.1319
Axis Small Cap Fund - Regular - Growth,119095,1231,20.91686987364444,35.3533791487394,51.89738081308235,76.1194407532865,127.89546342679922,56.1319
Axis Small Cap Fund - Regular - Growth,119095,1232,20.82146408335701,35.33606657681103,51.92731330284418,75.94210813301682,127.03852835220208,56.1319
Axis Small Cap Fund - Regular - Growth,119095,1233,20.813433831421907,35.43198152175482,51.95859064383785,75.98617146766662,127.70601853364983,56.1319
Axis Small Cap Fund - Regular - Growth,119095,1234,20.804142497873418,35.438036690237944,51.93987720716059,76.012336083325,127.91048422516958,56.1319
Axis Small Cap Fund - Regular - Growth,119095,1235,20.801455889248743,35.4322500971949,51.954537224372764,76.28446209598266,127.81138080170415,56.1319
Axis Small Cap Fund - Regular - Growth,119095,1236,20.79439113976252,35.35406776601901,51.967689587932256,76.25166278183698,127.83731311731692,56.1319
Axis Small Cap Fund - Regular - Growth,119095,1237,20.872931538448647,35.37923068402757,51.94104617160497,76.16257186191203,127.85943350537633,56.1319
Axis Small Cap Fund - Regular - Growth,119095,1238,20.82625577157498,35.45622803330649,51.99967603578272,76.07994100025401,128.06912414470693,56.1319
Axis Small Cap Fund - Regular - Growth,119095,1239,20.762880010241044,35.404216948589934,51.93052652110755,76.13291681661914,127.9672729878711,56.1319
Axis Small Cap Fund - Regular - Growth,119095,1240,20.79543040722767,35.36511107525054,51.940237071502736,76.16416485603408,128.10877109522073,56.1319
Axis Small Cap Fund - Regular - Growth,119095,1241,20.735342664535438,35.39537031047575,51.87377236597733,76.18246767384392,128.1690658317147,56.1319
Axis Small Cap Fund - Regular - Growth,119095,1242,20.696898501248818,35.46452711130217,51.943240586887256,76.01628532886367,127.76766226685537,56.1319
Axis Small Cap Fund - Regular - Growth,119095,1243,20.80975170597711,35.32115396788603,51.91230944030056,76.11744554712502,127.33754180839838,56.1319
Axis Small Cap Fund - Regular - Growth,119095,1244,20.788772780140654,35.33440814081874,51.71904263024647,76.24851018449698,128.17032335248317,56.1319
Axis Small Cap Fund - Regular - Growth,119095,1245,20.792269655541176,35.27536062133473,51.74833729345022,76.19241861349224,127.70420835888956,56.1319
Axis Small Cap Fund - Regular - Growth,119095,1246,20.722153756157404,35.23242185767448,51.774165656348444,76.20655278279358,127.59588827061454,56.1319
Axis Small Cap Fund - Regular - Growth,119095,1247,20.759949138196887,35.16464506251224,51.777867185765494,76.26732552266829,127.64110958762816,56.1319
Axis Small Cap Fund - Regular - Growth,119095,1248,20.690277414541,35.19919691947328,51.810937122323296,76.29327441932134,127.99246426254506,56.1319
Axis Small Cap Fund - Regular - Growth,119095,1249,20.629254030106672,35.22612158364132,51.82617671009665,76.05148453050758,127.8461459716199,56.1319
Axis Small Cap Fund - Regular - Growth,119095,1250,20.66554783291346,35.21460186442749,51.7301123970844,76.1916578083638,128.0250011511168,56.1319
Axis Small Cap Fund - Regular - Growth,119095,1251,20.633614590864443,35.17194638194845,51.80083095967591,76.31061228901363,128.15784570493545,56.1319
Axis Small Cap Fund - Regular - Growth,119095,1252,20.602339673411535,35.19204064002492,51.79313309787709,76.09607554589962,127.71851410948099,56.1319
Axis Small Cap Fund - Regular - Growth,119095,1253,20.5815393616581,35.20882758463463,51.82146417872707,76.24030888057487,127.68889444292749,56.1319
Axis Small Cap Fund - Regular - Growth,119095,1254,20.538380081136676,35.212618959808125,51.80357029919953,76.18558202682104,127.5417910805198,56.1319
Axis Small Cap Fund - Regular - Growth,119095,1255,20.590561411026734,35.19660096440797,51.81025349043581,76.27027409897484,127.27426009156335,56.1319
Axis Small Cap Fund - Regular - Growth,119095,1256,20.476126993797,35.17493747411998,51.88886662064114,76.31570852191187,127.73164159954473,56.1319
Axis Small Cap Fund - Regular - Growth,119095,1257,20.480959594993834,35.10967771728486,51.86428610767991,76.27410539350987,128.09319641586615,56.1319
Axis Small Cap Fund - Regular - Growth,119095,1258,20.53513544604903,35.19043429140304,51.85027813429224,76.14998095256479,127.89748511571091,56.1319
Axis Small Cap Fund - Regular - Growth,119095,1259,20.534465181362016,35.16359391488366,51.902538599052086,76.09159701758477,128.1025685687417,56.1319
Axis Small Cap Fund - Regular - Growth,119095,1260,20.503713677503416,35.098804945135015,51.828254076474934,76.16594817670855,127.83013049664379,56.1319
Nippon India Small Cap Fund - Regular - Growth,118634,0,134.6683,134.6683,134.6683,134.6683,134.6683,134.6683
Nippon India Small Cap Fund - Regular - Growth,118634,1,131.3222047575232,133.31880104493342,134.7476577307876,136.22000930446626,138.33932138331588,134.6683
Nippon India Small Cap Fund - Regular - Growth,118634,2,129.9669660820053,132.7590569255507,134.7323987499476,136.83617055939206,139.8938641525574,134.6683
Nippon India Small Cap Fund - Regular - Growth,118634,3,128.98937388553878,132.457911607943,134.83842813375222,137.37946785959605,141.13103321082176,134.6683
Nippon India Small Cap Fund - Regular - Growth,118634,4,128.1823003085819,132.09494069285145,134.9122236439889,137.808480295182,142.12472402483817,134.6683
Nippon India Small Cap Fund - Regular - Growth,118634,5,127.38024574326529,131.84479474167694,135.0186424031386,138.238032153642,143.21132109942528,134.6683
Nippon India Small Cap Fund - Regular - Growth,118634,6,126.62746366642688,131.66750883880505,135.11419516044123,138.62932317213983,143.86563264535127,134.6683
Nippon India Small Cap Fund - Regular - Growth,118634,7,126.12584404736864,131.3990081739698,135.19679677784166,139.04731945120275,144.81685641856217,134.6683
Nippon India Small Cap Fund - Regular - Growth,118634,8,125.68954491768523,131.23284108714645,135.26274208051063,139.36092214348452,145.43916543222804,134.6683
Nippon India Small Cap Fund - Regular - Growth,118634,9,125.04450248321758,131.05806467260118,135.37177430044665,139.61071755285911,146.1291538491668,134.6683
Nippon India Small Cap Fund - Regular - Growth,118634,10,124.67247718988476,130.81952885866394,135.35668845446713,139.99964958755245,146.9889268883111,134.6683
Nippon India Small Cap Fund - Regular - Growth,118634,11,124.12470421300513,130.73197708446475,135.47343125035485,140.35835430054047,147.67931483893202,134.6683
Nippon India Small Cap Fund - Regular - Growth,118634,12,123.57826847817915,130.5687478489471,135.5245548752198,140.66245348421853,148.28370936740353,134.6683
Nippon India Small Cap Fund - Regular - Growth,118634,13,123.31887245483279,130.33491452845988,135.62264770973482,140.86991334407608,148.78435936484013,134.6683
Nippon India Small Cap Fund - Regular - Growth,118634,14,122.94620609849501,130.20568970556425,135.6791745423954,141.08308307398204,149.60244166514846,134.6683
Nippon India Small Cap Fund - Regular - Growth,118634,15,122.70521139350876,130.07824378036423,135.76590802721756,141.39344282311407,150.10865068038092,134.6683
Nippon India Small Cap Fund - Regular - Growth,118634,16,122.29493920808507,130.01409397929524,135.77157801852252,141.72455868295594,150.74489964782305,134.6683
Nippon India Small Cap Fund - Regular - Growth,118634,17,122.08706408540996,129.86247399335014,135.86942453966856,141.99952240488665,151.28130394878352,134.6683
Nippon India Small Cap Fund - Regular - Growth,118634,18,121.69464614530534,129.80571147981988,135.84058553844227,142.2212683422922,151.7378024539845,134.6683
Nippon India Small Cap Fund - Regular - Growth,118634,19,121.36189668500377,129.7392339966998,135.96403558393246,142.46722868121998,152.54057639823463,134.6683
Nippon India Small Cap Fund - Regular - Growth,118634,20,121.03232182848356,129.67490166677487,136.04593109872337,142.6518344652633,152.75359968461692,134.6683
Nippon India Small Cap Fund - Regular - Growth,118634,21,120.74328888557511,129.64842963250905,136.01653659895123,142.83288454706218,153.59963364994624,134.6683
Nippon India Small Cap Fund - Regular - Growth,118634,22,120.58465253245973,129.5208919445958,136.1851985565276,143.14051982369574,154.15048580411144,134.6683
Nippon India Small Cap Fund - Regular - Growth,118634,23,120.06598693877385,129.44106219744953,136.20258676837463,143.4275771976767,154.6727966575566,134.6683
Nippon India Small Cap Fund - Regular - Growth,118634,24,119.85400189909629,129.31655271240712,136.34027279816848,143.82120956891004,155.1783653678648,134.6683
Nippon India Small Cap Fund - Regular - Growth,118634,25,119.6350762078198,129.25558185181367,136.4432711856466,143.95518540635115,155.60190636644643,134.6683
Nippon India Small Cap Fund - Regular - Growth,118634,26,119.38174730236048,129.21155861193773,136.58599693907252,144.13643156490818,156.10014206191917,134.6683
Nippon India Small Cap Fund - Regular - Growth,118634,27,118.98252711580892,129.07860440527347,136.51943741794014,144.42156433664144,156.59682601901014,134.6683
Nippon India Small Cap Fund - Regular - Growth,118634,28,118.69316054402688,129.00998815384466,136.3790184158601,144.58463029614146,157.11452092838655,134.6683
Nippon India Small Cap Fund - Regular - Growth,118634,29,118.4290864407535,128.9379166060648,136.45074973305844,144.7718728952144,157.3566572983672,134.6683
Nippon India Small Cap Fund - Regular - Growth,118634,30,118.16333461780245,128.89583331202164,136.63113531425856,145.05725030893012,157.81738663808142,134.6683
Nippon India Small Cap Fund - Regular - Growth,118634,31,118.1384346077948,128.90163712685867,136.67071503085666,145.30488993541857,158.1782924885036,134.6683
Nippon India Small Cap Fund - Regular - Growth,118634,32,117.88635501073267,128.8190507727242,136.7420195451076,145.4864276934917,158.77859432817337,134.6683
Nippon India Small Cap Fund - Regular - Growth,118634,33,117.68349240882931,128.73125809753887,136.879863372042,145.63161594278756,158.9903173881227,134.6683
Nippon India Small Cap Fund - Regular - Growth,118634,34,117.6673036660303,128.7272527673063,136.90072503595883,145.7196761023571,159.32932009446583,134.6683
Nippon India Small Cap Fund - Regular - Growth,118634,35,117.42479780624053,128.58043947474152,136.8963565200754,145.97261939053868,159.87257130609925,134.6683
Nippon India Small Cap Fund - Regular - Growth,118634,36,117.01210685355345,128.60368284008365,137.09859648776367,146.28605676365524,160.30878833653347,134.6683
Nippon India Small Cap Fund - Regular - Growth,118634,37,116.83090236336119,128.58480362162956,137.14010784249513,146.55707348581038,160.97488584893668,134.6683
Nippon India Small Cap Fund - Regular - Growth,118634,38,116.67105172817028,128.4431151233735,137.26470600607553,146.8344017805927,161.55732373692214,134.6683
Nippon India Small Cap Fund - Regular - Growth,118634,39,116.54745001739153,128.25964044147213,137.30885803451855,146.9062917004852,161.69348144355496,134.6683
Nippon India Small Cap Fund - Regular - Growth,118634,40,116.61353813957882,128.27770900045613,137.34946749179323,147.03861068103615,162.4454517775003,134.6683
Nippon India Small Cap Fund - Regular - Growth,118634,41,116.39141873662096,128.18038683636195,137.45684707990446,147.1206617868462,162.76704624109698,134.6683
Nippon India Small Cap Fund - Regular - Growth,118634,42,116.19791707270383,128.19776056801268,137.68543770386364,147.42501762443135,163.0266476692634,134.6683
Nippon India Small Cap Fund - Regular - Growth,118634,43,116.0115596029435,128.20290134547068,137.6994752914432,147.64637285497946,163.78055958774445,134.6683
Nippon India Small Cap Fund - Regular - Growth,118634,44,115.8868692134326,128.03299842372982,137.6196069061207,147.92175399051482,163.9949589134768,134.6683
Nippon India Small Cap Fund - Regular - Growth,118634,45,115.59476867270804,128.07137771435004,137.7346229108124,148.03569475066718,164.32419511768305,134.6683
Nippon India Small Cap Fund - Regular - Growth,118634,46,115.39004958751538,127.95341917205059,137.66021328614858,148.27181471731734,164.97917943827858,134.6683
Nippon India Small Cap Fund - Regular - Growth,118634,47,115.19293924185428,127.92662526944834,137.80637390234534,148.35268474065828,165.31977687796874,134.6683
Nippon India Small Cap Fund - Regular - Growth,118634,48,114.63649757396955,127.94722424812952,137.84183645747788,148.49685878172588,165.48661937638028,134.6683
Nippon India Small Cap Fund - Regular - Growth,118634,49,114.69636556055153,127.84429405624061,138.05024728697026,148.81319630677538,166.25846408009818,134.6683
Nippon India Small Cap Fund - Regular - Growth,118634,50,114.4731934300867,127.78113933360491,138.03895763021984,148.83191625767617,166.55705698663988,134.6683
Nippon India Small Cap Fund - Regular - Growth,118634,51,114.26951444903958,127.87905128316788,138.08939727858188,149.00632606009145,166.92743855530512,134.6683
Nippon India Small Cap Fund - Regular - Growth,118634,52,114.14339707117503,127.83286804591421,138.2104931989018,149.16477312360897,167.30399639548037,134.6683
Nippon India Small Cap Fund - Regular - Growth,118634,53,113.93610544326114,127.77674173610046,138.13835267251613,149.3172435069746,167.80517132748784,134.6683
Nippon India Small Cap Fund - Regular - Growth,118634,54,113.92377157558825,127.67244825760211,138.23471518105057,149.51302887260448,168.06064396503808,134.6683
Nippon India Small Cap Fund - Regular - Growth,118634,55,113.87326319737731,127.66955387054058,138.28878050658506,149.6919066183189,168.63589183647778,134.6683
Nippon India Small Cap Fund - Regular - Growth,118634,56,113.7376989269656,127.59263371459949,138.30711922945153,150.03472482610664,168.89449249035295,134.6683
Nippon India Small Cap Fund - Regular - Growth,118634,57,113.68468072852882,127.71915366755562,138.3304025911112,150.24726311283075,168.8954590866389,134.6683
Nippon India Small Cap Fund - Regular - Growth,118634,58,113.50885243088267,127.83957831527522,138.33277852807802,150.27339843106148,169.3753696876029,134.6683
Nippon India Small Cap Fund - Regular - Growth,118634,59,113.4051345841407,127.76885816186393,138.49440362198527,150.41009838698184,169.8297389006151,134.6683
Nippon India Small Cap Fund - Regular - Growth,118634,60,113.3308450480818,127.6478181211306,138.65415812307958,150.5595270524782,170.1676691685468,134.6683
Nippon India Small Cap Fund - Regular - Growth,118634,61,113.23726284636727,127.59662110246472,138.71833808046,150.70070890889372,170.69925588056418,134.6683
Nippon India Small Cap Fund - Regular - Growth,118634,62,112.98309574232316,127.71478637337229,138.87297329503673,151.05172276908752,170.4368051338691,134.6683
Nippon India Small Cap Fund - Regular - Growth,118634,63,112.78793172175848,127.56477058538674,139.0160154191041,151.1004465582653,170.84790694198213,134.6683
Nippon India Small Cap Fund - Regular - Growth,118634,64,112.96879668741988,127.60479964305881,138.8905759415956,151.19912280262315,171.27455232845125,134.6683
Nippon India Small Cap Fund - Regular - Growth,118634,65,112.66118402301706,127.72047328703941,138.8434038552096,151.40137765480267,171.34524532216338,134.6683
Nippon India Small Cap Fund - Regular - Growth,118634,66,112.51393005129353,127.79203622185264,138.94474815436843,151.61776194485753,171.9253961841762,134.6683
Nippon India Small Cap Fund - Regular - Growth,118634,67,112.06509111507889,127.91169441649359,139.04785772342217,151.73851705181158,172.22333877853004,134.6683
Nippon India Small Cap Fund - Regular - Growth,118634,68,112.41999505331573,127.85931098085481,139.14497263058269,151.90951031222534,172.44742855167416,134.6683
Nippon India Small Cap Fund - Regular - Growth,118634,69,112.09638144315348,127.81016966534253,139.30742790104523,152.14600398767544,172.929992534822,134.6683
Nippon India Small Cap Fund - Regular - Growth,118634,70,112.20770423465338,127.6915077475208,139.40895677674374,152.2842892044264,173.47769153311495,134.6683
Nippon India Small Cap Fund - Regular - Growth,118634,71,111.95737077446975,127.67154010931887,139.39926087770465,152.39729950576225,173.60139750489415,134.6683
Nippon India Small Cap Fund - Regular - Growth,118634,72,111.62021004016955,127.54585247171144,139.43877675728496,152.60515783921494,174.24753041040483,134.6683
Nippon India Small Cap Fund - Regular - Growth,118634,73,111.66632575759655,127.61519449187078,139.67149490591044,152.73348390320524,174.37600575974986,134.6683
Nippon India Small Cap Fund - Regular - Growth,118634,74,111.3404569954183,127.63923518452944,139.69992266488168,152.84493060106578,174.6874618342277,134.6683
Nippon India Small Cap Fund - Regular - Growth,118634,75,111.69183482157136,127.56531957336784,139.8116740258607,153.14894316036546,175.1084305285409,134.6683
Nippon India Small Cap Fund - Regular - Growth,118634,76,111.20585656755303,127.5083902492925,139.74935889523738,153.22715039963958,175.90967205680928,134.6683
Nippon India Small Cap Fund - Regular - Growth,118634,77,111.16218544514466,127.45186566080844,139.90097946923265,153.26099717694046,175.91681974530803,134.6683
Nippon India Small Cap Fund - Regular - Growth,118634,78,110.86257982792107,127.61839263414588,139.90037370361603,153.4391163160117,176.31963395690968,134.6683
Nippon India Small Cap Fund - Regular - Growth,118634,79,110.88514239607261,127.43782569564044,140.01385895857004,153.60887434397011,176.79783078424353,134.6683
Nippon India Small Cap Fund - Regular - Growth,118634,80,110.82821300844203,127.45836673418566,139.96555031725154,153.63693842546417,176.76101844493226,134.6683
Nippon India Small Cap Fund - Regular - Growth,118634,81,110.4523651710373,127.34175794820605,140.14677080739102,154.07267615685592,177.37517951581296,134.6683
Nippon India Small Cap Fund - Regular - Growth,118634,82,110.43429935288532,127.29891306004299,140.25423387582725,154.29533344690503,177.83839535760052,134.6683
Nippon India Small Cap Fund - Regular - Growth,118634,83,110.44456230888557,127.28356656474509,140.32863773996584,154.51035674384383,177.51048827988697,134.6683
Nippon India Small Cap Fund - Regular - Growth,118634,84,110.2717413394858,127.37808642781994,140.34504497313407,154.72100919856575,178.22281462503472,134.6683
Nippon India Small Cap Fund - Regular - Growth,118634,85,110.18468306358744,127.27543457311145,140.41886624773838,154.7994406780183,178.59741086734007,134.6683
Nippon India Small Cap Fund - Regular - Growth,118634,86,110.0890096750559,127.27459983111186,140.5100684948997,154.8813611274693,178.92878110992027,134.6683
Nippon India Small Cap Fund - Regular - Growth,118634,87,109.86347188833945,127.34572217084619,140.554776127445,155.15645485386273,179.34304769427445,134.6683
Nippon India Small Cap Fund - Regular - Growth,118634,88,109.47973985953467,127.42471603651103,140.45912179281896,155.29081411147575,179.60118694986278,134.6683
Nippon India Small Cap Fund - Regular - Growth,118634,89,109.56645635749427,127.30756823100805,140.5113509165299,155.3732036039185,179.7005521527602,134.6683
Nippon India Small Cap Fund - Regular - Growth,118634,90,109.51500690487994,127.303884478376,140.70654795284284,155.63103126789662,180.50654714882705,134.6683
Nippon India Small Cap Fund - Regular - Growth,118634,91,109.51330125501842,127.08414030757386,140.63789339729186,155.9428780521903,180.76826949979812,134.6683
Nippon India Small Cap Fund - Regular - Growth,118634,92,109.10625135574965,127.02945385899652,140.72042974132364,155.9986510112596,181.19199422513475,134.6683
Nippon India Small Cap Fund - Regular - Growth,118634,93,109.47610151948172,127.0573688677547,140.7218609545185,156.1658767388805,181.3654972241117,134.6683
Nippon India Small Cap Fund - Regular - Growth,118634,94,109.4257081416009,127.05454748897878,140.7884161498746,156.24636036431917,182.12735354923734,134.6683
Nippon India Small Cap Fund - Regular - Growth,118634,95,109.18624101323338,127.10507547902318,141.0143658005233,156.44003829022967,182.397905085578,134.6683
Nippon India Small Cap Fund - Regular - Growth,118634,96,109.27591883238289,127.17049494135497,141.0874131227336,156.7951481365889,182.39283494158212,134.6683
Nippon India Small Cap Fund - Regular - Growth,118634,97,108.77692365096674,127.26832954925129,141.12022623134658,156.8080769579394,182.71974834607272,134.6683
Nippon India Small Cap Fund - Regular - Growth,118634,98,108.86796561054193,127.04967157059245,141.12552706955265,157.00990434978598,182.50129665497366,134.6683
Nippon India Small Cap Fund - Regular - Growth,118634,99,108.887272778256,127.15386663549052,141.23500813889953,157.07496108372624,183.25739572382733,134.6683
Nippon India Small Cap Fund - Regular - Growth,118634,100,108.74163967542944,127.09724627674562,141.41724141771346,157.14290218812695,183.7580612847879,134.6683
Nippon India Small Cap Fund - Regular - Growth,118634,101,108.58723756733916,127.26566520445743,141.38986011973617,157.20099916951887,183.69203148560302,134.6683
Nippon India Small Cap Fund - Regular - Growth,118634,102,108.67793557350545,127.18068207812678,141.4403456379982,157.29590772011898,184.34602318364944,134.6683
Nippon India Small Cap Fund - Regular - Growth,118634,103,108.59594934628856,127.22664438197903,141.3557296782116,157.48555216951718,184.72969340681374,134.6683
Nippon India Small Cap Fund - Regular - Growth,118634,104,108.3420483397066,127.32597020960395,141.33609114335803,157.4977622268593,185.22182027304092,134.6683
Nippon India Small Cap Fund - Regular - Growth,118634,105,108.32875660685814,127.36080838225065,141.51806641200073,157.70024668387785,185.74150641414465,134.6683
Nippon India Small Cap Fund - Regular - Growth,118634,106,108.234565095231,127.29528983093485,141.60097102425914,157.75815247420485,185.9120568298931,134.6683
Nippon India Small Cap Fund - Regular - Growth,118634,107,108.11655624819905,127.33148524011354,141.72483984581203,157.99882680907365,186.16004085650974,134.6683
Nippon India Small Cap Fund - Regular - Growth,118634,108,107.90026513021216,127.35328194757952,141.8263894987216,158.12220919719846,186.28013645613,134.6683
Nippon India Small Cap Fund - Regular - Growth,118634,109,108.12294893857886,127.19579053649537,141.899609216123,158.31074814466103,186.77820149587774,134.6683
Nippon India Small Cap Fund - Regular - Growth,118634,110,107.8709646823101,127.27616850817854,141.79431717641717,158.56064035875323,186.59117256929625,134.6683
Nippon India Small Cap Fund - Regular - Growth,118634,111,107.84417676305233,127.12352829933411,141.9830553266445,158.65130831490274,186.586105858202,134.6683
Nippon India Small Cap Fund - Regular - Growth,118634,112,107.73332965696021,127.08913930521736,142.06824725032095,158.8642957859562,186.735318553111,134.6683
Nippon India Small Cap Fund - Regular - Growth,118634,113,107.63748642567944,127.17632160919504,142.14254842873774,158.93800921560282,187.16849461390706,134.6683
Nippon India Small Cap Fund - Regular - Growth,118634,114,107.55361598613433,127.16536017507555,142.2562853326031,159.124128888868,187.5944500818988,134.6683
Nippon India Small Cap Fund - Regular - Growth,118634,115,107.5104718283488,127.21346280950473,142.2563645947091,159.3152904062565,188.29881460505229,134.6683
Nippon India Small Cap Fund - Regular - Growth,118634,116,107.46418611842651,127.10069258794545,142.21242221734764,159.51548629849725,188.68410840810796,134.6683
Nippon India Small Cap Fund - Regular - Growth,118634,117,107.25320066032042,127.20231509726176,142.32560964032598,159.88258727659996,188.96097924030076,134.6683
Nippon India Small Cap Fund - Regular - Growth,118634,118,107.11278318901738,126.90471204640771,142.3178596454471,159.9801832883165,189.62990552512537,134.6683
Nippon India Small Cap Fund - Regular - Growth,118634,119,106.85196057880498,127.05558809081077,142.3865049358923,160.2016990151321,189.96995993770884,134.6683
Nippon India Small Cap Fund - Regular - Growth,118634,120,106.5149711481756,126.87553989536495,142.4152772065953,160.271138424397,189.78973619918992,134.6683
Nippon India Small Cap Fund - Regular - Growth,118634,121,106.80696351442799,126.84318880768498,142.47722960879418,160.35564899440848,190.06798422334757,134.6683
Nippon India Small Cap Fund - Regular - Growth,118634,122,106.8202266199219,126.93080915969612,142.569214248405,160.3900423289619,190.3540665888166,134.6683
Nippon India Small Cap Fund - Regular - Growth,118634,123,106.74592393110274,126.78887880535407,142.60088997257952,160.2754406630443,190.9608759821767,134.6683
Nippon India Small Cap Fund - Regular - Growth,118634,124,106.84227445761545,126.78842052735371,142.73494697905008,160.5238258882698,191.19549576844202,134.6683
Nippon India Small Cap Fund - Regular - Growth,118634,125,106.832997429729,126.79460229441973,142.7820427476983,160.93799380309287,191.56937796982862,134.6683
Nippon India Small Cap Fund - Regular - Growth,118634,126,106.76492896021512,126.72327373480925,142.83423188244961,160.8461163498722,191.64125217386524,134.6683
Nippon India Small Cap Fund - Regular - Growth,118634,127,106.70122161471164,126.68806506831979,142.9071982539067,160.73203689514517,191.9538717261969,134.6683
Nippon India Small Cap Fund - Regular - Growth,118634,128,106.42227686601605,126.84734589779944,142.93257515880407,160.7906825529288,192.47843986669085,134.6683
Nippon India Small Cap Fund - Regular - Growth,118634,129,106.22947052536675,126.79064125036751,142.9773894075983,160.93518513660302,193.13073611338916,134.6683
Nippon India Small Cap Fund - Regular - Growth,118634,130,106.13523082878974,126.73909935395412,143.15390120453065,161.29878189869697,192.96428661398778,134.6683
Nippon India Small Cap Fund - Regular - Growth,118634,131,106.08030039281492,126.72349746833866,143.21100031898033,161.29011739859766,193.8381647891833,134.6683
Nippon India Small Cap Fund - Regular - Growth,118634,132,105.95896010732329,126.82319337139032,143.13521608874908,161.57065620780992,194.44486489798302,134.6683
Nippon India Small Cap Fund - Regular - Growth,118634,133,106.09753187150385,126.60248628502406,143.253759169687,161.6306818886427,194.8192685852134,134.6683
Nippon India Small Cap Fund - Regular - Growth,118634,134,106.20903054137604,126.6854525403863,143.30634581464557,162.02048158530974,195.10785119946036,134.6683
Nippon India Small Cap Fund - Regular - Growth,118634,135,106.13208591554728,126.67238420712951,143.36171483515847,162.0716513465662,195.52739747321303,134.6683
Nippon India Small Cap Fund - Regular - Growth,118634,136,106.06171453149425,126.43018898973109,143.46962183884978,162.2988411570906,195.65627020965925,134.6683
Nippon India Small Cap Fund - Regular - Growth,118634,137,105.88936056237816,126.71122625195511,143.29824444232054,162.56379225086573,196.08462892847044,134.6683
Nippon India Small Cap Fund - Regular - Growth,118634,138,105.46025549578661,126.68434092022521,143.4261334122908,162.6291088720251,196.0777613971671,134.6683
Nippon India Small Cap Fund - Regular - Growth,118634,139,105.51860972479939,126.47721599867054,143.50376853466003,162.67433798437665,196.31384603874045,134.6683
Nippon India Small Cap Fund - Regular - Growth,118634,140,105.47827371709272,126.62533348116568,143.60544369310077,162.86778502894876,196.2272295965424,134.6683
Nippon India Small Cap Fund - Regular - Growth,118634,141,105.78945972428666,126.7017352360098,143.605588203102,163.06209378794816,196.39623528792993,134.6683
Nippon India Small Cap Fund - Regular - Growth,118634,142,105.24527090800531,126.7897160662411,144.07280700971046,163.23765088211212,196.65294937099142,134.6683
Nippon India Small Cap Fund - Regular - Growth,118634,143,105.29828247938296,126.8109549274043,144.03729787726837,163.27775693037245,197.17967104924537,134.6683
Nippon India Small Cap Fund - Regular - Growth,118634,144,105.51675327175013,126.82862932421367,144.03089987617716,163.6779423012705,197.93396640188828,134.6683
Nippon India Small Cap Fund - Regular - Growth,118634,145,105.34994418119591,126.80280180475788,144.12031187161472,163.78926150545075,197.85027572398525,134.6683
Nippon India Small Cap Fund - Regular - Growth,118634,146,105.04237311690301,126.56731301019576,144.347483267621,163.99675978528296,198.59838805688838,134.6683
Nippon India Small Cap Fund - Regular - Growth,118634,147,105.09672029048645,126.90584317651593,144.13653847417956,163.90555500452606,199.12479586992637,134.6683
Nippon India Small Cap Fund - Regular - Growth,118634,148,105.17765150822854,126.56655462556867,144.34584071517403,164.19665425672957,198.89719012827877,134.6683
Nippon India Small Cap Fund - Regular - Growth,118634,149,104.96452708793228,126.6834563237864,144.28219005473926,164.12170923312468,199.02569863172883,134.6683
Nippon India Small Cap Fund - Regular - Growth,118634,150,105.10965706442023,126.58365022900767,144.3312914176793,164.50277623680574,199.73229075875122,134.6683
Nippon India Small Cap Fund - Regular - Growth,118634,151,104.65093089835457,126.44284840852065,144.41774796100185,164.29351495651224,199.98166605035078,134.6683
Nippon India Small Cap Fund - Regular - Growth,118634,152,104.98347303842904,126.50282235389545,144.60002576333335,164.53295488536187,200.39872201879706,134.6683
Nippon India Small Cap Fund - Regular - Growth,118634,153,104.97673381223458,126.61050023399908,144.48834129384653,164.7002379072933,200.3615984588016,134.6683
Nippon India Small Cap Fund - Regular - Growth,118634,154,104.84460803825476,126.6297721050147,144.50208110449913,164.76412064308622,200.6836976831835,134.6683
Nippon India Small Cap Fund - Regular - Growth,118634,155,104.74900367078052,126.81143234184873,144.66482819243416,165.0963967864902,200.70367133378335,134.6683
Nippon India Small Cap Fund - Regular - Growth,118634,156,104.63327227958497,126.70114755163152,144.67777303843158,165.1741675110817,200.67310268548115,134.6683
Nippon India Small Cap Fund - Regular - Growth,118634,157,104.46579344572552,126.62191195261089,144.65462378955624,165.48176051814116,201.164952821565,134.6683
Nippon India Small Cap Fund - Regular - Growth,118634,158,104.3307346360925,126.56505963070083,144.69576637318187,165.41017038663566,201.65494147296982,134.6683
Nippon India Small Cap Fund - Regular - Growth,118634,159,104.13583906046468,126.53924383703894,144.68701083404102,165.71866301804886,201.79349450185288,134.6683
Nippon India Small Cap Fund - Regular - Growth,118634,160,103.9207784160076,126.40367709721968,144.59659094974467,165.77532943085416,202.22965752963037,134.6683
Nippon India Small Cap Fund - Regular - Growth,118634,161,103.8343246399515,126.50323732848057,144.80726483159995,165.9789807942668,202.94257673804813,134.6683
Nippon India Small Cap Fund - Regular - Growth,118634,162,103.90469189941587,126.4855523440263,144.8999641024216,165.83905267399018,202.96931330908822,134.6683
Nippon India Small Cap Fund - Regular - Growth,118634,163,103.67227695039308,126.64704715484007,145.1621018073576,166.10727114093123,203.09653558677294,134.6683
Nippon India Small Cap Fund - Regular - Growth,118634,164,103.62458909241651,126.72069053632389,145.31261490857577,166.39680224770623,203.1765552028709,134.6683
Nippon India Small Cap Fund - Regular - Growth,118634,165,103.87893121880384,126.62335135805876,145.14787910818868,166.7728887242857,203.41859359486082,134.6683
Nippon India Small Cap Fund - Regular - Growth,118634,166,104.1101520578274,126.63339977531155,145.29212170856164,167.09973356359745,203.7617019445849,134.6683
Nippon India Small Cap Fund - Regular - Growth,118634,167,103.68869301132506,126.91286141513932,145.40708665136114,167.2057870175347,203.8317922091475,134.6683
Nippon India Small Cap Fund - Regular - Growth,118634,168,103.7600642185885,127.00904293961118,145.48645422309556,167.28137974283055,203.75265516724917,134.6683
Nippon India Small Cap Fund - Regular - Growth,118634,169,103.38605240477885,127.04192091119667,145.65526107095047,167.22940419095914,203.56458010589319,134.6683
Nippon India Small Cap Fund - Regular - Growth,118634,170,103.62502313104119,127.06608825210175,145.62445830760072,167.21598084687477,204.84713288319105,134.6683
Nippon India Small Cap Fund - Regular - Growth,118634,171,103.40427113763563,126.88219899076176,145.71962806127948,167.59367978878353,204.53618786954968,134.6683
Nippon India Small Cap Fund - Regular - Growth,118634,172,103.20835481478704,127.03302392031344,145.57444893402936,167.55790864959837,204.65262025904332,134.6683
Nippon India Small Cap Fund - Regular - Growth,118634,173,103.37686644722159,127.03302849473766,145.7117907419883,167.85439692373836,204.88853979537984,134.6683
Nippon India Small Cap Fund - Regular - Growth,118634,174,103.31365598560804,126.98957650929262,145.8754902204549,168.15113659461497,205.4400233131325,134.6683
Nippon India Small Cap Fund - Regular - Growth,118634,175,103.2878953800595,127.06668444065642,145.89457175884695,168.0908797955226,205.26893520891468,134.6683
Nippon India Small Cap Fund - Regular - Growth,118634,176,103.12923523265837,127.20446324770126,145.89166159015508,168.22055638703293,205.6662696706743,134.6683
Nippon India Small Cap Fund - Regular - Growth,118634,177,103.3105229034382,127.04632324520946,145.8940690736755,168.43685129985218,206.02112166758002,134.6683
Nippon India Small Cap Fund - Regular - Growth,118634,178,103.2407794653096,127.2013774540297,146.01031359609124,168.7840132563154,205.87679821146165,134.6683
Nippon India Small Cap Fund - Regular - Growth,118634,179,102.92558745820932,127.21913256546387,146.0390560572282,168.9940448770556,205.49914996611759,134.6683
Nippon India Small Cap Fund - Regular - Growth,118634,180,102.82670796607809,127.18077701164985,146.2407782783041,169.03503622050107,206.2722801632777,134.6683
Nippon India Small Cap Fund - Regular - Growth,118634,181,102.79319551652956,127.08484280856297,146.26959971993918,169.2327881743027,207.07254884730935,134.6683
Nippon India Small Cap Fund - Regular - Growth,118634,182,102.89249048482725,127.08363644578303,146.27800447926967,169.24699325985364,207.40244759060243,134.6683
Nippon India Small Cap Fund - Regular - Growth,118634,183,103.00911746332923,127.06688844337138,146.42544318304388,169.45606550593533,207.76874314393766,134.6683
Nippon India Small Cap Fund - Regular - Growth,118634,184,102.96813744431266,126.89855895590904,146.49196367184095,169.73881221114482,208.4017878939626,134.6683
Nippon India Small Cap Fund - Regular - Growth,118634,185,102.84428697307253,127.16329132916705,146.6954136266625,169.52267028011798,207.97709854547176,134.6683
Nippon India Small Cap Fund - Regular - Growth,118634,186,102.81504421108419,127.1908459600412,146.71893590076607,169.69592283149336,208.32038956484632,134.6683
Nippon India Small Cap Fund - Regular - Growth,118634,187,102.90185570055867,127.05437856154248,146.95798554230504,169.87606530706756,208.68947894188656,134.6683
Nippon India Small Cap Fund - Regular - Growth,118634,188,102.89474483362055,126.98808068529472,146.7532135202667,170.01220617209424,209.21332433698817,134.6683
Nippon India Small Cap Fund - Regular - Growth,118634,189,102.70059635587569,126.95632106977946,146.88067069153902,169.8739586579917,209.4675344474556,134.6683
Nippon India Small Cap Fund - Regular - Growth,118634,190,102.50642838304988,126.98050131491287,146.97052979481435,170.0627697667753,209.35196345148208,134.6683
Nippon India Small Cap Fund - Regular - Growth,118634,191,102.47009752185451,127.2196314007382,146.88687301931708,170.22916344939114,210.15316592881874,134.6683
Nippon India Small Cap Fund - Regular - Growth,118634,192,102.54202681398345,127.12917022224654,147.01324536421313,170.44669732641208,210.54305425218473,134.6683
Nippon India Small Cap Fund - Regular - Growth,118634,193,102.12599956593404,127.27357207775233,147.1434322207283,170.6913058603991,210.32787758901543,134.6683
Nippon India Small Cap Fund - Regular - Growth,118634,194,102.15760794833831,127.07170690593381,147.19826530668547,170.55683344940556,210.6185796881838,134.6683
Nippon India Small Cap Fund - Regular - Growth,118634,195,101.91485045078477,127.23712628133758,147.38669072737764,170.75429663003425,211.16449368929537,134.6683
Nippon India Small Cap Fund - Regular - Growth,118634,196,101.9855805369498,127.19815194742151,147.3998053153519,170.6714349793175,211.4029401295918,134.6683
Nippon India Small Cap Fund - Regular - Growth,118634,197,101.93288059901539,127.13136239733089,147.32129640722584,170.99623816047995,211.24663404531162,134.6683
Nippon India Small Cap Fund - Regular - Growth,118634,198,101.95185936545137,127.16041367094371,147.39359472256717,171.23701909244687,211.9741975043072,134.6683
Nippon India Small Cap Fund - Regular - Growth,118634,199,102.10714022541339,127.14471945995612,147.24795772324217,171.39697440304155,212.71068591486872,134.6683
Nippon India Small Cap Fund - Regular - Growth,118634,200,102.13305144067061,127.28834324810435,147.45595840579122,171.3804108720384,213.21468970752807,134.6683
Nippon India Small Cap Fund - Regular - Growth,118634,201,102.26115742127192,127.20214145108137,147.72947427426197,171.56841450364234,213.7822849390113,134.6683
Nippon India Small Cap Fund - Regular - Growth,118634,202,101.9929188889457,127.13131243639702,147.53067269635443,171.99303472254618,213.69352570804122,134.6683
Nippon India Small Cap Fund - Regular - Growth,118634,203,102.07167474721813,127.19819289275918,147.75958763024857,172.02749683837976,213.25729620732878,134.6683
Nippon India Small Cap Fund - Regular - Growth,118634,204,102.06689119626243,127.33630596887386,147.69925941379284,172.2814146305597,213.62359726721314,134.6683
Nippon India Small Cap Fund - Regular - Growth,118634,205,101.75073394327258,127.27602577592252,147.90839370077137,172.58288053124346,214.01307692866482,134.6683
Nippon India Small Cap Fund - Regular - Growth,118634,206,101.96195162562246,127.11106344862947,147.82982910951785,172.67317133889722,214.76147008469607,134.6683
Nippon India Small Cap Fund - Regular - Growth,118634,207,101.81254225836149,127.11569110946343,148.03187411011623,172.84826358808004,214.06526733015411,134.6683
Nippon India Small Cap Fund - Regular - Growth,118634,208,101.64346723480341,127.14996358403693,148.02510189446093,172.77710437057343,214.49930380050372,134.6683
Nippon India Small Cap Fund - Regular - Growth,118634,209,101.84780921297977,127.1208370001524,148.23972359229725,172.95814403234272,215.48406838911126,134.6683
Nippon India Small Cap Fund - Regular - Growth,118634,210,101.74908552961038,127.38199298167213,148.15136028666214,173.13802728027608,215.75788485064245,134.6683
Nippon India Small Cap Fund - Regular - Growth,118634,211,101.85175149940552,127.28687418277764,148.31239670821026,173.36694724678767,215.38044543629533,134.6683
Nippon India Small Cap Fund - Regular - Growth,118634,212,101.58550215411621,127.50058670363698,148.37212816354838,173.21257192289085,215.5848776371037,134.6683
Nippon India Small Cap Fund - Regular - Growth,118634,213,101.4296192572025,127.29257342768214,148.44198585386977,173.44949873123406,216.35166568741943,134.6683
Nippon India Small Cap Fund - Regular - Growth,118634,214,101.54612851674882,127.35550875041461,148.5727868397439,173.5640332488664,216.46711846288656,134.6683
Nippon India Small Cap Fund - Regular - Growth,118634,215,101.4741338719319,127.38527353965303,148.7464171159681,173.70074095478773,216.50508528094076,134.6683
Nippon India Small Cap Fund - Regular - Growth,118634,216,101.66833664720612,127.24438766276971,148.83546605432048,173.92786318818816,216.60694520853767,134.6683
Nippon India Small Cap Fund - Regular - Growth,118634,217,101.34604524109346,127.36157743113702,148.85923688393922,173.94723825321068,216.83783105217265,134.6683
Nippon India Small Cap Fund - Regular - Growth,118634,218,101.41241966429246,127.11603192040123,148.8988709699791,174.32449827107,216.96811412859844,134.6683
Nippon India Small Cap Fund - Regular - Growth,118634,219,101.41104869004891,127.15824045551787,148.81828450545362,174.41007036187708,217.55565418189974,134.6683
Nippon India Small Cap Fund - Regular - Growth,118634,220,101.35868403884129,127.11266690036395,148.996546452349,174.27536491239823,217.86636921032382,134.6683
Nippon India Small Cap Fund - Regular - Growth,118634,221,101.38060354576082,127.06015625469564,149.07257080054413,174.28691024398353,217.6876383394786,134.6683
Nippon India Small Cap Fund - Regular - Growth,118634,222,101.14089174172996,127.02849540538644,149.0055137817586,174.37763316558022,217.93063288726506,134.6683
Nippon India Small Cap Fund - Regular - Growth,118634,223,101.31495524668362,127.1013456211686,149.01965765252248,174.6449420984332,218.59937182423346,134.6683
Nippon India Small Cap Fund - Regular - Growth,118634,224,101.17576721190494,127.05427346175462,149.22791408548193,175.02816706136605,219.22966479939495,134.6683
Nippon India Small Cap Fund - Regular - Growth,118634,225,101.16633199529399,127.00753577054103,149.17466159428068,175.38435717781522,219.29051840188038,134.6683
Nippon India Small Cap Fund - Regular - Growth,118634,226,100.90144404999569,126.93842222475536,149.2773285462402,175.54490308715793,219.74511783409193,134.6683
Nippon India Small Cap Fund - Regular - Growth,118634,227,100.87066600676339,127.04042813020276,149.3473229377108,175.65624893218887,220.007199186072,134.6683
Nippon India Small Cap Fund - Regular - Growth,118634,228,100.69154013334652,127.04104636732741,149.41080843497548,175.70827605636418,219.9208268620974,134.6683
Nippon India Small Cap Fund - Regular - Growth,118634,229,100.60005212525068,126.79783128042374,149.4505970304362,175.77440404702566,220.16335135816112,134.6683
Nippon India Small Cap Fund - Regular - Growth,118634,230,100.69804530018926,126.9199639879376,149.38677831797105,176.0069332329142,220.10000418831143,134.6683
Nippon India Small Cap Fund - Regular - Growth,118634,231,100.57206560090766,127.1610164004313,149.54258274725186,176.15448997827016,220.93521944386404,134.6683
Nippon India Small Cap Fund - Regular - Growth,118634,232,100.48529089227426,127.08843206221283,149.68877397377761,175.8908094806563,221.84235301266278,134.6683
Nippon India Small Cap Fund - Regular - Growth,118634,233,100.62921771604246,127.05626801948077,149.81980040835265,176.05940651676087,221.9549398541254,134.6683
Nippon India Small Cap Fund - Regular - Growth,118634,234,100.37624152103925,127.14177701687706,149.97266783773114,176.3676065713119,221.6369966907717,134.6683
Nippon India Small Cap Fund - Regular - Growth,118634,235,100.41148935207305,127.07473450138431,149.97858820492286,176.6361787819256,222.9408347496584,134.6683
Nippon India Small Cap Fund - Regular - Growth,118634,236,100.34911755357835,127.16448531387499,149.94434047437392,176.55787817122626,222.79773558071057,134.6683
Nippon India Small Cap Fund - Regular - Growth,118634,237,100.40723248670062,127.15186073069601,150.04551959455844,176.99169397201348,223.0530714513682,134.6683
Nippon India Small Cap Fund - Regular - Growth,118634,238,100.34179018082088,127.30236288482972,150.2343402705881,177.02328461653946,223.12269373397217,134.6683
Nippon India Small Cap Fund - Regular - Growth,118634,239,100.33135536167148,127.34321860873554,150.2625347121998,176.84898286123735,223.70858221596305,134.6683
Nippon India Small Cap Fund - Regular - Growth,118634,240,100.04843857231695,127.28355781249752,150.275746174142,177.1447538470327,224.53949197954972,134.6683
Nippon India Small Cap Fund - Regular - Growth,118634,241,100.4389394302261,127.12605525175877,150.376176525571,177.2319370598594,224.77511018773004,134.6683
Nippon India Small Cap Fund - Regular - Growth,118634,242,100.26163155588787,127.36369222748307,150.38808762979815,177.2322601966337,225.19432714863856,134.6683
Nippon India Small Cap Fund - Regular - Growth,118634,243,100.17368416402084,127.37326667420749,150.54956547447154,177.03975744579532,225.1281644982322,134.6683
Nippon India Small Cap Fund - Regular - Growth,118634,244,100.61371808520695,127.41663376508163,150.46724310882212,177.01666253042535,225.01365696520293,134.6683
Nippon India Small Cap Fund - Regular - Growth,118634,245,100.39606655247927,127.49833311721238,150.49121175455036,177.15050294805798,225.11831557721368,134.6683
Nippon India Small Cap Fund - Regular - Growth,118634,246,100.00837642231423,127.4889079594771,150.4298637150883,177.43843996306643,225.07584626185536,134.6683
Nippon India Small Cap Fund - Regular - Growth,118634,247,100.12353876437307,127.54369401822294,150.35644074065493,177.8321572330263,225.7328909440848,134.6683
Nippon India Small Cap Fund - Regular - Growth,118634,248,99.79662339218869,127.27008827809023,150.43103535499552,178.13188332470196,225.81220737803906,134.6683
Nippon India Small Cap Fund - Regular - Growth,118634,249,99.89447067444888,127.30444090288161,150.44221498886893,178.36935594889687,226.12184785718466,134.6683
Nippon India Small Cap Fund - Regular - Growth,118634,250,99.75055867922113,127.38076115700991,150.59701880068747,178.21992784047703,226.38788125508594,134.6683
Nippon India Small Cap Fund - Regular - Growth,118634,251,99.67525749877026,127.35033099624476,150.64802631853672,178.4171754060213,227.02069231337558,134.6683
Nippon India Small Cap Fund - Regular - Growth,118634,252,99.81731310769052,127.59361113605391,150.9596828311714,178.63741116330775,227.9276866578548,134.6683
Nippon India Small Cap Fund - Regular - Growth,118634,253,99.92779846552635,127.53622267832583,150.66186613330024,178.84351758526265,227.54356662636033,134.6683
Nippon India Small Cap Fund - Regular - Growth,118634,254,99.68285732251888,127.66114983866909,150.70401604362922,179.1293956041585,228.4682157378958,134.6683
Nippon India Small Cap Fund - Regular - Growth,118634,255,99.70758753892774,127.60903270136066,150.8464102948209,179.1622627257336,228.36325788537607,134.6683
Nippon India Small Cap Fund - Regular - Growth,118634,256,99.65195851010878,127.52535368966058,151.01341442744211,179.29029751149164,229.39276929363643,134.6683
Nippon India Small Cap Fund - Regular - Growth,118634,257,99.69006291580325,127.5895545132505,151.03930486610017,179.75276118294443,229.71654620454171,134.6683
Nippon India Small Cap Fund - Regular - Growth,118634,258,99.67726500529912,127.63877371292973,151.23626119745813,179.4506265148201,229.08456721613507,134.6683
Nippon India Small Cap Fund - Regular - Growth,118634,259,99.54661600993975,127.5203156562031,151.36118671399873,179.7727079235752,229.0085910803889,134.6683
Nippon India Small Cap Fund - Regular - Growth,118634,260,99.62751602609372,127.61596111549993,151.5504697784403,180.20737821662198,229.9350692813359,134.6683
Nippon India Small Cap Fund - Regular - Growth,118634,261,99.53658944446767,127.73819749015678,151.63561700610626,180.0189633222526,229.9545428425599,134.6683
Nippon India Small Cap Fund - Regular - Growth,118634,262,99.484609274125,127.71663080820164,151.58181486498052,180.46743720134103,230.28263227126007,134.6683
Nippon India Small Cap Fund - Regular - Growth,118634,263,99.46821664861838,127.52206502431724,151.59744957416564,180.4187574905166,230.3519393513745,134.6683
Nippon India Small Cap Fund - Regular - Growth,118634,264,99.43632876758289,127.57218092090977,151.44673593533622,180.5624716969902,230.80022166015954,134.6683
Nippon India Small Cap Fund - Regular - Growth,118634,265,99.55734905060835,127.49848884266159,151.4025668693963,180.74090283457485,230.98575901752892,134.6683
Nippon India Small Cap Fund - Regular - Growth,118634,266,99.52913807209696,127.56396604471966,151.5757342390075,180.7087608560522,230.47366866581302,134.6683
Nippon India Small Cap Fund - Regular - Growth,118634,267,99.42834506896463,127.66224231071476,151.8101708169836,180.82159284486175,231.7166609203623,134.6683
Nippon India Small Cap Fund - Regular - Growth,118634,268,99.19712826240475,127.52592403096918,151.7836453584997,180.75107324342156,231.9610556199572,134.6683
Nippon India Small Cap Fund - Regular - Growth,118634,269,99.21114146227428,127.4477644757225,151.86230250799196,180.96188192121252,232.6665551687026,134.6683
Nippon India Small Cap Fund - Regular - Growth,118634,270,99.13063129842581,127.38595126755206,152.0398746426224,181.03198630930478,232.39756324298574,134.6683
Nippon India Small Cap Fund - Regular - Growth,118634,271,99.51651477457311,127.36131143762874,152.08180920020314,181.11882215418524,232.18508023297045,134.6683
Nippon India Small Cap Fund - Regular - Growth,118634,272,99.402577020728,127.3627923230124,152.26738289878455,181.25666433228227,232.71257383349968,134.6683
Nippon India Small Cap Fund - Regular - Growth,118634,273,99.53148238465039,127.25301501139835,152.23231033610182,181.6473442436706,232.62824629842564,134.6683
Nippon India Small Cap Fund - Regular - Growth,118634,274,99.56949353095203,127.41176107123206,152.0720581045905,181.73374631927743,232.97556754893898,134.6683
Nippon India Small Cap Fund - Regular - Growth,118634,275,99.43996392624554,127.5066699247186,152.14000651542017,181.64503459626096,232.88778315165243,134.6683
Nippon India Small Cap Fund - Regular - Growth,118634,276,99.35675770560805,127.60883142111248,152.30313674867628,181.99570727533126,233.86280864837153,134.6683
Nippon India Small Cap Fund - Regular - Growth,118634,277,99.13518467225266,127.54586893438736,152.3570305595557,182.00244720859237,234.37499785719453,134.6683
Nippon India Small Cap Fund - Regular - Growth,118634,278,98.91714646054416,127.61751765090287,152.44101885462646,182.2380336521705,235.14599694034368,134.6683
Nippon India Small Cap Fund - Regular - Growth,118634,279,99.16167003057657,127.6977523823829,152.73979161689886,182.53485742614498,235.1900950194446,134.6683
Nippon India Small Cap Fund - Regular - Growth,118634,280,99.29010119290984,127.66659206383417,152.96288346151886,182.67350143292074,235.04850661403157,134.6683
Nippon India Small Cap Fund - Regular - Growth,118634,281,98.83237115753043,127.73008073814876,152.9332226542097,182.62596899533918,235.1383693169802,134.6683
Nippon India Small Cap Fund - Regular - Growth,118634,282,99.14667875831876,127.75378241668028,152.8524968550326,183.04140300587736,235.80197857527014,134.6683
Nippon India Small Cap Fund - Regular - Growth,118634,283,98.86062707006079,127.67535282283416,153.08046827355588,182.84443083219028,236.24652932206007,134.6683
Nippon India Small Cap Fund - Regular - Growth,118634,284,99.15513333289044,127.62585225896788,153.09489236625564,182.70342905322806,236.67019165181586,134.6683
Nippon India Small Cap Fund - Regular - Growth,118634,285,98.99285912501139,127.85205154847492,152.97536894611363,183.20800013061245,237.46913873579192,134.6683
Nippon India Small Cap Fund - Regular - Growth,118634,286,99.10567428062319,127.74070278097794,153.18265741621775,183.10242087755364,237.7428769875187,134.6683
Nippon India Small Cap Fund - Regular - Growth,118634,287,99.18206644231195,127.67972694825608,152.83487398716113,183.2790604902037,238.5290155521135,134.6683
Nippon India Small Cap Fund - Regular - Growth,118634,288,98.90648703795169,127.87641315497426,153.17610518247602,183.33197003154163,238.29110768210785,134.6683
Nippon India Small Cap Fund - Regular - Growth,118634,289,98.79504705540535,127.90854858725434,153.2846437387882,183.5130136751136,238.65147433181818,134.6683
Nippon India Small Cap Fund - Regular - Growth,118634,290,98.73503649130728,127.97986371371972,153.16683376363466,183.83177532629347,238.99786893372365,134.6683
Nippon India Small Cap Fund - Regular - Growth,118634,291,98.69327777343817,127.80515109322894,153.34723623131316,183.92148113625345,239.50145575825024,134.6683
Nippon India Small Cap Fund - Regular - Growth,118634,292,98.80899141562166,127.84612967586992,153.29184452537453,183.7324365634308,239.66593244530503,134.6683
Nippon India Small Cap Fund - Regular - Growth,118634,293,98.92273567160318,128.00292784195568,153.39987430783776,183.83059170987383,239.8834726396649,134.6683
Nippon India Small Cap Fund - Regular - Growth,118634,294,98.89732629032535,127.76895931216895,153.69042046981633,184.035227471596,240.12321488354686,134.6683
Nippon India Small Cap Fund - Regular - Growth,118634,295,98.60579677588618,127.75935239432413,153.96433582261005,183.9652594556768,240.52398179770063,134.6683
Nippon India Small Cap Fund - Regular - Growth,118634,296,98.78970517629163,127.7236017337917,153.77379804741443,183.89511365229967,241.10063491825844,134.6683
Nippon India Small Cap Fund - Regular - Growth,118634,297,98.47197630531781,127.9571841883496,153.88164633263364,184.50841567645637,241.80521796176006,134.6683
Nippon India Small Cap Fund - Regular - Growth,118634,298,98.82081982821344,127.78783662746544,153.88357780895052,184.76585534677548,241.6641659930295,134.6683
Nippon India Small Cap Fund - Regular - Growth,118634,299,98.77303758677841,127.8447684007582,153.78336465339962,184.77299884189011,241.59359483531932,134.6683
Nippon India Small Cap Fund - Regular - Growth,118634,300,98.75702227285419,127.9711669272802,154.0965859037186,184.93099357074067,242.16859804371273,134.6683
Nippon India Small Cap Fund - Regular - Growth,118634,301,98.67191202640079,127.80177475372513,154.26783631964867,185.22133189224448,241.97347028168824,134.6683
Nippon India Small Cap Fund - Regular - Growth,118634,302,98.3579567929664,127.78234677793223,154.26366215236416,185.81064495588328,242.813196084168,134.6683
Nippon India Small Cap Fund - Regular - Growth,118634,303,98.50564992497667,127.90395771042301,154.08950128551322,185.9885989235408,243.21263246998953,134.6683
Nippon India Small Cap Fund - Regular - Growth,118634,304,98.47677641863005,127.70011744589632,154.28021890981353,185.96185466079748,243.00736856997844,134.6683
Nippon India Small Cap Fund - Regular - Growth,118634,305,98.39103425805504,127.83900215590923,154.3521640340963,186.22291407003968,242.78815982569444,134.6683
Nippon India Small Cap Fund - Regular - Growth,118634,306,98.47433296357363,128.04504997803127,154.54414226120892,185.74059113436311,243.60892250105158,134.6683
Nippon India Small Cap Fund - Regular - Growth,118634,307,97.94297415455345,128.12301027817733,154.30313093482764,186.22444351689495,243.82186453894712,134.6683
Nippon India Small Cap Fund - Regular - Growth,118634,308,98.0677467258723,128.0556692935604,154.50244756788135,186.27159774927435,243.44004897257173,134.6683
Nippon India Small Cap Fund - Regular - Growth,118634,309,98.31148051573975,128.04271146283943,154.5643438910747,186.76455028753816,244.01444595744962,134.6683
Nippon India Small Cap Fund - Regular - Growth,118634,310,98.12793749192357,128.00137288063436,154.53693751188058,186.64491986939876,244.40083581474417,134.6683
Nippon India Small Cap Fund - Regular - Growth,118634,311,97.9526268733717,128.06499395043005,154.7369188709037,187.14242004647042,244.52251707930944,134.6683
Nippon India Small Cap Fund - Regular - Growth,118634,312,97.64864951880686,128.02494601157645,154.777728218749,187.42232119368572,244.92975613417505,134.6683
Nippon India Small Cap Fund - Regular - Growth,118634,313,97.95520921374974,127.98559254440633,154.84488380391326,187.34747616085235,245.28728943012337,134.6683
Nippon India Small Cap Fund - Regular - Growth,118634,314,97.94052501067037,127.98572251694989,154.82812632030965,187.67601832213336,245.91678212498502,134.6683
Nippon India Small Cap Fund - Regular - Growth,118634,315,97.95642031140409,128.08811255061389,155.03709221553746,187.73232090599217,246.09048014370265,134.6683
Nippon India Small Cap Fund - Regular - Growth,118634,316,97.9415366276932,128.22771393613132,155.16121087165368,188.04682313805762,246.14794764050833,134.6683
Nippon India Small Cap Fund - Regular - Growth,118634,317,97.97615175407573,128.0895981494117,155.56129639334694,188.0813681105425,246.24866624065402,134.6683
Nippon India Small Cap Fund - Regular - Growth,118634,318,97.88120084687934,128.19972782630578,155.0658644387015,188.34620408152375,246.12433228108995,134.6683
Nippon India Small Cap Fund - Regular - Growth,118634,319,98.21043812512988,128.25881269420182,155.18548059438405,188.32884934436197,245.98087693617242,134.6683
Nippon India Small Cap Fund - Regular - Growth,118634,320,97.88749020310604,128.25034154158882,155.1706433317055,188.616819644004,246.2850247210688,134.6683
Nippon India Small Cap Fund - Regular - Growth,118634,321,97.70614200745219,128.27420284458728,155.3454478623762,188.605047474355,246.87431101012976,134.6683
Nippon India Small Cap Fund - Regular - Growth,118634,322,97.56720982364936,128.3400685661242,155.66706338605184,188.85417958501387,247.12184693577606,134.6683
Nippon India Small Cap Fund - Regular - Growth,118634,323,97.61606990378912,128.28008080454833,155.7446295193502,188.84798375545057,247.79217640092608,134.6683
Nippon India Small Cap Fund - Regular - Growth,118634,324,97.56814104950142,128.262056923031,155.60695375749702,189.0531635143168,248.28875801582578,134.6683
Nippon India Small Cap Fund - Regular - Growth,118634,325,97.78808914067832,128.2886806909903,155.66245945402846,189.44714807847475,249.00813250312464,134.6683
Nippon India Small Cap Fund - Regular - Growth,118634,326,97.5566698650695,128.2186408527635,155.53985919714893,189.31858538171798,248.68321198924005,134.6683
Nippon India Small Cap Fund - Regular - Growth,118634,327,97.53769148610958,128.3146461039591,155.58305840178764,189.4874340123105,249.212062091777,134.6683
Nippon India Small Cap Fund - Regular - Growth,118634,328,97.33044019835816,128.1669761763734,155.7434701847577,189.7675461620104,249.464198549539,134.6683
Nippon India Small Cap Fund - Regular - Growth,118634,329,97.79110429316994,128.18750376464294,155.73566497198334,189.82810262938406,249.66179268089988,134.6683
Nippon India Small Cap Fund - Regular - Growth,118634,330,97.64145653173416,128.10206889389983,155.9212823632762,190.22562471356994,249.76678363101547,134.6683
Nippon India Small Cap Fund - Regular - Growth,118634,331,97.50482337831639,128.16113587838268,155.9021765930883,190.4941341922952,250.13186015987728,134.6683
Nippon India Small Cap Fund - Regular - Growth,118634,332,97.30173748387782,128.13610767042644,155.80063626660163,190.54068906243265,250.23856598794927,134.6683
Nippon India Small Cap Fund - Regular - Growth,118634,333,96.87709177041083,127.81960514609105,155.86990847460316,191.1292686025303,250.96768185313732,134.6683
Nippon India Small Cap Fund - Regular - Growth,118634,334,97.32552425815403,128.1137770492246,155.95913824827022,191.27071602486936,251.0040094646164,134.6683
Nippon India Small Cap Fund - Regular - Growth,118634,335,97.66101487666778,128.2913738255969,156.13281889692152,191.448614480782,251.75992133739396,134.6683
Nippon India Small Cap Fund - Regular - Growth,118634,336,97.3073715007671,128.45843664148452,156.34093764637558,191.4158263094877,251.9559852186406,134.6683
Nippon India Small Cap Fund - Regular - Growth,118634,337,97.23967140535976,128.4882502424019,156.35717157293212,191.69685250622518,251.70479927084813,134.6683
Nippon India Small Cap Fund - Regular - Growth,118634,338,97.1018393939505,128.4484203706951,156.76702731121622,191.57659673607117,252.35370984233847,134.6683
Nippon India Small Cap Fund - Regular - Growth,118634,339,97.23190184781956,128.66022990049188,156.53675414415238,191.7446640166413,252.42725911423113,134.6683
Nippon India Small Cap Fund - Regular - Growth,118634,340,97.20572880534543,128.7210809610195,156.82068251348096,191.7663455039795,252.5057062914758,134.6683
Nippon India Small Cap Fund - Regular - Growth,118634,341,97.22324004089171,128.56357936062545,156.7423399789863,191.9287130024096,252.8505165246257,134.6683
Nippon India Small Cap Fund - Regular - Growth,118634,342,96.7993266304988,128.50359780628503,156.52539597057262,191.9420585479429,253.15098820633835,134.6683
Nippon India Small Cap Fund - Regular - Growth,118634,343,96.78292125643438,128.74578602167614,156.63075274989612,192.1527933108095,253.18526960113266,134.6683
Nippon India Small Cap Fund - Regular - Growth,118634,344,97.25609628858155,128.74927696491778,156.89418163662714,192.27468163596484,253.50293420761673,134.6683
Nippon India Small Cap Fund - Regular - Growth,118634,345,97.19222413016266,128.80741724932727,156.89935298118837,192.29669039162036,254.27181228227403,134.6683
Nippon India Small Cap Fund - Regular - Growth,118634,346,97.13904231719286,128.79503030430973,156.84159341523758,192.36509494417626,254.98561139021535,134.6683
Nippon India Small Cap Fund - Regular - Growth,118634,347,97.37316634742174,128.96293282864306,156.80756944356065,192.4108554679746,255.79970936620188,134.6683
Nippon India Small Cap Fund - Regular - Growth,118634,348,97.16220720689311,129.05024506829324,156.76977931099583,192.5819038711054,255.4349580013252,134.6683
Nippon India Small Cap Fund - Regular - Growth,118634,349,97.17447052033665,128.93532983003607,156.92533023548708,192.7529414182152,256.4225918966394,134.6683
Nippon India Small Cap Fund - Regular - Growth,118634,350,97.16839017499505,129.0986643041232,157.27413014484836,192.82766009326397,255.6202069862814,134.6683
Nippon India Small Cap Fund - Regular - Growth,118634,351,97.09026561512786,129.08517446156674,157.13130017092539,192.9365013149345,256.201079224539,134.6683
Nippon India Small Cap Fund - Regular - Growth,118634,352,96.99527742092744,129.0970411830874,157.41268581996948,192.8537986930106,256.45271235044663,134.6683
Nippon India Small Cap Fund - Regular - Growth,118634,353,97.31634014254749,129.01878446438258,157.66835477438048,193.16471591425986,257.0706377408749,134.6683
Nippon India Small Cap Fund - Regular - Growth,118634,354,97.25125059905028,129.01742556224127,157.64215244799774,193.15721872146713,257.3184167250407,134.6683
Nippon India Small Cap Fund - Regular - Growth,118634,355,96.8703504296385,129.268624603082,157.57471983377735,193.32869742090108,257.4463584168531,134.6683
Nippon India Small Cap Fund - Regular - Growth,118634,356,97.12647643418482,129.50542851024687,157.70589651007535,193.5157129689512,257.8657515367473,134.6683
Nippon India Small Cap Fund - Regular - Growth,118634,357,96.80627668928199,129.23804576566835,157.84880220543093,194.03133812936574,258.16212343144724,134.6683
Nippon India Small Cap Fund - Regular - Growth,118634,358,96.73810150612039,129.13302770451233,157.6996964008725,194.35045376688845,257.85644738195856,134.6683
Nippon India Small Cap Fund - Regular - Growth,118634,359,96.72745859065779,129.3761670539269,157.71178901798027,194.4736330583793,258.4707008626073,134.6683
Nippon India Small Cap Fund - Regular - Growth,118634,360,96.39975623114282,129.16954246167384,157.96077037157858,194.3043227087503,259.1062424700248,134.6683
Nippon India Small Cap Fund - Regular - Growth,118634,361,96.63649341501318,129.19313129631703,158.28708375338482,194.20508499030387,258.79431065501814,134.6683
Nippon India Small Cap Fund - Regular - Growth,118634,362,96.23249854354343,129.36585914035834,158.2348998608167,194.54451144887554,258.8774920867119,134.6683
Nippon India Small Cap Fund - Regular - Growth,118634,363,96.26144096650437,129.50008436177862,158.2698577264693,194.65109133875285,259.242687695099,134.6683
Nippon India Small Cap Fund - Regular - Growth,118634,364,96.26592940042802,129.67379133103282,158.34583008756917,194.8303439782707,259.29137484384296,134.6683
Nippon India Small Cap Fund - Regular - Growth,118634,365,96.16941166303104,129.480885286876,158.57179716980772,194.91567395539266,260.0328939997952,134.6683
Nippon India Small Cap Fund - Regular - Growth,118634,366,96.17624133233019,129.48094526988925,158.73722346488233,194.9609024529983,260.85053714163064,134.6683
Nippon India Small Cap Fund - Regular - Growth,118634,367,96.13609010222176,129.4958221857229,158.69894829227104,195.03329917264747,259.7708204410691,134.6683
Nippon India Small Cap Fund - Regular - Growth,118634,368,96.24313208675574,129.45430127631508,158.97671568717607,195.13373089586764,259.8602049632543,134.6683
Nippon India Small Cap Fund - Regular - Growth,118634,369,96.16683731619597,129.4200048929467,158.94367644941985,195.57904325177475,260.5681727640227,134.6683
Nippon India Small Cap Fund - Regular - Growth,118634,370,96.46971958153551,129.34188852481532,159.3015184581883,195.78643004374783,260.7133660039169,134.6683
Nippon India Small Cap Fund - Regular - Growth,118634,371,96.38477915219063,129.48749191174383,159.16069488991485,195.9224328815958,261.0756766595877,134.6683
Nippon India Small Cap Fund - Regular - Growth,118634,372,96.5583609936425,129.5602117027656,159.31853443895528,196.0446052580108,261.3159490333108,134.6683
Nippon India Small Cap Fund - Regular - Growth,118634,373,96.39033649184302,129.9271801280558,159.20778894576807,195.91281544730097,261.5536375411926,134.6683
Nippon India Small Cap Fund - Regular - Growth,118634,374,96.29675623627631,129.9183130451434,159.14345211510147,195.94549825844015,261.5108547606774,134.6683
Nippon India Small Cap Fund - Regular - Growth,118634,375,96.26056756456177,129.86196053790016,159.31129827208025,196.0073532772726,262.55523109271195,134.6683
Nippon India Small Cap Fund - Regular - Growth,118634,376,96.16720460258801,129.81395472162384,159.6992468321366,196.43186464029236,262.4779304666151,134.6683
Nippon India Small Cap Fund - Regular - Growth,118634,377,96.20221717132787,129.77552453683853,159.80059154340245,196.22628105595368,263.7006787833013,134.6683
Nippon India Small Cap Fund - Regular - Growth,118634,378,96.48073115306671,129.84397829154807,159.77262715496215,196.49799884181238,262.4692093179174,134.6683
Nippon India Small Cap Fund - Regular - Growth,118634,379,96.33954340095964,129.93574091965428,159.89061407027515,196.60692014763922,263.49293303789125,134.6683
Nippon India Small Cap Fund - Regular - Growth,118634,380,95.9628514703977,129.91624500353083,159.94389209013198,196.78097938961815,263.9882611963533,134.6683
Nippon India Small Cap Fund - Regular - Growth,118634,381,96.21419481084584,129.88690487194958,159.96619231688686,196.73971639180152,264.1069772726884,134.6683
Nippon India Small Cap Fund - Regular - Growth,118634,382,96.34407834393572,129.85220957698144,160.18724828491295,197.0561598092084,264.64511477081845,134.6683
Nippon India Small Cap Fund - Regular - Growth,118634,383,96.09463767754988,129.95337587163476,160.15755511032503,197.06893149604056,264.6394012332688,134.6683
Nippon India Small Cap Fund - Regular - Growth,118634,384,96.12857515198229,130.13415359811523,160.3462063467042,197.2252811786757,265.38162917492014,134.6683
Nippon India Small Cap Fund - Regular - Growth,118634,385,96.0726432916836,130.19319269350387,160.54055512379702,197.2046351231631,264.9718322639617,134.6683
Nippon India Small Cap Fund - Regular - Growth,118634,386,96.20306024078351,130.06882995019149,160.39937235460252,197.4425689513281,265.7884410171082,134.6683
Nippon India Small Cap Fund - Regular - Growth,118634,387,96.29224770652957,130.16576473844643,160.35846360120416,197.48949452335393,266.29510252817806,134.6683
Nippon India Small Cap Fund - Regular - Growth,118634,388,95.94780149043802,130.03497297981608,160.373239075715,197.80519909812264,266.6248134081694,134.6683
Nippon India Small Cap Fund - Regular - Growth,118634,389,96.09505504333104,130.2063662835335,160.6697027726687,197.90471575241511,266.84299953987943,134.6683
Nippon India Small Cap Fund - Regular - Growth,118634,390,96.1342147695214,130.25895011462427,160.9999159740217,197.8948909263625,266.53817382483334,134.6683
Nippon India Small Cap Fund - Regular - Growth,118634,391,96.16103870461096,130.27391244500927,160.9557075031082,198.15479842754658,266.9356688354665,134.6683
Nippon India Small Cap Fund - Regular - Growth,118634,392,96.35725949265534,130.29086244363916,161.12633082896843,198.35202039063518,267.3916409877035,134.6683
Nippon India Small Cap Fund - Regular - Growth,118634,393,96.24865811460543,130.07963983482145,161.03868372662305,198.25933937580112,268.3660795797714,134.6683
Nippon India Small Cap Fund - Regular - Growth,118634,394,96.32991797021376,130.10466871930203,160.88608761674857,198.36189327502916,268.27031296154036,134.6683
Nippon India Small Cap Fund - Regular - Growth,118634,395,96.01207070486086,129.98958878548967,161.18859630736688,198.31392080841493,268.79698506099015,134.6683
Nippon India Small Cap Fund - Regular - Growth,118634,396,96.22304527081823,130.1491228471029,161.38622712298445,198.41695739066867,269.12835326460737,134.6683
Nippon India Small Cap Fund - Regular - Growth,118634,397,96.03515364101632,130.2037603835281,161.1367228708158,198.64882155614643,269.18108104202446,134.6683
Nippon India Small Cap Fund - Regular - Growth,118634,398,95.74423393157032,130.20101792860743,160.88996089194677,199.2991075960103,270.0705105259244,134.6683
Nippon India Small Cap Fund - Regular - Growth,118634,399,95.80618397943717,130.26631299100598,161.34791593585686,199.23759348737056,270.69932828699706,134.6683
Nippon India Small Cap Fund - Regular - Growth,118634,400,95.5935690026807,130.21518883759293,161.05768683134107,199.1575104390547,270.8542450924214,134.6683
Nippon India Small Cap Fund - Regular - Growth,118634,401,95.6389991966361,130.43070380606594,161.4167812528618,199.26391859090933,271.2186014703007,134.6683
Nippon India Small Cap Fund - Regular - Growth,118634,402,95.77260260207638,130.2456293734076,161.3905670047168,199.42740174946255,271.1168947891011,134.6683
Nippon India Small Cap Fund - Regular - Growth,118634,403,95.8098297797933,130.40907949786322,161.1576484805983,199.51740997331183,271.26705020310624,134.6683
Nippon India Small Cap Fund - Regular - Growth,118634,404,95.95725577688454,130.44079372449704,161.44498644584485,199.6150903948412,270.8005906106616,134.6683
Nippon India Small Cap Fund - Regular - Growth,118634,405,96.16740607362384,130.50016611522602,161.53405556566983,200.21617158127174,271.99617231210857,134.6683
Nippon India Small Cap Fund - Regular - Growth,118634,406,96.06594288573507,130.453551219301,161.69491386816918,200.21952056041164,271.6782676818049,134.6683
Nippon India Small Cap Fund - Regular - Growth,118634,407,96.34645970312732,130.6360521809534,161.68257533702052,200.85452985258237,272.19172190475877,134.6683
Nippon India Small Cap Fund - Regular - Growth,118634,408,96.06459506246016,130.56909287318246,161.78638118805122,200.82426641771207,272.53605642554453,134.6683
Nippon India Small Cap Fund - Regular - Growth,118634,409,95.96450936056992,130.48565786299437,161.9522036260679,200.6409255651547,272.2482330949401,134.6683
Nippon India Small Cap Fund - Regular - Growth,118634,410,96.08899769130929,130.44375431859984,161.85987082764223,200.5609442989297,272.50939649529744,134.6683
Nippon India Small Cap Fund - Regular - Growth,118634,411,96.36145644677619,130.4954745321151,161.8711917460319,200.69584473908694,272.75614225711684,134.6683
Nippon India Small Cap Fund - Regular - Growth,118634,412,96.13465198948914,130.60956070738862,162.05778066561226,201.14586311420663,273.4223123574988,134.6683
Nippon India Small Cap Fund - Regular - Growth,118634,413,95.9039406982703,130.67026214713854,161.99947779143125,201.43395131962643,274.129151666745,134.6683
Nippon India Small Cap Fund - Regular - Growth,118634,414,95.96271357827173,130.6986601415601,162.00664936923806,201.29197135663506,275.42511609740234,134.6683
Nippon India Small Cap Fund - Regular - Growth,118634,415,95.96377116282227,130.87196037256163,162.09416491315244,201.34305142206676,274.9365503288881,134.6683
Nippon India Small Cap Fund - Regular - Growth,118634,416,95.86527477760646,130.61070105969503,162.16126341320552,201.69955826045498,275.47916373367565,134.6683
Nippon India Small Cap Fund - Regular - Growth,118634,417,95.85877246795373,130.48369748970714,162.32677119751224,201.40327362671056,275.34362047721106,134.6683
Nippon India Small Cap Fund - Regular - Growth,118634,418,95.59626035443577,130.852290380292,162.12182815312795,201.48176134607678,275.8912616466614,134.6683
Nippon India Small Cap Fund - Regular - Growth,118634,419,95.62206208232632,131.0044225306558,162.717127132715,201.88630398269476,275.87789517356606,134.6683
Nippon India Small Cap Fund - Regular - Growth,118634,420,95.28147195458433,130.64089840427093,162.7640367047979,202.14762824987187,276.2153120978236,134.6683
Nippon India Small Cap Fund - Regular - Growth,118634,421,95.62953470197691,130.86813166307005,162.71732058962763,202.43863189189295,276.76694262070765,134.6683
Nippon India Small Cap Fund - Regular - Growth,118634,422,95.80466830655884,131.06124737891636,162.81871030441724,202.28991669484728,277.06049172135556,134.6683
Nippon India Small Cap Fund - Regular - Growth,118634,423,95.65139517162596,131.05330081787048,162.98842712479214,202.2020207011621,277.8096155278655,134.6683
Nippon India Small Cap Fund - Regular - Growth,118634,424,95.46828462767068,131.19686943149256,163.00254898127662,201.99947691649334,277.21076425527116,134.6683
Nippon India Small Cap Fund - Regular - Growth,118634,425,95.70229703411518,131.0036844725882,163.20714218284303,202.21256805704223,278.28774726361996,134.6683
Nippon India Small Cap Fund - Regular - Growth,118634,426,95.56183071704346,131.0216049403856,163.27559983379354,202.46146325220263,278.87170832598053,134.6683
Nippon India Small Cap Fund - Regular - Growth,118634,427,95.7504104077347,131.1529077309276,163.201073776264,202.58103464947516,279.40595076135446,134.6683
Nippon India Small Cap Fund - Regular - Growth,118634,428,95.62692416038314,130.88280737517525,163.14785956307114,203.34746319915357,279.566985082071,134.6683
Nippon India Small Cap Fund - Regular - Growth,118634,429,95.67896937320899,130.9467065538705,163.29053530764952,203.2117554224723,279.2391999612762,134.6683
Nippon India Small Cap Fund - Regular - Growth,118634,430,95.59231586148356,130.70809341267756,163.499447877595,203.4064806998791,279.32485601070925,134.6683
Nippon India Small Cap Fund - Regular - Growth,118634,431,95.47228290407809,130.96811584173992,163.61665901218888,203.72589364315957,279.8387377372764,134.6683
Nippon India Small Cap Fund - Regular - Growth,118634,432,95.40780704403959,130.80426955222953,163.65064794132576,203.66679280782927,279.4777985586546,134.6683
Nippon India Small Cap Fund - Regular - Growth,118634,433,95.55207138213682,130.7340331742024,163.64189439443618,203.80063782515037,279.18069444863056,134.6683
Nippon India Small Cap Fund - Regular - Growth,118634,434,95.48813298831384,130.52029906405377,163.6059369564329,203.8508484294157,279.87581399038663,134.6683
Nippon India Small Cap Fund - Regular - Growth,118634,435,95.29089792424288,130.78352759415176,163.86784946066905,203.63137912021423,280.68795660241426,134.6683
Nippon India Small Cap Fund - Regular - Growth,118634,436,95.30684510176049,130.73678661606067,164.02741708305098,204.00320959279608,280.5436840992281,134.6683
Nippon India Small Cap Fund - Regular - Growth,118634,437,95.30548237686054,130.9568739479315,163.96632677297248,203.8681011600928,281.99639018826406,134.6683
Nippon India Small Cap Fund - Regular - Growth,118634,438,95.29257581095399,130.741786792828,164.01685442578474,204.43881433246673,281.5854585873028,134.6683
Nippon India Small Cap Fund - Regular - Growth,118634,439,95.31919579815704,130.46964031480982,163.94493048055435,204.28665034040682,282.3893015509632,134.6683
Nippon India Small Cap Fund - Regular - Growth,118634,440,95.38417398582794,130.8031298435979,163.9490591469593,204.29111804179414,282.432352677997,134.6683
Nippon India Small Cap Fund - Regular - Growth,118634,441,95.49871932315189,131.0214496030975,164.03646230839885,204.57409704792502,282.3493933541083,134.6683
Nippon India Small Cap Fund - Regular - Growth,118634,442,95.54417858233306,130.54117411348463,163.87461050940374,204.78262827977886,282.68043930937796,134.6683
Nippon India Small Cap Fund - Regular - Growth,118634,443,95.37381304249737,130.68093967662213,164.2301061241848,204.81664479177346,284.2201472234304,134.6683
Nippon India Small Cap Fund - Regular - Growth,118634,444,95.31258248537685,130.61085175865568,164.6299250172907,205.02127230223272,284.2888681648105,134.6683
Nippon India Small Cap Fund - Regular - Growth,118634,445,95.44371724388114,130.5683719425583,164.54963546964717,205.25916529413416,284.70591495933024,134.6683
Nippon India Small Cap Fund - Regular - Growth,118634,446,95.13774590235515,130.7298138423286,164.57561102452746,204.99593850504885,284.09983856750125,134.6683
Nippon India Small Cap Fund - Regular - Growth,118634,447,95.16456228959758,130.72470347459634,164.72745680130157,205.29044851317798,283.9665117210335,134.6683
Nippon India Small Cap Fund - Regular - Growth,118634,448,95.20823425645658,130.6140077336317,164.7476826654439,205.4662893086918,284.4023905098198,134.6683
Nippon India Small Cap Fund - Regular - Growth,118634,449,94.97430873473505,130.72383170456305,164.68089802643254,205.59313958803781,284.6211606753654,134.6683
Nippon India Small Cap Fund - Regular - Growth,118634,450,95.04214287931627,130.70658179289913,164.42881471397328,205.71324833631718,285.32810502672646,134.6683
Nippon India Small Cap Fund - Regular - Growth,118634,451,94.53606575466087,130.84013781990137,164.7380900440934,206.14402887628663,286.0370911493597,134.6683
Nippon India Small Cap Fund - Regular - Growth,118634,452,94.72705322495136,130.76995210936224,164.58702764637397,206.15499943252505,285.6330799424138,134.6683
Nippon India Small Cap Fund - Regular - Growth,118634,453,94.59230802919035,130.71064975337904,164.74438758785644,206.18000167954827,286.4516173406061,134.6683
Nippon India Small Cap Fund - Regular - Growth,118634,454,94.81609666733377,130.74181639956714,164.80376593437416,206.56537113407094,286.6638017179737,134.6683
Nippon India Small Cap Fund - Regular - Growth,118634,455,94.78297939822639,130.82794391857522,164.8691152951425,206.61415146438364,287.1881519009543,134.6683
Nippon India Small Cap Fund - Regular - Growth,118634,456,94.67965314744148,130.82338017950528,164.92812446495424,207.00974810902437,287.5139738828364,134.6683
Nippon India Small Cap Fund - Regular - Growth,118634,457,94.83118459052595,130.9664527709457,165.01349691663398,207.43556414794355,288.29476046552065,134.6683
Nippon India Small Cap Fund - Regular - Growth,118634,458,94.70848525911553,131.1574485860248,165.25466718272492,207.39705326859226,288.60820059970206,134.6683
Nippon India Small Cap Fund - Regular - Growth,118634,459,94.74000676485237,131.14954863532668,165.7458538416396,207.44388608510658,289.11398966715296,134.6683
Nippon India Small Cap Fund - Regular - Growth,118634,460,94.88422108051914,131.27040681212205,165.86833624153581,207.70778302265802,289.35483281718996,134.6683
Nippon India Small Cap Fund - Regular - Growth,118634,461,94.80194196620704,131.14213560829947,165.99985797556872,207.5458342499648,288.3022606951304,134.6683
Nippon India Small Cap Fund - Regular - Growth,118634,462,94.94217115718503,131.2491270804333,165.7648619187986,207.9067653995164,288.7200966847222,134.6683
Nippon India Small Cap Fund - Regular - Growth,118634,463,95.06334301535114,131.43482466517014,165.9481201012046,207.79371695160944,289.3491519775589,134.6683
Nippon India Small Cap Fund - Regular - Growth,118634,464,94.88312146462411,131.28539787970558,166.04877694812438,207.83582221423683,289.7061144764461,134.6683
Nippon India Small Cap Fund - Regular - Growth,118634,465,94.96344726517987,131.41063851350728,166.15119907325135,208.10028064933363,289.9317962748222,134.6683
Nippon India Small Cap Fund - Regular - Growth,118634,466,94.93265187644353,131.32805600462,166.16528581002737,208.49845351173704,289.65954012156817,134.6683
Nippon India Small Cap Fund - Regular - Growth,118634,467,94.8770522554158,131.5533526121334,166.29236115062662,208.74104081192553,289.60183071681837,134.6683
Nippon India Small Cap Fund - Regular - Growth,118634,468,94.7602491833463,131.6497049837805,166.037544022166,208.88059090314223,290.5490864197603,134.6683
Nippon India Small Cap Fund - Regular - Growth,118634,469,94.94055098702057,131.5677931094091,166.0389520383252,209.29699979384998,291.3515793336779,134.6683
Nippon India Small Cap Fund - Regular - Growth,118634,470,94.76587450220856,131.57405269179,166.01098426376393,209.0895512919208,291.31522063549744,134.6683
Nippon India Small Cap Fund - Regular - Growth,118634,471,94.68581324278118,131.78333582899128,166.29805456254786,208.9293536936241,291.565947021445,134.6683
Nippon India Small Cap Fund - Regular - Growth,118634,472,94.95223869285593,131.97098877356953,166.5772559707351,209.24699483732414,292.62179307522024,134.6683
Nippon India Small Cap Fund - Regular - Growth,118634,473,94.83306903699146,131.70937413168105,166.57486445202596,209.6159772963969,293.1001053639824,134.6683
Nippon India Small Cap Fund - Regular - Growth,118634,474,94.94544368894998,131.82164115106067,166.87392013537783,209.69905463136107,293.0652645664721,134.6683
Nippon India Small Cap Fund - Regular - Growth,118634,475,95.04807606111933,131.9013251370787,166.8570785741327,210.08410368803916,293.95607796588786,134.6683
Nippon India Small Cap Fund - Regular - Growth,118634,476,94.6546850366829,131.79478477167953,166.68483082564367,209.48165574088662,294.26668564352366,134.6683
Nippon India Small Cap Fund - Regular - Growth,118634,477,94.45208746380412,131.89845471752247,166.49619579588472,210.0928233778105,294.6159743848715,134.6683
Nippon India Small Cap Fund - Regular - Growth,118634,478,94.62142966558241,131.90836624568288,166.610452754406,210.23113708668308,294.7522469890926,134.6683
Nippon India Small Cap Fund - Regular - Growth,118634,479,94.90124738182296,131.8002621042529,166.6498316288478,210.44091941079836,295.17907614366356,134.6683
Nippon India Small Cap Fund - Regular - Growth,118634,480,94.47937664488201,131.94978091871326,166.75462498833855,211.01422455101672,295.59621492305615,134.6683
Nippon India Small Cap Fund - Regular - Growth,118634,481,94.71527345469092,132.10379048043697,166.48340465397536,211.2437292260572,295.6868734579974,134.6683
Nippon India Small Cap Fund - Regular - Growth,118634,482,94.85423841106103,132.28491822669932,166.64466472236813,211.29388156114544,296.147149916894,134.6683
Nippon India Small Cap Fund - Regular - Growth,118634,483,94.63767984169043,132.28314250781594,167.0071359487265,211.44597816528082,296.66629729955906,134.6683
Nippon India Small Cap Fund - Regular - Growth,118634,484,94.79422332349056,132.16316944523916,166.73953409586323,211.49866503878124,296.20697629388803,134.6683
Nippon India Small Cap Fund - Regular - Growth,118634,485,94.59057871273838,132.07498997232878,167.00504658229687,211.88121013493236,297.2128148415492,134.6683
Nippon India Small Cap Fund - Regular - Growth,118634,486,95.00859209167731,132.21990947630587,166.94876900320781,211.85202958784325,296.7723614859296,134.6683
Nippon India Small Cap Fund - Regular - Growth,118634,487,94.59479690612218,132.20088340745733,167.25545324312964,211.22954694069293,297.4927460146816,134.6683
Nippon India Small Cap Fund - Regular - Growth,118634,488,95.02125160570641,132.46510476597618,167.4337449224671,211.7720124258248,297.6816400546591,134.6683
Nippon India Small Cap Fund - Regular - Growth,118634,489,94.93560568131977,132.4384060861293,167.59968106869826,211.90470289175485,297.7496344135493,134.6683
Nippon India Small Cap Fund - Regular - Growth,118634,490,94.8506592398202,132.45719537552094,167.6541550535864,211.55360328663937,298.5041541304076,134.6683
Nippon India Small Cap Fund - Regular - Growth,118634,491,94.95906899100059,132.60860406883063,167.894135521583,211.9070387101686,297.84469317850557,134.6683
Nippon India Small Cap Fund - Regular - Growth,118634,492,94.80864927433264,132.69929084499955,167.75494944128513,212.01262497335605,297.7452906548174,134.6683
Nippon India Small Cap Fund - Regular - Growth,118634,493,94.77161467085912,132.5357069816883,167.76831084345667,211.8713116986773,298.87896498834726,134.6683
Nippon India Small Cap Fund - Regular - Growth,118634,494,94.74566624976013,132.58863979903063,167.6911682537344,212.4403069641078,298.6364978911244,134.6683
Nippon India Small Cap Fund - Regular - Growth,118634,495,94.6306103892935,133.0464581439195,168.0619613712218,212.32179949600103,298.9549199422573,134.6683
Nippon India Small Cap Fund - Regular - Growth,118634,496,94.29458768513364,132.8834532521016,168.13563945090908,212.44984749337206,299.59205521155945,134.6683
Nippon India Small Cap Fund - Regular - Growth,118634,497,94.47592303715213,132.87841073189014,168.24161832120924,212.97016879233837,299.41491846674063,134.6683
Nippon India Small Cap Fund - Regular - Growth,118634,498,94.75988237198396,132.70143152968825,168.18174491000366,213.61715893067142,299.29602529704584,134.6683
Nippon India Small Cap Fund - Regular - Growth,118634,499,94.4632532372255,132.84546878771948,168.3964520382362,213.47042411945807,299.84697135313615,134.6683
Nippon India Small Cap Fund - Regular - Growth,118634,500,94.49759071001812,132.92856035950626,168.53367945687705,213.29521589687107,299.6416578841768,134.6683
Nippon India Small Cap Fund - Regular - Growth,118634,501,94.23382547866433,133.00453416968804,168.53782351100983,213.6704549900198,300.044226395609,134.6683
Nippon India Small Cap Fund - Regular - Growth,118634,502,94.45801008592582,133.2916256314686,168.3500345451215,213.6904715243248,300.83905124242403,134.6683
Nippon India Small Cap Fund - Regular - Growth,118634,503,94.28711318678664,133.25630942954385,168.699268496816,213.72166183341093,300.8359403318492,134.6683
Nippon India Small Cap Fund - Regular - Growth,118634,504,94.30410158436653,133.27387587268726,168.69533028968493,213.85536397857953,301.8545160338257,134.6683
Nippon India Small Cap Fund - Regular - Growth,118634,505,94.53918435764929,133.49258462969448,168.861501705568,214.1574747378078,301.485299079924,134.6683
Nippon India Small Cap Fund - Regular - Growth,118634,506,94.52721452743889,133.22439214073964,168.74229594758725,214.2782228110351,301.18892854648215,134.6683
Nippon India Small Cap Fund - Regular - Growth,118634,507,94.58094177423091,133.3628547412888,168.7930032656074,214.34261582340645,302.7395508049496,134.6683
Nippon India Small Cap Fund - Regular - Growth,118634,508,94.81728388430645,133.39271598290276,168.93923301446293,214.59346991999774,303.93687410461746,134.6683
Nippon India Small Cap Fund - Regular - Growth,118634,509,94.49205203444998,133.172900948792,168.77607109248913,214.67581435776526,304.6085690732621,134.6683
Nippon India Small Cap Fund - Regular - Growth,118634,510,94.87470132350899,133.61547555156378,168.6814635852225,214.67805948491963,304.35573057533117,134.6683
Nippon India Small Cap Fund - Regular - Growth,118634,511,94.45446104533286,133.71061460731946,168.89431637521284,214.69273308857586,304.5230747721491,134.6683
Nippon India Small Cap Fund - Regular - Growth,118634,512,94.62139998085588,133.6778233787164,169.13214864798317,214.36802935878404,304.59373612976157,134.6683
Nippon India Small Cap Fund - Regular - Growth,118634,513,94.21850741251878,133.7784348152837,169.56696849092094,214.87035389098077,304.73387010636156,134.6683
Nippon India Small Cap Fund - Regular - Growth,118634,514,94.06601783030175,133.83383979384783,169.72894535633674,215.31626568371726,305.9706250650763,134.6683
Nippon India Small Cap Fund - Regular - Growth,118634,515,94.15647504976656,133.68871206979912,169.6734551747269,215.17997827401055,306.43832842967265,134.6683
Nippon India Small Cap Fund - Regular - Growth,118634,516,94.48587308309558,133.54383364669886,170.0404787658085,215.6432748340409,306.56016461374185,134.6683
Nippon India Small Cap Fund - Regular - Growth,118634,517,94.66101144091458,133.58922689178473,169.9296765277551,215.5099986042442,306.4704728665293,134.6683
Nippon India Small Cap Fund - Regular - Growth,118634,518,94.57068723913908,133.7227495020523,169.97895725107102,215.27880413005812,306.37136664338783,134.6683
Nippon India Small Cap Fund - Regular - Growth,118634,519,94.65381005448721,133.53591495678123,170.15504261423018,215.738999835641,307.12656435242917,134.6683
Nippon India Small Cap Fund - Regular - Growth,118634,520,94.92035494967466,133.5394246356298,169.9158901157391,215.97386045356444,307.2454717112508,134.6683
Nippon India Small Cap Fund - Regular - Growth,118634,521,94.54012095690513,133.63793091892984,170.0115579390107,215.89023747227023,307.42842418376097,134.6683
Nippon India Small Cap Fund - Regular - Growth,118634,522,94.51325735322992,133.83344904356056,169.8166066910216,216.34853772957754,308.3429889273826,134.6683
Nippon India Small Cap Fund - Regular - Growth,118634,523,94.3193990324638,133.7430741315235,169.75067874709333,216.43921415580374,309.0337184151304,134.6683
Nippon India Small Cap Fund - Regular - Growth,118634,524,94.4792428345393,133.72749423448602,169.7488813508039,216.8196137318104,309.83227285840775,134.6683
Nippon India Small Cap Fund - Regular - Growth,118634,525,94.41083097113983,133.81064623636098,169.9295619237887,216.37157626816023,309.4984437844738,134.6683
Nippon India Small Cap Fund - Regular - Growth,118634,526,94.22613031451245,133.8613132503947,169.94226204624607,216.1248998576692,310.5451883395886,134.6683
Nippon India Small Cap Fund - Regular - Growth,118634,527,94.15269234856878,133.78303924823712,170.07677651001916,216.73028694778148,310.55505662036455,134.6683
Nippon India Small Cap Fund - Regular - Growth,118634,528,94.07399646806613,133.7674075894481,170.1188974419034,216.89260532221732,311.1155693123198,134.6683
Nippon India Small Cap Fund - Regular - Growth,118634,529,94.08605906303279,133.8153871882355,169.86089609273284,217.1813685387046,311.4262292722159,134.6683
Nippon India Small Cap Fund - Regular - Growth,118634,530,93.90873100887828,133.99352287081524,170.18897103118704,217.26823315488562,312.0830298316099,134.6683
Nippon India Small Cap Fund - Regular - Growth,118634,531,93.94640563057374,133.82879869274464,170.51598546129222,217.93619461630837,311.54478551419413,134.6683
Nippon India Small Cap Fund - Regular - Growth,118634,532,94.28394032238722,133.87104606621824,170.31208279069702,218.24694434102656,312.6848056730285,134.6683
Nippon India Small Cap Fund - Regular - Growth,118634,533,94.64704030469272,133.91135092365678,170.46517061137837,218.32627509269437,313.54939127924115,134.6683
Nippon India Small Cap Fund - Regular - Growth,118634,534,94.25298199387785,133.84840405777766,170.29072749991968,218.49789466856583,313.2937978233017,134.6683
Nippon India Small Cap Fund - Regular - Growth,118634,535,94.38198101265132,134.07880572886643,170.3587059226722,218.73982194864527,313.10485048095694,134.6683
Nippon India Small Cap Fund - Regular - Growth,118634,536,94.4101008852125,134.12998443306935,170.3014607814559,218.3099564384919,314.2001231143631,134.6683
Nippon India Small Cap Fund - Regular - Growth,118634,537,94.23495323781678,134.2803323872531,170.33407768078993,218.21987515909808,314.3508559952618,134.6683
Nippon India Small Cap Fund - Regular - Growth,118634,538,94.21202890128293,134.20364237799805,170.45117966575833,218.50478679648347,314.29441413426684,134.6683
Nippon India Small Cap Fund - Regular - Growth,118634,539,94.12696595830447,134.40244046560667,170.39692889692088,218.2116178013141,315.86346288859755,134.6683
Nippon India Small Cap Fund - Regular - Growth,118634,540,94.25354184893386,134.39673574372222,170.6601099354553,218.33337573370835,315.30948108895893,134.6683
Nippon India Small Cap Fund - Regular - Growth,118634,541,94.05550111588207,134.35155040688227,170.5845480063105,218.63567909127266,315.1648561710874,134.6683
Nippon India Small Cap Fund - Regular - Growth,118634,542,94.14028030854625,134.3494615507352,170.6768515817518,219.34296022911008,315.3011583096958,134.6683
Nippon India Small Cap Fund - Regular - Growth,118634,543,94.18847802159257,134.3617522227368,170.75093913397268,219.49060973145453,315.4235632614179,134.6683
Nippon India Small Cap Fund - Regular - Growth,118634,544,94.21231162455261,134.33744531211767,170.7128651212035,219.47401650738544,314.65699196208436,134.6683
Nippon India Small Cap Fund - Regular - Growth,118634,545,94.14436795291097,134.41255941447005,170.93593093747933,219.3604176144343,315.55682635335063,134.6683
Nippon India Small Cap Fund - Regular - Growth,118634,546,94.27980743650208,134.2844734525848,171.0476668342293,219.61206197009278,317.2512258175143,134.6683
Nippon India Small Cap Fund - Regular - Growth,118634,547,94.01324365483393,134.27044583691472,171.00677111791197,219.3901125969636,316.8801530717849,134.6683
Nippon India Small Cap Fund - Regular - Growth,118634,548,94.32461095540091,134.40718511655407,171.01645176842115,219.59657193414753,316.8690633467304,134.6683
Nippon India Small Cap Fund - Regular - Growth,118634,549,94.2355714152058,134.43613941506737,171.19381662798588,219.79500353646878,317.31826262058513,134.6683
Nippon India Small Cap Fund - Regular - Growth,118634,550,94.08073196688203,134.594757352002,171.39145874983646,220.12521499662893,317.4395362508157,134.6683
Nippon India Small Cap Fund - Regular - Growth,118634,551,93.91975534831157,134.67605212822244,171.41019450760797,220.32822405252682,317.2242604030368,134.6683
Nippon India Small Cap Fund - Regular - Growth,118634,552,94.23533946313046,134.61028668804386,171.83750365979535,220.333405277044,317.659635257785,134.6683
Nippon India Small Cap Fund - Regular - Growth,118634,553,94.17372330323634,134.58781226015788,171.83959553284762,220.16259945927283,319.1521315562712,134.6683
Nippon India Small Cap Fund - Regular - Growth,118634,554,94.13368616005025,134.90432441165834,171.89413718861857,220.4860715609033,318.57115866980104,134.6683
Nippon India Small Cap Fund - Regular - Growth,118634,555,94.00941897260448,135.13208001910752,171.92712234641803,220.16077550266147,320.1305448626862,134.6683
Nippon India Small Cap Fund - Regular - Growth,118634,556,94.2440477204375,134.92601126174662,172.00931624897382,220.50653240705572,321.1895798112564,134.6683
Nippon India Small Cap Fund - Regular - Growth,118634,557,94.01839521644622,134.69593968183432,172.1471375564247,220.64824048488023,321.25023323975023,134.6683
Nippon India Small Cap Fund - Regular - Growth,118634,558,94.15197678060147,134.98371251132363,172.25318976108917,220.88369946833205,320.63811040238295,134.6683
Nippon India Small Cap Fund - Regular - Growth,118634,559,93.89305045805739,134.98226244316623,172.25156582686344,221.252198138973,321.436620470473,134.6683
Nippon India Small Cap Fund - Regular - Growth,118634,560,93.82809873107571,134.86205838289214,172.01323965286556,221.13576232840592,320.34312138806456,134.6683
Nippon India Small Cap Fund - Regular - Growth,118634,561,93.80359225407179,135.02242080074737,172.30629688234717,221.17107079514045,321.63865198002196,134.6683
Nippon India Small Cap Fund - Regular - Growth,118634,562,93.8841043923554,135.1790211249852,172.4827518449835,221.17262427007066,321.6610795777413,134.6683
Nippon India Small Cap Fund - Regular - Growth,118634,563,93.62372246617186,135.31157041966185,172.33540968998233,221.42105165350057,321.75479571863457,134.6683
Nippon India Small Cap Fund - Regular - Growth,118634,564,93.60263455475197,135.23801588454185,172.40658406645042,221.4392157205202,321.990982098451,134.6683
Nippon India Small Cap Fund - Regular - Growth,118634,565,93.62726781696746,135.20481363904076,172.50045218403594,221.73514316385285,322.10905645884503,134.6683
Nippon India Small Cap Fund - Regular - Growth,118634,566,93.74788125772945,134.97531906798392,172.77059213458642,221.78829586288924,322.57587400811957,134.6683
Nippon India Small Cap Fund - Regular - Growth,118634,567,93.3250798213401,135.08833106707783,172.83807783975288,221.96397967289477,323.2634142919313,134.6683
Nippon India Small Cap Fund - Regular - Growth,118634,568,93.79599756186686,135.38906418986687,173.06938780924045,222.35100912823586,323.42561652157025,134.6683
Nippon India Small Cap Fund - Regular - Growth,118634,569,93.45592511890943,135.46904251417465,173.31671083972452,222.70228208031892,321.5995624524645,134.6683
Nippon India Small Cap Fund - Regular - Growth,118634,570,93.35820892438012,135.54644507589083,173.42204707967466,222.8113943045785,322.821354709495,134.6683
Nippon India Small Cap Fund - Regular - Growth,118634,571,93.82187624104418,135.3094052866604,173.50538670042667,223.06884341794895,324.13459790614905,134.6683
Nippon India Small Cap Fund - Regular - Growth,118634,572,93.46874647652876,135.16017016752323,173.6231392690815,222.67535918075,323.82832208782594,134.6683
Nippon India Small Cap Fund - Regular - Growth,118634,573,93.83407571596526,135.3500388845536,173.61013841660758,222.96506680295607,323.4191724258798,134.6683
Nippon India Small Cap Fund - Regular - Growth,118634,574,93.79239119056396,135.0917270663005,173.65630569715296,223.16683490773764,325.639689594387,134.6683
Nippon India Small Cap Fund - Regular - Growth,118634,575,93.66157419294854,135.22663501504962,173.61395197668236,222.85920767856993,326.36363803433443,134.6683
Nippon India Small Cap Fund - Regular - Growth,118634,576,93.79615171462851,135.1251083976045,174.0879925425134,223.19011639485842,326.78708849386254,134.6683
Nippon India Small Cap Fund - Regular - Growth,118634,577,93.81270302350372,135.27070018552212,174.12402342388316,223.4357589527491,327.47584541054863,134.6683
Nippon India Small Cap Fund - Regular - Growth,118634,578,93.80280038555975,135.18965944785128,174.0154962314558,223.44254896404775,328.05484164542054,134.6683
Nippon India Small Cap Fund - Regular - Growth,118634,579,93.404058152346,134.91032665306545,174.16513517546485,224.29563323725637,328.61868405467686,134.6683
Nippon India Small Cap Fund - Regular - Growth,118634,580,93.6898713429548,135.03467188734828,174.18646171219245,224.8922191690629,328.6102766131088,134.6683
Nippon India Small Cap Fund - Regular - Growth,118634,581,93.8486360096277,135.19327549816273,174.0584938656051,224.75137026113538,328.83150311065094,134.6683
Nippon India Small Cap Fund - Regular - Growth,118634,582,93.46521949416245,135.4090400879463,174.50396734360712,225.0171828054147,329.7080981289933,134.6683
Nippon India Small Cap Fund - Regular - Growth,118634,583,93.79446146698783,135.57274313045372,174.44107056161297,224.76846315768157,330.5817719720133,134.6683
Nippon India Small Cap Fund - Regular - Growth,118634,584,94.13353956802662,135.40966262990221,174.44967650242467,224.67125005578362,330.9897234234979,134.6683
Nippon India Small Cap Fund - Regular - Growth,118634,585,93.46390719469925,135.56102328036968,174.47954453252234,224.58572513198456,329.4558674437639,134.6683
Nippon India Small Cap Fund - Regular - Growth,118634,586,93.35291981117285,135.5754621902206,174.61391738333316,224.92126857072986,330.4381178330255,134.6683
Nippon India Small Cap Fund - Regular - Growth,118634,587,93.19809274404936,135.4902967300586,174.93490627895045,224.97089373177792,329.9610105157545,134.6683
Nippon India Small Cap Fund - Regular - Growth,118634,588,93.47288767600735,135.77151469212816,175.2291606874184,225.24201608701412,331.04272704571497,134.6683
Nippon India Small Cap Fund - Regular - Growth,118634,589,93.46996281070214,135.7323464719005,175.18099975762487,225.11376531933243,331.5340894632569,134.6683
Nippon India Small Cap Fund - Regular - Growth,118634,590,93.66137808867394,135.90570245050353,175.32761849622045,225.49609844789558,331.52849823676746,134.6683
Nippon India Small Cap Fund - Regular - Growth,118634,591,93.67894220615244,135.91415269389552,175.1773012003307,225.6648397921,331.77741837286857,134.6683
Nippon India Small Cap Fund - Regular - Growth,118634,592,93.53912602371216,135.99171382059353,175.21043038930952,226.0185593885716,331.8339505786049,134.6683
Nippon India Small Cap Fund - Regular - Growth,118634,593,93.96016227922439,135.99543706514035,175.27391645147765,225.89522112026285,331.6170489219273,134.6683
Nippon India Small Cap Fund - Regular - Growth,118634,594,93.46148739450712,135.95029783494832,175.3233315742392,226.05542969658777,332.04321538902985,134.6683
Nippon India Small Cap Fund - Regular - Growth,118634,595,93.65605970584976,135.83231923296836,175.54076813773415,226.6759298071652,332.58444304945573,134.6683
Nippon India Small Cap Fund - Regular - Growth,118634,596,93.5322591445537,135.9047863963857,175.5048639973277,226.75956025757645,333.3501585208002,134.6683
Nippon India Small Cap Fund - Regular - Growth,118634,597,93.76649817559131,136.05096507562206,175.4230980192337,226.80963435789,334.40118141152703,134.6683
Nippon India Small Cap Fund - Regular - Growth,118634,598,93.64519301405906,136.11966954773084,175.50995494119485,226.6806876922286,334.85133722970414,134.6683
Nippon India Small Cap Fund - Regular - Growth,118634,599,93.94823032654662,135.95841020212345,175.70663176239853,226.86500906722506,336.3069996371635,134.6683
Nippon India Small Cap Fund - Regular - Growth,118634,600,94.09659091616713,135.96091228959307,175.96168189184377,227.26612942565845,336.47167488498116,134.6683
Nippon India Small Cap Fund - Regular - Growth,118634,601,94.16270399796737,136.12395177629224,175.75919569005413,227.44582130463513,336.68158962934456,134.6683
Nippon India Small Cap Fund - Regular - Growth,118634,602,93.75365779967984,136.06412816462657,176.02490622542322,227.98995239794652,335.5565036687321,134.6683
Nippon India Small Cap Fund - Regular - Growth,118634,603,93.57053558359122,136.02265367840434,176.26232193258517,228.4266362687776,336.68051269834245,134.6683
Nippon India Small Cap Fund - Regular - Growth,118634,604,93.61088734846366,135.9876282948032,176.2285542766138,228.13285807278072,336.14076851491444,134.6683
Nippon India Small Cap Fund - Regular - Growth,118634,605,93.6126879093528,135.70378879016297,176.44063536885153,228.19477779206642,337.01040493891384,134.6683
Nippon India Small Cap Fund - Regular - Growth,118634,606,94.05241152486893,135.91072497922414,176.49058702285657,228.58600634261532,336.223245226694,134.6683
Nippon India Small Cap Fund - Regular - Growth,118634,607,93.82292783018738,136.08978184482822,176.4246757919161,228.43026124322344,336.57296467803246,134.6683
Nippon India Small Cap Fund - Regular - Growth,118634,608,93.54335138375218,136.1185744826195,176.37951284890238,228.72146601896378,336.7332874527395,134.6683
Nippon India Small Cap Fund - Regular - Growth,118634,609,93.58653166975775,136.086957215192,176.64568118271782,229.10197712590352,337.0898445850731,134.6683
Nippon India Small Cap Fund - Regular - Growth,118634,610,93.37967190400637,136.31885443161852,176.57495628044873,229.52363663806776,336.3948796217612,134.6683
Nippon India Small Cap Fund - Regular - Growth,118634,611,93.65310378835551,136.3770009162552,176.59291403508973,229.59060725828652,337.03826357681515,134.6683
Nippon India Small Cap Fund - Regular - Growth,118634,612,93.6278343208075,136.45475982982788,176.97019617144264,229.6498214303488,336.3078382614718,134.6683
Nippon India Small Cap Fund - Regular - Growth,118634,613,93.6154825390242,136.70696952935003,177.05683710277532,229.85402727499286,337.6228869080526,134.6683
Nippon India Small Cap Fund - Regular - Growth,118634,614,93.26782467283095,136.53943764586634,177.03802616975565,230.33705315673797,337.0661333045467,134.6683
Nippon India Small Cap Fund - Regular - Growth,118634,615,93.14978456310264,136.6302804503679,177.1110131530732,230.01398590429443,337.4478704777083,134.6683
Nippon India Small Cap Fund - Regular - Growth,118634,616,92.96501388367469,136.47773825552738,176.90688739299128,230.17320689637074,337.8750271203194,134.6683
Nippon India Small Cap Fund - Regular - Growth,118634,617,93.36330319488319,136.43779024672827,176.9041033882733,230.43181635610074,338.6520023654486,134.6683
Nippon India Small Cap Fund - Regular - Growth,118634,618,93.43466417103879,136.47738407142788,177.10401559650649,230.80809815068903,338.902485443085,134.6683
Nippon India Small Cap Fund - Regular - Growth,118634,619,93.27038347655699,136.56351299383934,177.14772151003785,230.88824280732533,340.1414025425289,134.6683
Nippon India Small Cap Fund - Regular - Growth,118634,620,93.1457852174664,136.5501859569768,177.29340379643415,230.7195085704381,340.05286702417493,134.6683
Nippon India Small Cap Fund - Regular - Growth,118634,621,93.33663861792748,136.57131355468826,177.70139347576648,231.50034936472392,341.5728320519838,134.6683
Nippon India Small Cap Fund - Regular - Growth,118634,622,93.3843341838976,136.57779665926174,177.65715151954612,231.46201180630962,342.0824604890858,134.6683
Nippon India Small Cap Fund - Regular - Growth,118634,623,93.43347210078727,136.8066082804533,177.6512298492795,232.00189528276331,342.42486333468105,134.6683
Nippon India Small Cap Fund - Regular - Growth,118634,624,93.22736416186213,136.98002501470992,177.6124334524837,232.2073443650836,343.91842464873656,134.6683
Nippon India Small Cap Fund - Regular - Growth,118634,625,93.37275498539785,137.03350808787292,177.7611450360286,232.23438902009997,345.32919670468016,134.6683
Nippon India Small Cap Fund - Regular - Growth,118634,626,93.66367614576339,137.17989072899294,177.77706072508994,232.40738170429006,343.57963757459294,134.6683
Nippon India Small Cap Fund - Regular - Growth,118634,627,93.67641584617388,137.14643282896031,178.05040985817817,232.64938876146826,344.0590961313763,134.6683
Nippon India Small Cap Fund - Regular - Growth,118634,628,93.40737051217684,137.2160806974239,178.47491275581137,232.66984440326996,345.2754905721541,134.6683
Nippon India Small Cap Fund - Regular - Growth,118634,629,93.44581392816924,137.4325617334137,178.39848911334332,233.14306778221163,346.2191259490208,134.6683
Nippon India Small Cap Fund - Regular - Growth,118634,630,93.39599979138887,137.33861073266576,178.54144400540747,232.69951350893996,347.3844109346046,134.6683
Nippon India Small Cap Fund - Regular - Growth,118634,631,93.46108763349802,137.59194684180608,178.7903602143576,232.85817693135442,346.5319899762449,134.6683
Nippon India Small Cap Fund - Regular - Growth,118634,632,93.13258573788023,137.56313580336678,178.73103341678353,232.8814784095709,347.14073782611575,134.6683
Nippon India Small Cap Fund - Regular - Growth,118634,633,93.31592490594517,137.73156039266246,178.89303981798034,232.7718573938091,347.71876863141745,134.6683
Nippon India Small Cap Fund - Regular - Growth,118634,634,93.24774726436438,137.4334752255288,178.65548963658293,233.0286875407317,347.6676435473788,134.6683
Nippon India Small Cap Fund - Regular - Growth,118634,635,93.39875754000376,137.45366294745367,178.99277773781495,233.5583700814244,346.5160211092024,134.6683
Nippon India Small Cap Fund - Regular - Growth,118634,636,93.75466726818856,137.42531618918676,179.34480965364617,233.5253622088828,345.97339316374604,134.6683
Nippon India Small Cap Fund - Regular - Growth,118634,637,93.63388538657487,137.47418952170906,179.36008184692142,233.89411005267092,347.16581170175203,134.6683
Nippon India Small Cap Fund - Regular - Growth,118634,638,93.38150266572438,137.59436891226497,179.20946051556172,234.06051770508597,346.5979641543528,134.6683
Nippon India Small Cap Fund - Regular - Growth,118634,639,93.35349333770996,137.78451912016672,179.27507608922176,234.13302522438346,347.1672387721481,134.6683
Nippon India Small Cap Fund - Regular - Growth,118634,640,93.0879869058913,137.9483696362292,179.4213364421043,234.5635177726811,347.943776940232,134.6683
Nippon India Small Cap Fund - Regular - Growth,118634,641,93.0444852640473,137.86550224140407,179.52827484523036,235.20675182616503,348.59614143102857,134.6683
Nippon India Small Cap Fund - Regular - Growth,118634,642,92.82274541546563,137.7411170536593,179.60002077867188,235.4191958414331,349.545380259109,134.6683
Nippon India Small Cap Fund - Regular - Growth,118634,643,92.72035789172638,137.8954249744585,179.87908971630418,235.72093611185775,348.70557323807606,134.6683
Nippon India Small Cap Fund - Regular - Growth,118634,644,93.22592348901887,137.96816450371333,179.7869252431979,236.09306706294717,350.59767677105884,134.6683
Nippon India Small Cap Fund - Regular - Growth,118634,645,93.34096430393927,137.97904241720448,179.78381782935276,235.84473886742077,349.55160793462335,134.6683
Nippon India Small Cap Fund - Regular - Growth,118634,646,93.26695291099436,137.85867201162753,180.03081968268611,235.55149701181867,351.2939354768145,134.6683
Nippon India Small Cap Fund - Regular - Growth,118634,647,93.14139975452835,137.99380644151785,179.8616087673052,236.10468215715855,351.68771170890386,134.6683
Nippon India Small Cap Fund - Regular - Growth,118634,648,93.33434383566434,138.0199152849881,180.03071786893005,235.89840964829267,350.97898319874287,134.6683
Nippon India Small Cap Fund - Regular - Growth,118634,649,93.35093366985517,138.25943853895512,179.75564831335186,236.26616712284013,350.9237297496856,134.6683
Nippon India Small Cap Fund - Regular - Growth,118634,650,93.2293353786376,138.22916535377522,180.11222652418923,236.6232578246131,349.98305140385617,134.6683
Nippon India Small Cap Fund - Regular - Growth,118634,651,93.0619304981094,138.34001279502007,180.37627403837587,236.77385161384024,350.6938531930208,134.6683
Nippon India Small Cap Fund - Regular - Growth,118634,652,93.15032606066092,138.02128775178383,180.349904732053,236.860317249735,351.12063613502494,134.6683
Nippon India Small Cap Fund - Regular - Growth,118634,653,92.99561730853182,138.2989884062755,180.75217199825084,237.00044553151363,351.6060628858994,134.6683
Nippon India Small Cap Fund - Regular - Growth,118634,654,92.88599868736316,138.04889209190642,180.35225800133446,237.05793472166621,352.50498320325516,134.6683
Nippon India Small Cap Fund - Regular - Growth,118634,655,92.98584430396647,138.3938918593537,180.6098560910383,237.14554608413715,352.5006040975932,134.6683
Nippon India Small Cap Fund - Regular - Growth,118634,656,93.29921626328506,138.39786742697063,180.67107222161172,237.10099287847765,352.60635880189847,134.6683
Nippon India Small Cap Fund - Regular - Growth,118634,657,92.88181738168689,138.5079933216142,180.95095306492425,237.11346881587215,353.0453513082708,134.6683
Nippon India Small Cap Fund - Regular - Growth,118634,658,92.7492471241891,138.37541789809984,180.9603694541314,237.10675810146475,353.9407759664006,134.6683
Nippon India Small Cap Fund - Regular - Growth,118634,659,92.95830008524368,138.69812167679675,181.09656273420256,236.91983133667358,354.97384152939776,134.6683
Nippon India Small Cap Fund - Regular - Growth,118634,660,93.11074674841277,138.79152549870219,181.07161642122315,237.34148023680422,354.54600632178636,134.6683
Nippon India Small Cap Fund - Regular - Growth,118634,661,93.12579844141005,138.7337360358207,181.51076747572796,237.72238747379055,353.84956777026565,134.6683
Nippon India Small Cap Fund - Regular - Growth,118634,662,93.01627841417401,138.78500521847158,181.88485415247715,237.69591215151866,355.5752771898899,134.6683
Nippon India Small Cap Fund - Regular - Growth,118634,663,92.71158772120366,138.59268341407153,182.02450980834084,237.76030553637378,356.3253275293749,134.6683
Nippon India Small Cap Fund - Regular - Growth,118634,664,92.7335354977686,138.57520240184107,181.71567872034564,238.60649161489624,357.71346897397586,134.6683
Nippon India Small Cap Fund - Regular - Growth,118634,665,92.78967664873785,138.78468933560376,182.0048113307756,238.16347108929708,357.2558463206879,134.6683
Nippon India Small Cap Fund - Regular - Growth,118634,666,93.10069530422732,138.62299284752743,182.16319512863947,238.6472553172343,357.3549224944393,134.6683
Nippon India Small Cap Fund - Regular - Growth,118634,667,93.46691996992814,138.70052949101108,182.25500866794408,239.15420589307465,357.69017759406023,134.6683
Nippon India Small Cap Fund - Regular - Growth,118634,668,93.09980761329278,138.57041998082585,182.1198773636221,239.4441982921742,357.42846762821534,134.6683
Nippon India Small Cap Fund - Regular - Growth,118634,669,93.24039794767015,138.79542201472796,182.34427763167793,239.72904996161506,358.43043280290556,134.6683
Nippon India Small Cap Fund - Regular - Growth,118634,670,93.3983491015955,138.75590271776687,182.2849315425732,239.73243613347688,358.501884895333,134.6683
Nippon India Small Cap Fund - Regular - Growth,118634,671,92.8678933903187,138.97284642551406,182.4900522929962,240.08857852238006,359.4803034078869,134.6683
Nippon India Small Cap Fund - Regular - Growth,118634,672,92.95558403069205,138.98500316601383,182.5512415195937,240.4340123232121,360.19524575220044,134.6683
Nippon India Small Cap Fund - Regular - Growth,118634,673,92.88511250163094,138.9112822816342,182.76883915467923,239.92638094634913,360.3928719902874,134.6683
Nippon India Small Cap Fund - Regular - Growth,118634,674,93.16669235136534,138.76141088697025,182.51550388482508,239.97650534208967,360.92450213254494,134.6683
Nippon India Small Cap Fund - Regular - Growth,118634,675,92.9395399817042,138.693885984213,182.70046401734146,240.06336230900277,360.74014992277887,134.6683
Nippon India Small Cap Fund - Regular - Growth,118634,676,92.91653873219376,138.86701453852612,182.53376344338872,240.40573667027462,360.9791127210979,134.6683
Nippon India Small Cap Fund - Regular - Growth,118634,677,92.93803694405545,138.7999530709423,183.16921463222764,240.81421502975905,360.75486348178055,134.6683
Nippon India Small Cap Fund - Regular - Growth,118634,678,92.9078793789237,138.61714484985427,183.0485067830717,240.595303809128,362.21187828464366,134.6683
Nippon India Small Cap Fund - Regular - Growth,118634,679,92.9867141595201,138.7035341141378,183.12613681267396,241.00999681876792,362.2891614702578,134.6683
Nippon India Small Cap Fund - Regular - Growth,118634,680,93.13960684668714,138.5877362098571,183.33224559637472,241.09023521587963,364.066557378248,134.6683
Nippon India Small Cap Fund - Regular - Growth,118634,681,92.88189337704557,138.8244005050721,183.43145383341636,240.92896961331348,365.3161596332891,134.6683
Nippon India Small Cap Fund - Regular - Growth,118634,682,92.7389738334526,138.96829882235187,183.0516855734626,241.54522063264434,365.6770218805175,134.6683
Nippon India Small Cap Fund - Regular - Growth,118634,683,92.82176896919358,138.94209576587735,182.94589089729433,241.93874673236687,366.7124569936722,134.6683
Nippon India Small Cap Fund - Regular - Growth,118634,684,92.96448994558887,138.7425533714333,182.72726866484186,242.27120540354025,366.2202595645619,134.6683
Nippon India Small Cap Fund - Regular - Growth,118634,685,93.02074181602156,138.77949205756136,182.9477105420905,242.00703221896597,367.4510104800073,134.6683
Nippon India Small Cap Fund - Regular - Growth,118634,686,92.8527639277054,139.01819934975163,183.23747050798588,241.89318150104492,368.80564850585966,134.6683
Nippon India Small Cap Fund - Regular - Growth,118634,687,92.86562248657332,138.8817781013225,183.27815376664137,242.08670986679692,368.79524405966794,134.6683
Nippon India Small Cap Fund - Regular - Growth,118634,688,92.55317309191645,138.79745746581105,183.68449879249954,242.292014806596,369.4955130019159,134.6683
Nippon India Small Cap Fund - Regular - Growth,118634,689,92.91799179291277,139.17108443852464,183.712172340282,242.29655579636471,369.14595301993097,134.6683
Nippon India Small Cap Fund - Regular - Growth,118634,690,92.66000202352762,139.13704696553194,183.9188184994635,242.5984229946303,369.78309474154497,134.6683
Nippon India Small Cap Fund - Regular - Growth,118634,691,93.38372059861653,139.03040965075414,184.03993290554948,242.66030984338744,369.2297771536163,134.6683
Nippon India Small Cap Fund - Regular - Growth,118634,692,93.36414241637509,139.0943861829983,184.17402682345534,243.08582096768134,368.7082718231456,134.6683
Nippon India Small Cap Fund - Regular - Growth,118634,693,93.14028123390405,139.16104101990936,184.34181432163282,243.30833939274777,369.37470323807537,134.6683
Nippon India Small Cap Fund - Regular - Growth,118634,694,93.5124701178232,139.24409893530702,184.3917139890516,243.0553558401007,370.2859451997667,134.6683
Nippon India Small Cap Fund - Regular - Growth,118634,695,93.66066938503461,139.12626396753518,184.30262127401636,243.79174309171515,370.3923579425675,134.6683
Nippon India Small Cap Fund - Regular - Growth,118634,696,93.71383649277539,139.46067004830078,184.55624606804008,243.58615483425274,370.77230094788035,134.6683
Nippon India Small Cap Fund - Regular - Growth,118634,697,93.66989334247825,139.56939599570305,184.37609721038393,243.89175905491925,372.125818584176,134.6683
Nippon India Small Cap Fund - Regular - Growth,118634,698,93.74906361045218,139.52274870245517,184.52177160399887,243.79368920805166,371.75611280420867,134.6683
Nippon India Small Cap Fund - Regular - Growth,118634,699,93.6428965861511,139.4575424766061,184.86219376156743,244.1856548578972,369.93690134764773,134.6683
Nippon India Small Cap Fund - Regular - Growth,118634,700,93.62804668371841,139.44297491344545,184.7298430594833,244.41521558044832,369.6106415751169,134.6683
Nippon India Small Cap Fund - Regular - Growth,118634,701,93.4711269573541,139.59450677157204,184.66230227381135,244.4759776565324,372.09904877419376,134.6683
Nippon India Small Cap Fund - Regular - Growth,118634,702,93.47113978437683,139.71563565482597,185.11958375163755,244.81976782949096,373.50440111657997,134.6683
Nippon India Small Cap Fund - Regular - Growth,118634,703,93.51833630655736,139.30436207815225,185.278924139482,244.57338599541757,374.3221520338444,134.6683
Nippon India Small Cap Fund - Regular - Growth,118634,704,93.75429723051045,139.41048406676833,185.04854327732414,244.18363655231124,371.91220033094316,134.6683
Nippon India Small Cap Fund - Regular - Growth,118634,705,93.50706792650698,139.34353974777187,185.13722795529773,244.79060275245138,373.24211093708493,134.6683
Nippon India Small Cap Fund - Regular - Growth,118634,706,93.41533070193002,139.4736859906419,185.3348802486371,245.14148709436017,374.7398042891826,134.6683
Nippon India Small Cap Fund - Regular - Growth,118634,707,93.4316166946256,139.80915893087712,185.59067991082372,245.80021060432225,374.78430424670586,134.6683
Nippon India Small Cap Fund - Regular - Growth,118634,708,93.10768350491568,139.62568237823086,185.8026673611886,246.42497274807047,374.0125252652342,134.6683
Nippon India Small Cap Fund - Regular - Growth,118634,709,93.06384610051535,139.8031889483245,185.683495413096,246.29152427604362,375.16037282290836,134.6683
Nippon India Small Cap Fund - Regular - Growth,118634,710,93.24933993621963,139.8458538435231,185.4644936379891,246.444401558932,375.64109872933534,134.6683
Nippon India Small Cap Fund - Regular - Growth,118634,711,93.39267679222172,140.063181054825,185.64719102963545,246.11186468779138,376.339464605286,134.6683
Nippon India Small Cap Fund - Regular - Growth,118634,712,93.6493419021633,139.85740724542407,185.8136246268033,246.20472066809526,377.46487044971184,134.6683
Nippon India Small Cap Fund - Regular - Growth,118634,713,93.97276973513064,139.7219820809401,185.78292679471446,246.59728242644343,376.90314128076614,134.6683
Nippon India Small Cap Fund - Regular - Growth,118634,714,93.55857034823907,139.8443342096071,186.0175121577077,246.56794119859606,376.622083871978,134.6683
Nippon India Small Cap Fund - Regular - Growth,118634,715,93.60965171560777,140.02209622304468,185.83927458252236,247.29590556393785,377.67735248579845,134.6683
Nippon India Small Cap Fund - Regular - Growth,118634,716,93.65210484171142,140.29042795351734,185.83597121909577,246.91176351395677,377.27088248503856,134.6683
Nippon India Small Cap Fund - Regular - Growth,118634,717,93.51348092245499,140.06175411711786,185.62954264987943,247.2633278233045,376.38023159322216,134.6683
Nippon India Small Cap Fund - Regular - Growth,118634,718,93.45554197024052,139.88733416685432,185.73870210489758,247.16351627613767,377.30426393608906,134.6683
Nippon India Small Cap Fund - Regular - Growth,118634,719,93.48695706509356,140.11350873205294,185.9664033526302,247.22124514166828,377.7187080601249,134.6683
Nippon India Small Cap Fund - Regular - Growth,118634,720,93.66445609748645,139.85966460345165,186.00204551446183,247.5689281415206,379.00668280124984,134.6683
Nippon India Small Cap Fund - Regular - Growth,118634,721,93.6075686325314,140.10742537906305,186.0591406309989,247.04013918985822,378.2314191992274,134.6683
Nippon India Small Cap Fund - Regular - Growth,118634,722,93.68283959899162,140.11921686840128,186.33312328138476,247.4529540860907,378.5797664839677,134.6683
Nippon India Small Cap Fund - Regular - Growth,118634,723,93.5222529378215,140.34117577798494,186.468986446312,247.70887574795609,380.88040398757994,134.6683
Nippon India Small Cap Fund - Regular - Growth,118634,724,93.33257425619622,140.50530577594228,186.37154714099154,248.22659610020565,379.69155661593504,134.6683
Nippon India Small Cap Fund - Regular - Growth,118634,725,93.24949305167229,140.4843481825865,186.66486904660786,248.75271835317886,378.0201800077528,134.6683
Nippon India Small Cap Fund - Regular - Growth,118634,726,93.58980845197101,140.56636529410804,186.79520196923295,248.83855618704013,380.454466568969,134.6683
Nippon India Small Cap Fund - Regular - Growth,118634,727,93.83833317075447,140.66238262481878,186.93922196042396,248.87443207435211,380.40689874120835,134.6683
Nippon India Small Cap Fund - Regular - Growth,118634,728,93.55276947443286,140.56322390230383,186.78743875729907,248.5458162739659,378.9287823485138,134.6683
Nippon India Small Cap Fund - Regular - Growth,118634,729,93.45744485493564,140.21919227792048,187.01960127821366,249.11650783097343,380.706293528931,134.6683
Nippon India Small Cap Fund - Regular - Growth,118634,730,93.05289057384259,140.72726100824676,186.95182255068508,249.36319126178154,380.0121993420325,134.6683
Nippon India Small Cap Fund - Regular - Growth,118634,731,93.09379658229625,140.63838882811174,187.34673503465723,249.05956330101495,380.27905718077477,134.6683
Nippon India Small Cap Fund - Regular - Growth,118634,732,92.83213699232903,140.9528990900141,187.31816334152597,248.9822103197668,380.66809275338744,134.6683
Nippon India Small Cap Fund - Regular - Growth,118634,733,92.94803074577656,140.74177323945815,186.7826937363621,249.1104229667183,380.21665406994344,134.6683
Nippon India Small Cap Fund - Regular - Growth,118634,734,92.87199895645128,140.91581729560392,187.13166155438697,249.59350878566195,380.8869428368459,134.6683
Nippon India Small Cap Fund - Regular - Growth,118634,735,93.01644132301773,141.21586705934874,187.26469361826506,249.81317809690358,381.1826445078734,134.6683
Nippon India Small Cap Fund - Regular - Growth,118634,736,92.72609894598678,141.03761357388737,187.14581030383346,250.10082475195054,381.216792114821,134.6683
Nippon India Small Cap Fund - Regular - Growth,118634,737,92.69514384014111,140.8638848556996,187.23705526613742,250.3385972846869,381.01417676778664,134.6683
Nippon India Small Cap Fund - Regular - Growth,118634,738,92.64430361276597,140.82802174225952,187.60287447641085,250.53601544143854,381.4962006638585,134.6683
Nippon India Small Cap Fund - Regular - Growth,118634,739,92.55350013411619,140.56542917635863,187.79051848540314,250.67139487808632,380.91947610495043,134.6683
Nippon India Small Cap Fund - Regular - Growth,118634,740,92.78119382005855,140.85008038727753,187.652100580371,251.12231224332842,380.80184397740635,134.6683
Nippon India Small Cap Fund - Regular - Growth,118634,741,92.87565941242849,141.04545879407388,187.61159611418486,251.46561582282385,380.8443521659115,134.6683
Nippon India Small Cap Fund - Regular - Growth,118634,742,92.81757464888243,140.68418129593047,187.70728422678664,251.3302893978087,381.2065897425478,134.6683
Nippon India Small Cap Fund - Regular - Growth,118634,743,92.89339161649019,141.03685163608537,187.67591849958208,251.100437906249,381.46181343033373,134.6683
Nippon India Small Cap Fund - Regular - Growth,118634,744,92.73219303672128,141.05071639796176,188.0366259521515,251.55966239321322,381.8832793015203,134.6683
Nippon India Small Cap Fund - Regular - Growth,118634,745,92.56515026087123,141.1090684444948,188.07819813543253,251.8642048982971,382.5341866857004,134.6683
Nippon India Small Cap Fund - Regular - Growth,118634,746,92.60812638075735,141.15113595002094,188.28618376705998,251.8372600294511,383.31483502970013,134.6683
Nippon India Small Cap Fund - Regular - Growth,118634,747,92.67372906575436,141.4256085364252,188.1597640483957,252.06785760171587,384.6718214369398,134.6683
Nippon India Small Cap Fund - Regular - Growth,118634,748,92.68728672408521,141.0432890919495,188.16181314015722,252.00870924987427,384.8853634449264,134.6683
Nippon India Small Cap Fund - Regular - Growth,118634,749,92.57921143238092,141.3630984915963,188.07285476305015,252.4145831373986,384.93199606800914,134.6683
Nippon India Small Cap Fund - Regular - Growth,118634,750,92.84268926281031,141.54316601016708,188.60910368461572,252.53606226304785,385.57673200870255,134.6683
Nippon India Small Cap Fund - Regular - Growth,118634,751,92.82559844443627,141.5120593355529,188.58551117614263,252.45136257475357,386.2206581034749,134.6683
Nippon India Small Cap Fund - Regular - Growth,118634,752,92.65344830553471,141.74417368981764,188.4073977294472,252.57032872472797,387.16746969922775,134.6683
Nippon India Small Cap Fund - Regular - Growth,118634,753,92.72383659767554,141.92361652351875,188.8787235206292,252.541446510683,386.04236414088604,134.6683
Nippon India Small Cap Fund - Regular - Growth,118634,754,92.84911387305705,142.08171556593769,188.79894620260197,252.43282381228005,387.73782058839146,134.6683
Nippon India Small Cap Fund - Regular - Growth,118634,755,92.6931527074175,142.11480890220875,188.99216808078387,252.8797102326919,388.6792105657416,134.6683
Nippon India Small Cap Fund - Regular - Growth,118634,756,93.04007957744535,142.15250325967173,188.8649748283714,253.15811227039416,389.81722489191145,134.6683
Nippon India Small Cap Fund - Regular - Growth,118634,757,92.96607537797756,142.1744174242766,188.74170468789066,253.47483456534516,390.48714900330447,134.6683
Nippon India Small Cap Fund - Regular - Growth,118634,758,92.90117645062016,142.2136695752422,188.5536371763859,253.68043093049872,390.307538663112,134.6683
Nippon India Small Cap Fund - Regular - Growth,118634,759,92.93602441914457,142.33118362956222,188.9603135927407,253.65037021060436,390.42961052979547,134.6683
Nippon India Small Cap Fund - Regular - Growth,118634,760,92.94590338729567,142.3670304221089,188.98103783509666,254.1237069956481,390.1053716727964,134.6683
Nippon India Small Cap Fund - Regular - Growth,118634,761,93.12861727684923,142.56774224390182,189.30714993817332,254.0228739063907,390.5304130984424,134.6683
Nippon India Small Cap Fund - Regular - Growth,118634,762,93.10162989261111,142.52306969921202,189.15703201051983,254.80373298496158,390.3157321555527,134.6683
Nippon India Small Cap Fund - Regular - Growth,118634,763,93.05760005930205,142.64069246443404,189.23646884678845,254.03923644261008,389.80322058322855,134.6683
Nippon India Small Cap Fund - Regular - Growth,118634,764,92.92794676599279,142.52453550586924,189.26056342357288,254.14824160997088,389.20803433206976,134.6683
Nippon India Small Cap Fund - Regular - Growth,118634,765,92.80595387531709,142.98807935834822,188.9001043159093,254.69460060448392,389.3899449482201,134.6683
Nippon India Small Cap Fund - Regular - Growth,118634,766,93.0339703212199,142.78355137986824,189.17628171718877,254.76952012926407,390.5917782422199,134.6683
Nippon India Small Cap Fund - Regular - Growth,118634,767,92.68214870793292,142.71692789771691,189.4549176057893,254.83535023869175,391.18335656053773,134.6683
Nippon India Small Cap Fund - Regular - Growth,118634,768,92.74899960626277,142.73029986019458,189.71213528056154,255.50930723724423,390.87926833958863,134.6683
Nippon India Small Cap Fund - Regular - Growth,118634,769,92.7510977937174,142.76661387714478,189.82750711242034,255.37177862602854,390.7678142746949,134.6683
Nippon India Small Cap Fund - Regular - Growth,118634,770,92.65232928948143,142.643912244132,190.07205369961878,255.27626814255675,391.4467234714509,134.6683
Nippon India Small Cap Fund - Regular - Growth,118634,771,92.44252679035156,142.49157757309587,190.17769181158098,256.14266827806586,392.0182502083999,134.6683
Nippon India Small Cap Fund - Regular - Growth,118634,772,92.39972693856404,142.40131683395592,189.9694928818135,256.19670449215937,390.2232640893934,134.6683
Nippon India Small Cap Fund - Regular - Growth,118634,773,92.6884985001348,142.54291208302482,189.90299558129402,256.2127597524403,392.57600584992593,134.6683
Nippon India Small Cap Fund - Regular - Growth,118634,774,92.72374213033548,142.46314644998967,189.94152821698867,256.37176630952285,391.2941127003129,134.6683
Nippon India Small Cap Fund - Regular - Growth,118634,775,92.60170876400764,142.72899278577992,190.05847893118306,256.3165680530868,391.7919950822084,134.6683
Nippon India Small Cap Fund - Regular - Growth,118634,776,92.54455301320314,142.7910909908494,189.9117557884829,256.50214459082184,392.4568860511755,134.6683
Nippon India Small Cap Fund - Regular - Growth,118634,777,92.55771760505753,142.80368744276277,190.02663998604518,257.0715698585444,393.34069071583696,134.6683
Nippon India Small Cap Fund - Regular - Growth,118634,778,92.43919560150947,142.52278060215514,189.95751826733158,257.26359537636006,394.97894930544794,134.6683
Nippon India Small Cap Fund - Regular - Growth,118634,779,92.43971526814464,142.60646686111855,189.7784805077383,257.6876121303724,394.7641096825496,134.6683
Nippon India Small Cap Fund - Regular - Growth,118634,780,92.37994309098906,142.51097353031952,190.24464500044132,257.6818126019431,394.47668749759293,134.6683
Nippon India Small Cap Fund - Regular - Growth,118634,781,92.69722931042078,142.8305189432112,190.32024822173054,257.8816605994075,395.7600763145919,134.6683
Nippon India Small Cap Fund - Regular - Growth,118634,782,92.70838996926375,143.19683637037676,190.3676207939152,257.81136034766854,396.2182074712523,134.6683
Nippon India Small Cap Fund - Regular - Growth,118634,783,92.54738893479805,143.12100187705892,190.70982379799494,258.68576527399625,397.2871040031105,134.6683
Nippon India Small Cap Fund - Regular - Growth,118634,784,92.92076311885022,143.29069825465808,190.93168961871976,259.1022648155107,397.5775668159061,134.6683
Nippon India Small Cap Fund - Regular - Growth,118634,785,92.90168283989682,143.1852573548814,190.93445150991818,258.5948291652949,397.8602939475435,134.6683
Nippon India Small Cap Fund - Regular - Growth,118634,786,92.81905237608186,143.06819727062992,190.9367850624015,259.1381770158244,397.8186740224474,134.6683
Nippon India Small Cap Fund - Regular - Growth,118634,787,93.17634098366784,143.26933819133836,190.92283289949987,259.1544202193579,398.34468052225577,134.6683
Nippon India Small Cap Fund - Regular - Growth,118634,788,92.72257202885248,143.30010627285026,190.7974286747219,259.5597942445943,400.2446390306226,134.6683
Nippon India Small Cap Fund - Regular - Growth,118634,789,92.75305412001187,143.3499225995295,191.1043229530576,259.790647136684,401.27483882082254,134.6683
Nippon India Small Cap Fund - Regular - Growth,118634,790,92.58047241966689,142.93716884991872,191.2854943521002,260.3807003449471,401.2648071863511,134.6683
Nippon India Small Cap Fund - Regular - Growth,118634,791,92.7070979092066,143.1541792050149,191.29333925941606,260.5938720271473,401.66397023500434,134.6683
Nippon India Small Cap Fund - Regular - Growth,118634,792,92.43548341238004,143.31596853029924,191.1138456844272,260.7875711664826,400.9883649524899,134.6683
Nippon India Small Cap Fund - Regular - Growth,118634,793,92.71476453722511,143.60202318389855,191.55956180957332,260.9611653724078,401.85825696296456,134.6683
Nippon India Small Cap Fund - Regular - Growth,118634,794,92.5903748720758,143.7215126486871,191.4706810065229,261.1838910423541,402.86762986352534,134.6683
Nippon India Small Cap Fund - Regular - Growth,118634,795,92.70870592128175,143.9021786652933,191.797083094754,261.165612834929,403.79785458556603,134.6683
Nippon India Small Cap Fund - Regular - Growth,118634,796,92.89586863229177,143.90975418770245,191.73207287996695,261.2228648655944,403.48621670816203,134.6683
Nippon India Small Cap Fund - Regular - Growth,118634,797,92.46908590347007,143.847368014029,191.62582690876465,260.962622653518,403.46076785426027,134.6683
Nippon India Small Cap Fund - Regular - Growth,118634,798,92.6407712512007,143.69935317728059,192.29318232665014,260.74953344770927,404.2361960681625,134.6683
Nippon India Small Cap Fund - Regular - Growth,118634,799,92.96886879921433,143.78179698616339,192.84035553090726,261.08262500380454,404.87366094872687,134.6683
Nippon India Small Cap Fund - Regular - Growth,118634,800,92.76929513722736,144.07352478164242,192.5384478653089,261.85480106020367,405.0632294241943,134.6683
Nippon India Small Cap Fund - Regular - Growth,118634,801,93.01193609264715,143.72250811325569,192.63572101045236,261.72206554317876,405.06348602148717,134.6683
Nippon India Small Cap Fund - Regular - Growth,118634,802,92.59720566064189,143.79154863503123,192.70623318306363,262.01449085236095,404.87774028067093,134.6683
Nippon India Small Cap Fund - Regular - Growth,118634,803,92.80341193819706,144.17670827096146,192.83562817007385,261.5561134231394,403.72389463346605,134.6683
Nippon India Small Cap Fund - Regular - Growth,118634,804,92.6783060443203,144.2234375114396,192.8423820496568,261.7112616714728,404.5134888718813,134.6683
Nippon India Small Cap Fund - Regular - Growth,118634,805,92.26575596575138,144.36508107990616,192.9753755840773,262.1443329738818,404.3844778337505,134.6683
Nippon India Small Cap Fund - Regular - Growth,118634,806,92.48872316490721,144.22316472246087,193.2993506939029,262.7828266743603,406.01992893261377,134.6683
Nippon India Small Cap Fund - Regular - Growth,118634,807,92.54251681985757,144.48406226863852,193.34561392719405,262.41162863444407,406.752219166279,134.6683
Nippon India Small Cap Fund - Regular - Growth,118634,808,92.49293296317977,144.71298140177862,193.32745499258627,262.4161398429809,407.75677949735893,134.6683
Nippon India Small Cap Fund - Regular - Growth,118634,809,92.57523162127255,144.5840438353943,193.45400832073648,262.70958285287855,408.4373317752498,134.6683
Nippon India Small Cap Fund - Regular - Growth,118634,810,92.45733107996982,144.6075198361368,193.40702269362208,261.8557895918155,408.48315569337285,134.6683
Nippon India Small Cap Fund - Regular - Growth,118634,811,92.42643936945365,144.78764998928958,193.34874032237613,262.6813934597498,409.76904513758456,134.6683
Nippon India Small Cap Fund - Regular - Growth,118634,812,92.35830255740662,144.44532082505137,193.66066521760007,262.76639956795924,409.50089433595014,134.6683
Nippon India Small Cap Fund - Regular - Growth,118634,813,92.25647852849286,144.79079037814984,193.4385330233741,262.92299322134534,409.97042393803736,134.6683
Nippon India Small Cap Fund - Regular - Growth,118634,814,92.1788722086484,144.69341603582967,193.82527048218782,263.31891754228184,410.8397822199338,134.6683
Nippon India Small Cap Fund - Regular - Growth,118634,815,92.4626090129987,144.60275926369448,193.9190249704701,263.7848082484727,409.3978236600846,134.6683
Nippon India Small Cap Fund - Regular - Growth,118634,816,92.61434785821444,144.78833613940293,193.58324928936685,263.2775570102384,411.61510513767587,134.6683
Nippon India Small Cap Fund - Regular - Growth,118634,817,92.61192775340407,145.08635422820612,193.97568342010825,263.62633806519466,411.62741474852663,134.6683
Nippon India Small Cap Fund - Regular - Growth,118634,818,92.7352120092454,144.93788460449971,193.75144699572564,263.9522920588337,412.82555157482324,134.6683
Nippon India Small Cap Fund - Regular - Growth,118634,819,92.49005013414624,144.77406036522217,194.33323234771956,264.3715710135678,414.43402576944493,134.6683
Nippon India Small Cap Fund - Regular - Growth,118634,820,92.31949834167764,144.93254347811921,194.3231155859247,264.50180969482335,414.3989051953727,134.6683
Nippon India Small Cap Fund - Regular - Growth,118634,821,92.85474527347012,144.97859837296727,194.21986849971177,264.36317033953407,414.08407914279485,134.6683
Nippon India Small Cap Fund - Regular - Growth,118634,822,92.873368805939,144.8603041770427,194.1249468473066,265.0563399924181,412.45764630473184,134.6683
Nippon India Small Cap Fund - Regular - Growth,118634,823,92.27052775366512,144.8526814029708,194.35916467920248,265.1207009978109,412.9394856133052,134.6683
Nippon India Small Cap Fund - Regular - Growth,118634,824,92.3016567542957,145.07987064708402,194.59942191316958,264.71600131638036,413.95334704413915,134.6683
Nippon India Small Cap Fund - Regular - Growth,118634,825,92.41293386580509,145.39066605398196,194.83159807114325,265.47884292472526,414.3618083145386,134.6683
Nippon India Small Cap Fund - Regular - Growth,118634,826,92.41330773695748,144.9201908502205,194.87220572126756,264.9642071171357,414.42836104039685,134.6683
Nippon India Small Cap Fund - Regular - Growth,118634,827,92.51326911465529,145.04491303199558,194.70113251485594,265.3873926856942,414.6674723940789,134.6683
Nippon India Small Cap Fund - Regular - Growth,118634,828,92.73280185022698,145.18497537687898,194.93778429745578,265.45011397547177,416.04479672193344,134.6683
Nippon India Small Cap Fund - Regular - Growth,118634,829,92.4153862524237,145.1018533041985,195.18978549566944,265.36797304686513,416.5507488179104,134.6683
Nippon India Small Cap Fund - Regular - Growth,118634,830,92.1903025294334,145.4145317594703,194.99179809168263,265.5290027014267,416.9015146119826,134.6683
Nippon India Small Cap Fund - Regular - Growth,118634,831,92.2862531675567,145.05112382848614,195.25418931820448,265.8009613081383,417.93082197981533,134.6683
Nippon India Small Cap Fund - Regular - Growth,118634,832,92.17873013672647,145.11905962181766,195.5968399002501,265.86082709902155,419.0411448408735,134.6683
Nippon India Small Cap Fund - Regular - Growth,118634,833,92.30224482290409,145.07821174759653,195.8875977977291,266.716634057727,419.73332575432505,134.6683
Nippon India Small Cap Fund - Regular - Growth,118634,834,92.57310793606692,145.07207169464422,195.85994496382733,266.6144708817028,419.12890326594953,134.6683
Nippon India Small Cap Fund - Regular - Growth,118634,835,92.6993812592694,145.08761218626208,195.92966391985652,267.0979037041207,419.5557433084254,134.6683
Nippon India Small Cap Fund - Regular - Growth,118634,836,92.82202554801817,145.17935045203373,195.8982803230368,266.9987745283651,420.3893236961428,134.6683
Nippon India Small Cap Fund - Regular - Growth,118634,837,92.9487953657178,145.15621987691964,195.64959420670834,267.1820671802139,419.14711691510956,134.6683
Nippon India Small Cap Fund - Regular - Growth,118634,838,92.63801996702813,145.4865496680273,196.2169207762663,266.75635763274397,421.9191303573,134.6683
Nippon India Small Cap Fund - Regular - Growth,118634,839,92.91969433339253,145.58105757275456,196.02060395865522,266.7421477418021,420.9651255689961,134.6683
Nippon India Small Cap Fund - Regular - Growth,118634,840,92.66739245733014,145.80084825786827,195.6671189949841,267.06173232032165,422.7118197208089,134.6683
Nippon India Small Cap Fund - Regular - Growth,118634,841,92.37790549644383,145.74729977326857,196.22762963401144,266.72452272387295,421.2225385335254,134.6683
Nippon India Small Cap Fund - Regular - Growth,118634,842,92.51361472141656,145.59905790324999,196.26970276576947,267.21343239028215,422.8436357529446,134.6683
Nippon India Small Cap Fund - Regular - Growth,118634,843,92.29823984627983,145.5261787458611,196.5147571981108,267.08069284797773,424.09887040547477,134.6683
Nippon India Small Cap Fund - Regular - Growth,118634,844,91.99738840697938,145.7740425687245,196.51952023661684,267.4499588761687,423.1072657931945,134.6683
Nippon India Small Cap Fund - Regular - Growth,118634,845,92.17486732107007,145.76938462965668,196.57536062275898,267.1568256010023,424.0305552316182,134.6683
Nippon India Small Cap Fund - Regular - Growth,118634,846,92.08518668878028,145.83693244880658,196.2271759678208,267.47598065003996,423.14686698311465,134.6683
Nippon India Small Cap Fund - Regular - Growth,118634,847,92.31384851008657,145.7265182085927,196.56596212372006,267.52965677144084,423.93848613433386,134.6683
Nippon India Small Cap Fund - Regular - Growth,118634,848,92.10094957831832,145.90176196314414,196.5458513711835,267.91247426591,422.54466283250787,134.6683
Nippon India Small Cap Fund - Regular - Growth,118634,849,92.36043268363969,146.13749987183127,196.9460939299692,267.55154575622225,424.09626274401353,134.6683
Nippon India Small Cap Fund - Regular - Growth,118634,850,92.27053676808809,145.95322794338784,197.1536479468939,267.8679413479703,423.6048123881134,134.6683
Nippon India Small Cap Fund - Regular - Growth,118634,851,92.6314591160233,146.0027135903262,197.6677495650619,268.0550866522063,422.5682025976562,134.6683
Nippon India Small Cap Fund - Regular - Growth,118634,852,92.65282628231188,145.58791120164452,197.5146795989629,268.19500473412677,423.8449157132562,134.6683
Nippon India Small Cap Fund - Regular - Growth,118634,853,92.82130499026317,145.99302637638306,197.6410789174596,267.82515675095124,423.22939404758955,134.6683
Nippon India Small Cap Fund - Regular - Growth,118634,854,92.85286486513746,146.0287218987136,197.7156610414821,268.2247337533757,424.1117362257605,134.6683
Nippon India Small Cap Fund - Regular - Growth,118634,855,92.58936386675036,145.87755573249189,197.99877369439412,269.0424962408754,424.64674954241025,134.6683
Nippon India Small Cap Fund - Regular - Growth,118634,856,92.6737660835517,146.12965357128422,198.28695762134237,269.17698953725596,424.28149653686216,134.6683
Nippon India Small Cap Fund - Regular - Growth,118634,857,92.71051079460852,145.94052630278227,197.95310244575933,269.20171386988255,424.7984896563276,134.6683
Nippon India Small Cap Fund - Regular - Growth,118634,858,92.71731632154035,146.25202315023847,198.19966793294373,269.97571271186763,424.2305135840233,134.6683
Nippon India Small Cap Fund - Regular - Growth,118634,859,92.68811451036427,146.6524451094558,198.23528643135018,270.71675051899234,423.3276829629554,134.6683
Nippon India Small Cap Fund - Regular - Growth,118634,860,92.44713596012548,146.36557144554715,198.02867740988074,271.2603272794089,425.5372296889273,134.6683
Nippon India Small Cap Fund - Regular - Growth,118634,861,92.67966274457928,146.30475494072994,198.13047943229066,271.09962214437957,425.60424970082477,134.6683
Nippon India Small Cap Fund - Regular - Growth,118634,862,92.83968503764488,146.2955254221751,198.30891753591195,271.36769791617706,425.9605178171525,134.6683
Nippon India Small Cap Fund - Regular - Growth,118634,863,92.73171289480328,146.65942394523864,198.53032125898585,271.6832336989015,427.23669419053044,134.6683
Nippon India Small Cap Fund - Regular - Growth,118634,864,92.5976161543472,146.76566832403577,198.25253722988475,271.8292108997073,426.26715136429226,134.6683
Nippon India Small Cap Fund - Regular - Growth,118634,865,92.56303803442309,146.76415576823962,198.088380058137,271.91194276892094,427.29391121592977,134.6683
Nippon India Small Cap Fund - Regular - Growth,118634,866,92.59404693732355,146.9417845663511,198.1988717715746,271.87631334862607,428.24644039982286,134.6683
Nippon India Small Cap Fund - Regular - Growth,118634,867,92.44418615169634,147.10438700271334,198.28283209851227,271.95502777682617,426.18907622877384,134.6683
Nippon India Small Cap Fund - Regular - Growth,118634,868,92.50900448074559,147.057929373969,198.5233207449609,272.5395792093358,427.2612547288415,134.6683
Nippon India Small Cap Fund - Regular - Growth,118634,869,92.48367516248003,147.13208616865322,198.60706004727967,272.48614041207156,427.43234701537835,134.6683
Nippon India Small Cap Fund - Regular - Growth,118634,870,92.55723824019148,146.86609831205936,198.8656696899415,272.31489838646644,430.5393823489631,134.6683
Nippon India Small Cap Fund - Regular - Growth,118634,871,92.69803851978665,147.04449429786862,199.1366452097904,272.54978603938616,429.8684202266981,134.6683
Nippon India Small Cap Fund - Regular - Growth,118634,872,92.75013692713995,147.46090915659937,199.0162051617063,272.6457043797028,429.53781607907564,134.6683
Nippon India Small Cap Fund - Regular - Growth,118634,873,92.62374872890788,147.50001812155128,198.7957062802596,271.9459934388444,429.4720573773932,134.6683
Nippon India Small Cap Fund - Regular - Growth,118634,874,92.61104085269835,147.7081088797567,198.8622797610767,272.6408336450211,431.0019259814587,134.6683
Nippon India Small Cap Fund - Regular - Growth,118634,875,92.93816177837023,147.8733124638461,198.86272845494454,272.529270711025,432.1483062540149,134.6683
Nippon India Small Cap Fund - Regular - Growth,118634,876,93.01816004830768,147.93894457906038,198.86903841294992,272.47139925810916,431.22944803334894,134.6683
Nippon India Small Cap Fund - Regular - Growth,118634,877,92.90139269156865,147.81234574001297,198.80866831715394,273.32120872921877,432.8882637189566,134.6683
Nippon India Small Cap Fund - Regular - Growth,118634,878,93.07331919006177,147.55798070962402,198.81974832819247,273.22295187769055,432.3013858101598,134.6683
Nippon India Small Cap Fund - Regular - Growth,118634,879,92.95860005775837,147.73052833895906,198.96329658545307,273.4824812483766,434.4384836999597,134.6683
Nippon India Small Cap Fund - Regular - Growth,118634,880,92.92555813171116,147.29102824439133,199.32143385661192,273.7308053722378,432.8418376234677,134.6683
Nippon India Small Cap Fund - Regular - Growth,118634,881,92.88001309282745,148.00049282516053,199.73977041954987,274.10076407942347,434.4578203885167,134.6683
Nippon India Small Cap Fund - Regular - Growth,118634,882,92.65764563658921,147.79993035855915,200.00729426851336,274.4400516622617,435.27554711803646,134.6683
Nippon India Small Cap Fund - Regular - Growth,118634,883,92.44865168035098,147.74080105693275,200.17868166515558,274.1611232503982,435.4371120840086,134.6683
Nippon India Small Cap Fund - Regular - Growth,118634,884,92.6318521365229,147.69602720477215,200.53738881156653,274.2636321769343,435.1845453982378,134.6683
Nippon India Small Cap Fund - Regular - Growth,118634,885,92.33392191740836,147.71251642830475,200.5287237351036,274.61851711603305,435.56317526869776,134.6683
Nippon India Small Cap Fund - Regular - Growth,118634,886,92.38905325366892,147.6121152854204,200.09493252600225,274.8733184424882,435.7517489171487,134.6683
Nippon India Small Cap Fund - Regular - Growth,118634,887,92.31223966323337,147.4724909507819,200.38874047456818,275.06969564051974,435.2878701739938,134.6683
Nippon India Small Cap Fund - Regular - Growth,118634,888,92.59669711839305,147.52017984425845,200.3476848110868,275.0131856489878,437.29094188591495,134.6683
Nippon India Small Cap Fund - Regular - Growth,118634,889,92.38465199305008,147.56414068099252,200.57245283535252,274.6061222760304,437.92993984185017,134.6683
Nippon India Small Cap Fund - Regular - Growth,118634,890,92.39873501316656,147.4921595260886,200.2518763491242,275.1429593456123,437.55176718126916,134.6683
Nippon India Small Cap Fund - Regular - Growth,118634,891,92.32111055526362,147.78066771149895,200.67696029222367,275.7905906233202,436.56521002703914,134.6683
Nippon India Small Cap Fund - Regular - Growth,118634,892,92.48683035492472,147.75559334281473,200.6788306366342,276.4191125985078,436.45869490570504,134.6683
Nippon India Small Cap Fund - Regular - Growth,118634,893,92.20503220399247,148.02499883517206,200.65786368059472,276.1848181572738,435.4519687226223,134.6683
Nippon India Small Cap Fund - Regular - Growth,118634,894,91.74042352116999,148.2649566065112,200.43540707821336,276.3248728337732,435.0809200224459,134.6683
Nippon India Small Cap Fund - Regular - Growth,118634,895,92.75203053998307,148.11935999307477,200.7332047430882,276.15801861996556,436.72844659707954,134.6683
Nippon India Small Cap Fund - Regular - Growth,118634,896,92.64144361906699,147.62276923910053,201.14065243377703,276.61634406535916,436.98932814624715,134.6683
Nippon India Small Cap Fund - Regular - Growth,118634,897,92.71753259664418,147.84945733356133,200.8165654318978,276.3254478286942,437.6065359355329,134.6683
Nippon India Small Cap Fund - Regular - Growth,118634,898,93.03549685610842,147.91580347695873,201.03825460606475,276.7837869463158,438.58457468963707,134.6683
Nippon India Small Cap Fund - Regular - Growth,118634,899,92.98091399315436,148.16656569538773,201.1554952972057,277.6275346390736,438.6088397530506,134.6683
Nippon India Small Cap Fund - Regular - Growth,118634,900,93.12119479236009,148.16139513009819,201.01653619346533,277.3115999643076,438.3680356022828,134.6683
Nippon India Small Cap Fund - Regular - Growth,118634,901,93.08130119103832,147.80049253955968,201.57458261176004,277.6992886720534,438.37025901841315,134.6683
Nippon India Small Cap Fund - Regular - Growth,118634,902,92.8004070699743,148.00676323888425,201.33196795111127,278.0012247047717,437.5907713715757,134.6683
Nippon India Small Cap Fund - Regular - Growth,118634,903,92.6476715400284,147.94287687413117,201.64563147424147,278.58486905695116,438.77764629803113,134.6683
Nippon India Small Cap Fund - Regular - Growth,118634,904,92.68794567667106,147.97754490718546,201.73714641423317,278.50701926738066,438.9596735088662,134.6683
Nippon India Small Cap Fund - Regular - Growth,118634,905,92.64148671927917,147.86623043227615,201.46767265154472,278.10869303269783,438.1315215505493,134.6683
Nippon India Small Cap Fund - Regular - Growth,118634,906,92.58950838047225,147.95736326327557,201.5337506641348,278.41923513804505,441.0024678894823,134.6683
Nippon India Small Cap Fund - Regular - Growth,118634,907,92.44337173381335,147.69415070673165,201.8796698837191,278.2257836322884,441.3107441037419,134.6683
Nippon India Small Cap Fund - Regular - Growth,118634,908,92.6156267083943,147.7118890279899,202.22459413869285,278.42411775998664,443.65565097077115,134.6683
Nippon India Small Cap Fund - Regular - Growth,118634,909,92.63562813409455,147.96517413906415,202.23279096898966,278.63226460490097,443.79409579746095,134.6683
Nippon India Small Cap Fund - Regular - Growth,118634,910,92.62215083460619,147.82165501182965,202.36153880069403,279.1028933115181,444.5056123049898,134.6683
Nippon India Small Cap Fund - Regular - Growth,118634,911,93.06433496278039,147.75182809288887,202.38504699954603,279.6878473697509,445.46977822590014,134.6683
Nippon India Small Cap Fund - Regular - Growth,118634,912,93.02416405920391,147.6693635349518,202.71219742924902,279.4432318722094,444.55677510580193,134.6683
Nippon India Small Cap Fund - Regular - Growth,118634,913,92.60998826296444,148.09325079648596,202.8548494888406,279.64222982650375,444.37970943787093,134.6683
Nippon India Small Cap Fund - Regular - Growth,118634,914,92.99037720365803,148.73418193507547,202.95374667329014,279.6746369753645,446.22026232706145,134.6683
Nippon India Small Cap Fund - Regular - Growth,118634,915,92.77016321393941,148.5722259890058,203.24660120800127,279.47604547334953,446.5606031266988,134.6683
Nippon India Small Cap Fund - Regular - Growth,118634,916,92.89832290358686,148.5572946990781,203.31544943083236,280.4172770895086,447.26415506142905,134.6683
Nippon India Small Cap Fund - Regular - Growth,118634,917,92.56405684928008,148.84961175910064,203.48763749502953,280.6820948559628,448.3717513384313,134.6683
Nippon India Small Cap Fund - Regular - Growth,118634,918,92.9080898874339,148.9135299851995,203.25875486164236,280.4156990394074,448.4535962454704,134.6683
Nippon India Small Cap Fund - Regular - Growth,118634,919,92.74960208742883,149.1194362929191,203.32800937552068,280.4916230237386,448.73071083641236,134.6683
Nippon India Small Cap Fund - Regular - Growth,118634,920,92.7447158209252,149.3031041432888,203.81649925713958,280.9887436078282,450.82294591469946,134.6683
Nippon India Small Cap Fund - Regular - Growth,118634,921,92.55883477690404,149.32236352087327,203.7261246975919,281.15962115243093,450.55541414870737,134.6683
Nippon India Small Cap Fund - Regular - Growth,118634,922,92.52236304364327,149.35239443815186,203.7108926067616,281.4260299034012,449.3967998940815,134.6683
Nippon India Small Cap Fund - Regular - Growth,118634,923,92.89039835502135,149.14192600403968,203.16966622663537,281.061159869703,449.0307948254073,134.6683
Nippon India Small Cap Fund - Regular - Growth,118634,924,93.0180502493343,149.52848276497957,203.73779993532366,281.9071470213702,449.4667905964465,134.6683
Nippon India Small Cap Fund - Regular - Growth,118634,925,92.77560215138021,149.38847532348836,203.81732127310568,281.7322668217249,449.7929645973635,134.6683
Nippon India Small Cap Fund - Regular - Growth,118634,926,92.68830845799206,149.34899412232983,204.05416333474489,282.1995127497623,451.40013758996565,134.6683
Nippon India Small Cap Fund - Regular - Growth,118634,927,92.81830194776256,149.08260089676943,204.13443224921633,281.6987491402443,452.47065036142845,134.6683
Nippon India Small Cap Fund - Regular - Growth,118634,928,92.50409158171956,149.29148078747951,203.84443597301478,282.00434346136683,451.587381662854,134.6683
Nippon India Small Cap Fund - Regular - Growth,118634,929,92.90188130599518,149.2659387937871,203.74016413158802,282.3175656185367,452.70649621964145,134.6683
Nippon India Small Cap Fund - Regular - Growth,118634,930,92.91190801730518,149.3946176014619,203.8875607263011,282.555051169057,452.2328425067921,134.6683
Nippon India Small Cap Fund - Regular - Growth,118634,931,92.93314124152319,149.09676788014133,203.88492988802108,282.82907127487,452.2919827550758,134.6683
Nippon India Small Cap Fund - Regular - Growth,118634,932,92.77248840119563,149.51306074364732,204.29440821544844,282.97678478421443,453.92107119778296,134.6683
Nippon India Small Cap Fund - Regular - Growth,118634,933,92.61076770030616,149.7052821603036,204.63887076836534,283.13849422906276,454.6229710114061,134.6683
Nippon India Small Cap Fund - Regular - Growth,118634,934,92.37609413552843,149.27194789332944,204.45823317192685,283.68326283017143,455.4366285274536,134.6683
Nippon India Small Cap Fund - Regular - Growth,118634,935,92.49695351833506,149.4944068761671,204.48599821811584,283.2613574022656,455.46942812478846,134.6683
Nippon India Small Cap Fund - Regular - Growth,118634,936,92.22854889641383,149.29015361846314,204.74576942131733,284.2560680931735,455.5286538670205,134.6683
Nippon India Small Cap Fund - Regular - Growth,118634,937,92.45110632692146,149.13582031079488,204.41845281930892,284.44724727060924,456.4536632762519,134.6683
Nippon India Small Cap Fund - Regular - Growth,118634,938,92.4139583976462,149.53275985615346,204.98226858837324,284.9088360744389,455.64837203246407,134.6683
Nippon India Small Cap Fund - Regular - Growth,118634,939,92.56578723980843,149.21154130872654,205.15787616741295,285.21017227873466,455.45271923252204,134.6683
Nippon India Small Cap Fund - Regular - Growth,118634,940,92.37618881593524,149.76864264849485,205.01885355960545,285.511146707146,458.3557397680697,134.6683
Nippon India Small Cap Fund - Regular - Growth,118634,941,92.53000316098851,149.57465109636718,204.93383588216852,284.669514038289,457.41935918210044,134.6683
Nippon India Small Cap Fund - Regular - Growth,118634,942,92.58679253185208,149.73510589653688,205.22795459702388,285.2495451038361,457.7616507487014,134.6683
Nippon India Small Cap Fund - Regular - Growth,118634,943,92.64867943013469,149.5417102006632,205.3273259393431,285.71903175756216,458.1391251782298,134.6683
Nippon India Small Cap Fund - Regular - Growth,118634,944,92.93003966981357,149.92626810354776,205.14965548624076,285.8813934022771,458.7330756313148,134.6683
Nippon India Small Cap Fund - Regular - Growth,118634,945,92.68397183143331,149.91471088184144,205.4384528860391,286.90370901812344,459.1561815094942,134.6683
Nippon India Small Cap Fund - Regular - Growth,118634,946,92.35070420907925,150.05381543599037,205.08882311276983,286.59801987204065,459.31388519559516,134.6683
Nippon India Small Cap Fund - Regular - Growth,118634,947,92.7956204443542,150.23161233092367,205.2646497159456,286.5054959930435,457.3695084169421,134.6683
Nippon India Small Cap Fund - Regular - Growth,118634,948,92.57587802833973,149.9588701523702,205.38098888315562,287.4214591035866,457.88720773314117,134.6683
Nippon India Small Cap Fund - Regular - Growth,118634,949,92.82005929528145,150.31860368766183,205.74683523745412,287.1818366917851,458.7438877657426,134.6683
Nippon India Small Cap Fund - Regular - Growth,118634,950,93.0459479539137,150.09359087130943,205.55188220657797,286.56912809967946,457.6033128654162,134.6683
Nippon India Small Cap Fund - Regular - Growth,118634,951,92.94762110986662,150.25725738953065,206.13288644755073,287.1077344090429,458.7756636197774,134.6683
Nippon India Small Cap Fund - Regular - Growth,118634,952,92.99017278022691,150.4466514659178,205.73940713400935,287.5759395172298,459.13578060709114,134.6683
Nippon India Small Cap Fund - Regular - Growth,118634,953,92.84053531326506,149.88073155454802,205.89419036324364,287.4531133075195,460.17410629072685,134.6683
Nippon India Small Cap Fund - Regular - Growth,118634,954,93.03046777266462,149.9729869951673,206.34280647963132,287.4948858870639,460.55187426198,134.6683
Nippon India Small Cap Fund - Regular - Growth,118634,955,92.80012183795577,149.96102376343094,206.1523233123918,287.50850216911743,461.2912864865365,134.6683
Nippon India Small Cap Fund - Regular - Growth,118634,956,93.01537352528457,150.05089817892116,206.45190813123054,287.71805222698754,461.3863175880386,134.6683
Nippon India Small Cap Fund - Regular - Growth,118634,957,92.97163757559665,150.21368845895913,206.5274481398688,287.7846007574037,462.06359102190254,134.6683
Nippon India Small Cap Fund - Regular - Growth,118634,958,93.10232064209355,150.29918953575446,206.5958702706033,288.6855933500267,462.07566425933175,134.6683
Nippon India Small Cap Fund - Regular - Growth,118634,959,92.78492501855524,150.25402077435092,206.52032044469343,288.2861633333386,462.5823491838291,134.6683
Nippon India Small Cap Fund - Regular - Growth,118634,960,93.01614808811416,150.47423939207496,206.96535289846565,288.9853661861347,463.1664819124694,134.6683
Nippon India Small Cap Fund - Regular - Growth,118634,961,92.73579377048796,150.66244914285227,206.90370991383875,288.8927621196084,463.6497427959952,134.6683
Nippon India Small Cap Fund - Regular - Growth,118634,962,92.57908057595361,150.68762434451995,207.33579277513093,289.44113749547915,463.44633113460935,134.6683
Nippon India Small Cap Fund - Regular - Growth,118634,963,92.88522038455609,150.59899295846253,207.0427457596839,289.8001811833238,465.2157565254531,134.6683
Nippon India Small Cap Fund - Regular - Growth,118634,964,93.22784575171046,150.64310852772508,207.3843923963868,289.4179301954087,465.9822346956759,134.6683
Nippon India Small Cap Fund - Regular - Growth,118634,965,93.06453665854758,150.62470667260766,207.20855591488154,290.2185887454411,466.6860294431835,134.6683
Nippon India Small Cap Fund - Regular - Growth,118634,966,93.00749137906075,150.76678177394706,207.3381336582841,290.07224644623386,465.63101524228676,134.6683
Nippon India Small Cap Fund - Regular - Growth,118634,967,93.10350360592305,150.7689178403582,207.17511635263503,289.8281408450742,467.16229931241105,134.6683
Nippon India Small Cap Fund - Regular - Growth,118634,968,93.36700386092967,150.94250504006214,207.3796809737742,290.3405645750834,467.57768123474887,134.6683
Nippon India Small Cap Fund - Regular - Growth,118634,969,93.3301375312534,150.9827235422609,207.59355005106764,291.3888523778963,466.20746404160195,134.6683
Nippon India Small Cap Fund - Regular - Growth,118634,970,93.02118443331099,150.7500772978601,207.96618063731935,291.43337064820696,468.40021172510984,134.6683
Nippon India Small Cap Fund - Regular - Growth,118634,971,92.92367013576677,151.0441418256645,208.00112557675735,290.7944707300604,467.21956675164387,134.6683
Nippon India Small Cap Fund - Regular - Growth,118634,972,93.46326935514834,151.38602668785046,207.81880885966982,290.9640807512147,468.3986258163938,134.6683
Nippon India Small Cap Fund - Regular - Growth,118634,973,92.90499651595503,151.36871284476342,208.04350209537245,291.4633128428695,470.72328305667764,134.6683
Nippon India Small Cap Fund - Regular - Growth,118634,974,93.32130173098803,151.55440279296883,207.97374526558087,291.6646478710723,468.61379001231825,134.6683
Nippon India Small Cap Fund - Regular - Growth,118634,975,93.32714868828901,151.29219018000506,208.01748885564137,291.5975320156713,470.664548868817,134.6683
Nippon India Small Cap Fund - Regular - Growth,118634,976,93.45570661341104,151.41032038851694,207.94946135880622,291.7003256212457,468.2765987974724,134.6683
Nippon India Small Cap Fund - Regular - Growth,118634,977,93.41510082237478,151.41002338760887,208.3621545684367,291.9607026016598,467.8396329916409,134.6683
Nippon India Small Cap Fund - Regular - Growth,118634,978,93.72946487813819,151.65835327984206,208.32429674154983,292.3446358382636,468.91955196646455,134.6683
Nippon India Small Cap Fund - Regular - Growth,118634,979,93.6480791947488,151.74340031235081,208.6071346048812,293.05477272595834,470.79045370054973,134.6683
Nippon India Small Cap Fund - Regular - Growth,118634,980,93.64682224467764,151.48310970103665,208.87745140135632,293.45242571069537,471.00808743402143,134.6683
Nippon India Small Cap Fund - Regular - Growth,118634,981,93.66830979322351,151.69778690724476,208.8830932323776,293.5415070278882,471.8503697565765,134.6683
Nippon India Small Cap Fund - Regular - Growth,118634,982,93.6458376175765,152.1160608923491,209.12443648478938,293.749894651869,472.1421060409009,134.6683
Nippon India Small Cap Fund - Regular - Growth,118634,983,93.54039275877142,152.39099003288692,209.25550188356758,293.2843520825793,473.3492796588043,134.6683
Nippon India Small Cap Fund - Regular - Growth,118634,984,93.427934218665,151.6975647493049,209.69615941936843,293.70073347953905,472.85046207178425,134.6683
Nippon India Small Cap Fund - Regular - Growth,118634,985,93.67856393975946,151.88366982577378,209.25949969012606,294.09431644285087,474.21434413798215,134.6683
Nippon India Small Cap Fund - Regular - Growth,118634,986,93.93994684938225,151.57499102663485,208.99400815585363,294.03290965507244,475.5524118780537,134.6683
Nippon India Small Cap Fund - Regular - Growth,118634,987,93.73470555103005,151.6780820581351,209.69019292182895,294.30751548989707,475.53651007015065,134.6683
Nippon India Small Cap Fund - Regular - Growth,118634,988,93.82798238689752,151.58572929110068,210.0630219729834,294.7410131794702,476.0656080252072,134.6683
Nippon India Small Cap Fund - Regular - Growth,118634,989,93.4222189174897,151.84881520801238,209.64056193155406,294.81796324489915,477.88728648039864,134.6683
Nippon India Small Cap Fund - Regular - Growth,118634,990,93.64271597393183,151.67819351655936,210.09228255942418,295.5595784320386,477.5510718384099,134.6683
Nippon India Small Cap Fund - Regular - Growth,118634,991,93.49097607821825,151.7221544799301,209.9489866813762,295.24002183414945,477.49768152423513,134.6683
Nippon India Small Cap Fund - Regular - Growth,118634,992,93.29869311263727,151.60979743148968,209.90182352538648,295.0819039984453,477.51236541927545,134.6683
Nippon India Small Cap Fund - Regular - Growth,118634,993,93.22611478073635,151.98002944870262,210.03903189571503,295.54116908810505,477.9000547989517,134.6683
Nippon India Small Cap Fund - Regular - Growth,118634,994,93.20412829754527,151.72189448041706,209.72722901539998,296.1278106692759,479.18955879603527,134.6683
Nippon India Small Cap Fund - Regular - Growth,118634,995,93.06677634238012,151.56669819506533,210.23296803018098,296.329182772054,479.56699314920706,134.6683
Nippon India Small Cap Fund - Regular - Growth,118634,996,93.09646267092504,151.67174374630997,210.64837346786481,296.00361696941144,478.42335248873206,134.6683
Nippon India Small Cap Fund - Regular - Growth,118634,997,93.29636085208699,151.9225175447939,210.83240462651895,295.97492005368167,479.42574489316166,134.6683
Nippon India Small Cap Fund - Regular - Growth,118634,998,93.0596735441224,152.2009742208088,210.68478927605491,296.37145717113526,478.72888111013407,134.6683
Nippon India Small Cap Fund - Regular - Growth,118634,999,93.39614951179338,152.29901499853486,210.74865669174318,296.9517760739283,480.7968612745,134.6683
Nippon India Small Cap Fund - Regular - Growth,118634,1000,93.00476563016073,152.1785003486108,210.82074157497428,297.08786981757174,481.10173670635515,134.6683
Nippon India Small Cap Fund - Regular - Growth,118634,1001,92.8861714355205,152.1944381247612,210.6709379529471,296.76250034460793,478.27142247323206,134.6683
Nippon India Small Cap Fund - Regular - Growth,118634,1002,92.95993163663903,152.15553211371756,210.7628614366719,296.45002429938353,480.83808417090637,134.6683
Nippon India Small Cap Fund - Regular - Growth,118634,1003,92.74339140328871,152.1500054882728,210.9193200685811,297.0989639934895,480.8910580030232,134.6683
Nippon India Small Cap Fund - Regular - Growth,118634,1004,92.87172531564474,152.09354739123378,210.84318813979093,297.2422397459455,481.9689953807895,134.6683
Nippon India Small Cap Fund - Regular - Growth,118634,1005,93.26130061371137,152.12456313963247,210.96711943083972,296.9786737439343,481.8759509949552,134.6683
Nippon India Small Cap Fund - Regular - Growth,118634,1006,93.24436147679482,152.0766111476733,210.87250872157387,297.52499175703554,483.09895206995634,134.6683
Nippon India Small Cap Fund - Regular - Growth,118634,1007,93.55770099254,152.61351981720728,211.51003190131416,298.2784902068431,483.4228874115591,134.6683
Nippon India Small Cap Fund - Regular - Growth,118634,1008,93.25702976914255,152.3611721116255,211.6113823517827,297.9576829602111,483.436975272564,134.6683
Nippon India Small Cap Fund - Regular - Growth,118634,1009,93.10028781720996,152.53762430800822,211.44773815611472,298.28579435759406,481.6911574062304,134.6683
Nippon India Small Cap Fund - Regular - Growth,118634,1010,93.48415978225516,152.4681797439317,211.90043159940694,298.6007318328174,481.4575627801216,134.6683
Nippon India Small Cap Fund - Regular - Growth,118634,1011,93.74447336723225,152.20367461948058,212.0388019767256,298.89851519383143,483.7336526919898,134.6683
Nippon India Small Cap Fund - Regular - Growth,118634,1012,93.2792250988498,152.0118693564796,212.3368380083186,298.5591262117261,484.87348920575454,134.6683
Nippon India Small Cap Fund - Regular - Growth,118634,1013,93.27725170156465,152.20451843633737,212.17259064494863,299.27356324801895,486.16488467561015,134.6683
Nippon India Small Cap Fund - Regular - Growth,118634,1014,93.12510897878892,152.39199739811718,212.04027750153125,299.1372705280162,484.3963154759443,134.6683
Nippon India Small Cap Fund - Regular - Growth,118634,1015,93.25959195114285,152.9270075342183,212.6031973213672,299.3607647851604,486.2199019356076,134.6683
Nippon India Small Cap Fund - Regular - Growth,118634,1016,92.99717354170062,152.96271935119688,212.61715090524174,299.5569424823804,487.1409828026428,134.6683
Nippon India Small Cap Fund - Regular - Growth,118634,1017,92.9947765827177,153.24950770125983,213.3461597863659,299.27741554835524,488.12928985265637,134.6683
Nippon India Small Cap Fund - Regular - Growth,118634,1018,93.1102264344236,152.9452552107619,212.8528162119639,299.5828950658282,488.5752917623467,134.6683
Nippon India Small Cap Fund - Regular - Growth,118634,1019,93.32075211353714,152.81506819694147,213.22836087563968,299.95516827315396,488.2395877994803,134.6683
Nippon India Small Cap Fund - Regular - Growth,118634,1020,93.06628776481253,152.8198114537184,213.17412037251506,300.4904367942962,487.5315974737886,134.6683
Nippon India Small Cap Fund - Regular - Growth,118634,1021,93.06671020430052,153.14468518525845,213.20757151204333,300.09673551463504,488.21780369522736,134.6683
Nippon India Small Cap Fund - Regular - Growth,118634,1022,93.20287986092531,153.12794984537467,213.582078194982,299.8099052436771,487.01022550223564,134.6683
Nippon India Small Cap Fund - Regular - Growth,118634,1023,92.9084703286098,152.93732532178717,213.5330891497694,299.52801253828324,487.0165190216756,134.6683
Nippon India Small Cap Fund - Regular - Growth,118634,1024,92.84796986981702,153.17041828765335,213.87883230324732,300.0611955911318,488.6131163870089,134.6683
Nippon India Small Cap Fund - Regular - Growth,118634,1025,92.97282897847874,153.18483494642692,213.56831459503184,299.9774535766179,488.8997959264608,134.6683
Nippon India Small Cap Fund - Regular - Growth,118634,1026,92.78813658576361,153.21379264038063,213.96646025986922,300.5412797964889,488.60756693432324,134.6683
Nippon India Small Cap Fund - Regular - Growth,118634,1027,93.32636450206628,152.8217582325258,213.5627298743319,300.1373228498968,487.41104845412985,134.6683
Nippon India Small Cap Fund - Regular - Growth,118634,1028,93.14725659055082,152.92849623966032,214.10218886241998,300.2911954595298,491.44242716909514,134.6683
Nippon India Small Cap Fund - Regular - Growth,118634,1029,93.39987610750471,153.03542468154305,214.1223492736373,300.6218551156472,491.88451057217134,134.6683
Nippon India Small Cap Fund - Regular - Growth,118634,1030,93.12279766365212,153.1189955223495,214.58113698073572,300.50270286223196,489.8470837197817,134.6683
Nippon India Small Cap Fund - Regular - Growth,118634,1031,93.67104046036049,153.66719940657345,214.2609593647124,300.7406630335996,490.1870270796616,134.6683
Nippon India Small Cap Fund - Regular - Growth,118634,1032,93.59027630606876,153.5667429108298,214.1333314004305,301.32621508262037,491.990898063539,134.6683
Nippon India Small Cap Fund - Regular - Growth,118634,1033,93.18431071175621,153.21922470065272,214.1987624427001,301.38353686248075,492.5457643932901,134.6683
Nippon India Small Cap Fund - Regular - Growth,118634,1034,93.28463520735926,153.59096131490625,214.79603953194675,301.2716330585281,493.43001544715304,134.6683
Nippon India Small Cap Fund - Regular - Growth,118634,1035,93.3413408906475,153.48675180827485,214.70964639900518,301.5886811688413,494.02822173940547,134.6683
Nippon India Small Cap Fund - Regular - Growth,118634,1036,93.54346938697984,153.44667039406443,214.91191373002903,301.4581080427866,492.80194457249445,134.6683
Nippon India Small Cap Fund - Regular - Growth,118634,1037,93.36393657809087,153.389394943189,214.87250299744287,302.1240460834978,494.60355866080323,134.6683
Nippon India Small Cap Fund - Regular - Growth,118634,1038,93.31121092549766,153.50812958545245,214.78741738082653,302.4458299706581,493.9740530498122,134.6683
Nippon India Small Cap Fund - Regular - Growth,118634,1039,93.4693122625914,153.47220499054762,214.8533468632413,301.7030741889541,493.81985192325874,134.6683
Nippon India Small Cap Fund - Regular - Growth,118634,1040,93.5856883578427,153.30868149915145,214.7955920390267,302.34471950714885,494.8082031688885,134.6683
Nippon India Small Cap Fund - Regular - Growth,118634,1041,93.41285804058879,153.47269369063292,215.278489177402,302.40780178093104,493.7907886604526,134.6683
Nippon India Small Cap Fund - Regular - Growth,118634,1042,93.68596389536073,153.37861457911723,215.82938263856894,302.43588410813857,494.3710207915205,134.6683
Nippon India Small Cap Fund - Regular - Growth,118634,1043,93.58695595391359,153.23293546396593,215.896365847063,302.7129475507207,493.9665257048785,134.6683
Nippon India Small Cap Fund - Regular - Growth,118634,1044,93.54588155032414,153.48623283997705,216.0543095721932,302.80767903804065,494.395330732153,134.6683
Nippon India Small Cap Fund - Regular - Growth,118634,1045,93.38641095442085,153.997779307599,216.25077389038972,303.14276555513294,495.73613517974053,134.6683
Nippon India Small Cap Fund - Regular - Growth,118634,1046,93.73343518581115,154.30404673045678,216.0272386792288,303.3819882279273,497.090285795429,134.6683
Nippon India Small Cap Fund - Regular - Growth,118634,1047,93.19426602035115,154.13741508839348,216.46842207794035,303.12951390231797,497.0195727283291,134.6683
Nippon India Small Cap Fund - Regular - Growth,118634,1048,93.65905315167777,154.23351125464626,216.88545685581863,303.22808031142364,499.0689954537582,134.6683
Nippon India Small Cap Fund - Regular - Growth,118634,1049,93.62278642709894,154.3670241177013,217.09223829617952,304.19107834764264,500.2111690663624,134.6683
Nippon India Small Cap Fund - Regular - Growth,118634,1050,93.77825990390728,154.19600376454514,217.18706244327237,304.5172627747098,501.1391910752371,134.6683
Nippon India Small Cap Fund - Regular - Growth,118634,1051,94.11415141835752,154.22157022142062,217.79863026420753,304.7449350413139,500.5973426805897,134.6683
Nippon India Small Cap Fund - Regular - Growth,118634,1052,94.18935145654869,154.36960835159323,217.55414892780587,304.7408072521638,502.35697195914,134.6683
Nippon India Small Cap Fund - Regular - Growth,118634,1053,94.13870331172023,154.66407695289513,217.83461193899242,304.01431995056726,502.217122528429,134.6683
Nippon India Small Cap Fund - Regular - Growth,118634,1054,94.09273806191578,154.82530477700087,217.6139507456225,304.21030844188715,503.17708764042914,134.6683
Nippon India Small Cap Fund - Regular - Growth,118634,1055,93.77468366972568,154.78453000911844,217.71751398142737,304.15559487264704,503.30715025061994,134.6683
Nippon India Small Cap Fund - Regular - Growth,118634,1056,94.10254552518035,154.49842944034015,217.93026839292196,305.4675568498041,503.2449069284519,134.6683
Nippon India Small Cap Fund - Regular - Growth,118634,1057,93.94025456237279,154.82948268659817,218.01676705827458,305.7487834529443,503.38959879640805,134.6683
Nippon India Small Cap Fund - Regular - Growth,118634,1058,94.01055715869994,154.66760492117916,217.78515747008967,306.2219234421704,503.7241259403836,134.6683
Nippon India Small Cap Fund - Regular - Growth,118634,1059,93.92452532670234,154.90571019489693,217.84007149218974,306.5320713960115,504.55082075912753,134.6683
Nippon India Small Cap Fund - Regular - Growth,118634,1060,93.963387627302,155.18942230257124,217.99900333934522,306.0372678516724,504.9048594927605,134.6683
Nippon India Small Cap Fund - Regular - Growth,118634,1061,93.66286072290369,154.90496856399656,218.25031003860454,306.3737788354093,503.73200328078445,134.6683
Nippon India Small Cap Fund - Regular - Growth,118634,1062,93.82933724146427,155.25232906509441,217.790185410321,306.66098960628733,503.4695425408184,134.6683
Nippon India Small Cap Fund - Regular - Growth,118634,1063,93.9492010560481,155.24309317681804,218.1756514711658,306.27310150629796,505.0536513223505,134.6683
Nippon India Small Cap Fund - Regular - Growth,118634,1064,93.7953585210423,155.25391109116546,218.10617408311907,306.7085614768444,505.19935328993927,134.6683
Nippon India Small Cap Fund - Regular - Growth,118634,1065,93.75194449782744,155.43582339496834,218.24643122827007,306.79655756129466,507.21189034931547,134.6683
Nippon India Small Cap Fund - Regular - Growth,118634,1066,93.45716294730249,155.34079233177883,218.20912706492135,307.18072027731296,507.2112557390115,134.6683
Nippon India Small Cap Fund - Regular - Growth,118634,1067,93.9727228328101,155.20297822787,218.28541369734688,307.31218537409836,506.34214918318844,134.6683
Nippon India Small Cap Fund - Regular - Growth,118634,1068,93.95807585764237,155.32766129914958,218.0858407916411,307.3161473488754,505.8682229466988,134.6683
Nippon India Small Cap Fund - Regular - Growth,118634,1069,93.83240999414454,155.27284852818875,218.87837678137947,307.3610585254129,504.6723343742651,134.6683
Nippon India Small Cap Fund - Regular - Growth,118634,1070,93.75641167172712,155.77556670215068,219.02893618841887,308.2887362575399,505.45570988028186,134.6683
Nippon India Small Cap Fund - Regular - Growth,118634,1071,93.91427897946767,155.5369160502767,219.1145426922929,308.4427421693796,506.50036750960976,134.6683
Nippon India Small Cap Fund - Regular - Growth,118634,1072,93.85705726426052,155.7226410236339,219.3411338638993,308.4909117990281,506.4412600323778,134.6683
Nippon India Small Cap Fund - Regular - Growth,118634,1073,93.63071159592748,155.54857688147814,219.53432448384262,307.67014449294516,508.86455853922905,134.6683
Nippon India Small Cap Fund - Regular - Growth,118634,1074,93.60677344318562,155.66669159893894,219.64596401583756,307.90682822435804,509.2649881092176,134.6683
Nippon India Small Cap Fund - Regular - Growth,118634,1075,93.80818429965758,155.8633098077048,219.44938876015652,308.3911628296668,509.83639578183136,134.6683
Nippon India Small Cap Fund - Regular - Growth,118634,1076,93.44702686466455,155.94656646437068,219.84426184522403,308.71294883170515,509.72427684975383,134.6683
Nippon India Small Cap Fund - Regular - Growth,118634,1077,93.28887000035228,156.00300398718554,219.74148533731483,308.6603768952608,510.1917851818453,134.6683
Nippon India Small Cap Fund - Regular - Growth,118634,1078,93.16207144905975,156.07510112483166,219.4630910786762,308.8331750568548,511.3777554375109,134.6683
Nippon India Small Cap Fund - Regular - Growth,118634,1079,93.21201792323508,155.95599174320753,219.97268677041973,309.36978312375754,510.4612593959044,134.6683
Nippon India Small Cap Fund - Regular - Growth,118634,1080,93.18869964578138,156.10253408519372,220.36144039320297,309.9008386044019,510.55699195592524,134.6683
Nippon India Small Cap Fund - Regular - Growth,118634,1081,93.22088660596368,156.17057526677365,220.17455426157986,310.17014475954363,510.2363687173258,134.6683
Nippon India Small Cap Fund - Regular - Growth,118634,1082,93.34782510991208,156.3623802803864,220.53655899547255,308.96924431879825,511.9520915873463,134.6683
Nippon India Small Cap Fund - Regular - Growth,118634,1083,93.4804770913903,156.468802219071,220.366328746156,309.3799218866257,512.9537827045957,134.6683
Nippon India Small Cap Fund - Regular - Growth,118634,1084,93.1378607406169,156.43062922168528,220.56165951306497,310.48725728264685,511.3097949797405,134.6683
Nippon India Small Cap Fund - Regular - Growth,118634,1085,93.48394279868631,156.6320582498257,220.80966302037382,310.54508725059554,514.2409441075246,134.6683
Nippon India Small Cap Fund - Regular - Growth,118634,1086,93.45153796978845,156.45454383767918,220.85696887140966,310.37473919013604,512.9804325123525,134.6683
Nippon India Small Cap Fund - Regular - Growth,118634,1087,93.56010733605942,156.4623274969955,221.18193070839857,309.4067736431643,515.5260440507082,134.6683
Nippon India Small Cap Fund - Regular - Growth,118634,1088,93.28609646608152,156.5876513363647,221.2096485750689,310.31182424835765,515.049482722146,134.6683
Nippon India Small Cap Fund - Regular - Growth,118634,1089,93.10491546537075,157.02719046193326,221.2040675950866,310.5139492711661,516.0272970646776,134.6683
Nippon India Small Cap Fund - Regular - Growth,118634,1090,93.42197983032239,157.1928374578475,221.45478427910382,311.01165077274743,515.9061674784843,134.6683
Nippon India Small Cap Fund - Regular - Growth,118634,1091,93.41178050209986,156.80288126943893,221.32035416903207,311.12638492300107,516.9258145480542,134.6683
Nippon India Small Cap Fund - Regular - Growth,118634,1092,93.43454340778129,156.80380530512815,221.74264370837818,312.25919945258534,516.6400493075079,134.6683
Nippon India Small Cap Fund - Regular - Growth,118634,1093,93.63190602938029,156.8665249500154,221.67245657732275,312.55861738463614,518.0090052905567,134.6683
Nippon India Small Cap Fund - Regular - Growth,118634,1094,93.59715933429152,156.67938305008374,222.46115881584137,311.92915552328293,517.0359176991736,134.6683
Nippon India Small Cap Fund - Regular - Growth,118634,1095,93.71424032821467,156.46853288042172,222.5118805370384,312.4690524986876,519.6352065864346,134.6683
Nippon India Small Cap Fund - Regular - Growth,118634,1096,93.57627864423925,156.5602983880605,222.31746342157987,311.9394874330888,521.0505757672104,134.6683
Nippon India Small Cap Fund - Regular - Growth,118634,1097,93.5882868252541,156.48547525340496,222.6028016900629,312.315650431343,519.6054490525621,134.6683
Nippon India Small Cap Fund - Regular - Growth,118634,1098,93.57899606430937,156.62452567370465,222.23455430189347,312.82941526350584,521.2470544303543,134.6683
Nippon India Small Cap Fund - Regular - Growth,118634,1099,93.53095780312964,156.83124083325995,222.62703069849312,313.03792481296637,521.5214522259389,134.6683
Nippon India Small Cap Fund - Regular - Growth,118634,1100,93.24594016025875,156.7662311394052,222.66706760621094,313.53212033761974,524.1630386805105,134.6683
Nippon India Small Cap Fund - Regular - Growth,118634,1101,93.4197546341005,157.32750478905936,222.40390158818272,313.5442569465522,522.9459216572451,134.6683
Nippon India Small Cap Fund - Regular - Growth,118634,1102,93.66966936265172,157.067508271667,222.58820426107437,313.54277049139114,522.9218042600507,134.6683
Nippon India Small Cap Fund - Regular - Growth,118634,1103,93.8697096483011,157.01130856588733,222.64854355620224,313.96230890089066,521.9983650768944,134.6683
Nippon India Small Cap Fund - Regular - Growth,118634,1104,93.551933309741,156.98723380319234,222.4096656199684,314.1402224269867,522.6241253594782,134.6683
Nippon India Small Cap Fund - Regular - Growth,118634,1105,93.23952070415577,156.8242368412749,223.22292032116843,314.3878611056897,522.957169759119,134.6683
Nippon India Small Cap Fund - Regular - Growth,118634,1106,93.57604417687217,156.84829063165887,222.86464992036628,315.0187651526051,523.8943467813117,134.6683
Nippon India Small Cap Fund - Regular - Growth,118634,1107,93.63731787829394,156.80079745061107,222.69985874568363,314.92024082827965,523.3545747537008,134.6683
Nippon India Small Cap Fund - Regular - Growth,118634,1108,93.80202374647853,157.01023489124307,222.7323390780486,314.80824385933903,524.9270084605155,134.6683
Nippon India Small Cap Fund - Regular - Growth,118634,1109,94.00471458245295,157.0027494234121,222.8735965732406,315.4174753501859,527.3377612778992,134.6683
Nippon India Small Cap Fund - Regular - Growth,118634,1110,93.87620094347471,157.22024930211924,222.6327230542714,315.4315437254367,527.4006729381426,134.6683
Nippon India Small Cap Fund - Regular - Growth,118634,1111,94.1360064770404,157.2089198792713,222.79550266106938,315.94774567560603,525.371979656092,134.6683
Nippon India Small Cap Fund - Regular - Growth,118634,1112,94.14404592901506,157.41276348994495,222.94708072628197,316.2133184132838,526.0014966830794,134.6683
Nippon India Small Cap Fund - Regular - Growth,118634,1113,94.15135410828653,157.43938097803525,223.39264664020448,316.09796171022987,526.197124474302,134.6683
Nippon India Small Cap Fund - Regular - Growth,118634,1114,94.70040074943368,157.62267778632864,223.30736159157863,315.9349648783015,527.306902912525,134.6683
Nippon India Small Cap Fund - Regular - Growth,118634,1115,94.49609191155153,157.68262955893064,223.53297309279927,316.2164636307622,526.428650948565,134.6683
Nippon India Small Cap Fund - Regular - Growth,118634,1116,94.45180331582343,157.37493811590963,223.6068927045354,315.7649645736151,526.8053216802629,134.6683
Nippon India Small Cap Fund - Regular - Growth,118634,1117,94.60063712054074,157.47252495681178,223.51754685847652,316.94569302932695,528.5168726567025,134.6683
Nippon India Small Cap Fund - Regular - Growth,118634,1118,94.43075456053542,157.85181729297884,224.0912149313898,316.9183698089423,528.4728914333003,134.6683
Nippon India Small Cap Fund - Regular - Growth,118634,1119,94.67922873855827,158.01474273588067,224.15545268913667,317.20998894819434,528.5486497951273,134.6683
Nippon India Small Cap Fund - Regular - Growth,118634,1120,94.39790322582724,157.88705729691145,224.0170681487454,317.65195324989617,529.1113705875335,134.6683
Nippon India Small Cap Fund - Regular - Growth,118634,1121,94.47726988949918,158.34061394159312,224.2103264541803,318.0106711110693,529.1217695245572,134.6683
Nippon India Small Cap Fund - Regular - Growth,118634,1122,94.44113438708025,157.79673859008128,223.92683805866443,318.0307501287246,531.2513036922005,134.6683
Nippon India Small Cap Fund - Regular - Growth,118634,1123,94.86099615924988,157.57993051414408,224.53089557315192,318.6730940527893,529.1811422774092,134.6683
Nippon India Small Cap Fund - Regular - Growth,118634,1124,94.75615906679923,157.9345497144446,224.18395686885566,319.24066138376844,531.0031093075098,134.6683
Nippon India Small Cap Fund - Regular - Growth,118634,1125,94.21654535558277,157.61264746531924,224.24768329346568,319.10470842938537,531.3646536225463,134.6683
Nippon India Small Cap Fund - Regular - Growth,118634,1126,94.17189218055007,157.914263247892,224.52832140670972,319.39837047921026,530.0653905318866,134.6683
Nippon India Small Cap Fund - Regular - Growth,118634,1127,94.60786402402255,157.6578059701285,224.42887074776712,319.1883251034974,534.855141478339,134.6683
Nippon India Small Cap Fund - Regular - Growth,118634,1128,94.22346876387961,157.7842879753885,225.2184947451292,319.4998536079514,536.9105630866061,134.6683
Nippon India Small Cap Fund - Regular - Growth,118634,1129,94.46728364477384,157.99255465052244,225.19010916901345,318.7913719759274,536.730084722218,134.6683
Nippon India Small Cap Fund - Regular - Growth,118634,1130,94.89309457251473,157.88912823672604,224.93732939819702,320.04380046491406,536.1297334965845,134.6683
Nippon India Small Cap Fund - Regular - Growth,118634,1131,94.2279404560363,157.86199857791692,224.92924025361754,320.8711008786548,535.60844813395,134.6683
Nippon India Small Cap Fund - Regular - Growth,118634,1132,94.48739232540278,158.04525917219593,225.23402140958828,320.8844140038943,538.7896328680546,134.6683
Nippon India Small Cap Fund - Regular - Growth,118634,1133,94.43383420518278,157.7075101523179,225.74496927067983,320.6615999025297,537.0787674139872,134.6683
Nippon India Small Cap Fund - Regular - Growth,118634,1134,94.65806593593848,158.15335129872742,226.06330531773528,319.937890282133,534.4398085404298,134.6683
Nippon India Small Cap Fund - Regular - Growth,118634,1135,94.64738867140248,157.70365333753773,226.21645789112347,319.892917161108,537.7966173456847,134.6683
Nippon India Small Cap Fund - Regular - Growth,118634,1136,94.81239622139401,157.88502677933366,225.99815603171254,320.6634480934581,537.5580730755954,134.6683
Nippon India Small Cap Fund - Regular - Growth,118634,1137,94.62086926742647,157.8487969594473,225.83599292121863,320.7176340450515,538.3810126614227,134.6683
Nippon India Small Cap Fund - Regular - Growth,118634,1138,94.47952851640315,158.21651167253532,226.19656498162436,321.3861673770135,537.999407102584,134.6683
Nippon India Small Cap Fund - Regular - Growth,118634,1139,94.41629828399313,158.09521740866728,226.4512560066262,321.42427094476545,539.1049801379173,134.6683
Nippon India Small Cap Fund - Regular - Growth,118634,1140,94.39389555115561,158.58720340298905,225.8062506999298,321.64024969057573,538.508062689425,134.6683
Nippon India Small Cap Fund - Regular - Growth,118634,1141,94.66412712960633,158.39318730019406,226.11756979397987,322.6130296623098,536.6683907966147,134.6683
Nippon India Small Cap Fund - Regular - Growth,118634,1142,94.93194817782157,158.249680517009,226.24949650247822,322.38562547915853,537.5399324404298,134.6683
Nippon India Small Cap Fund - Regular - Growth,118634,1143,94.91412845556994,158.04923377604553,226.46341402163986,322.53883840763325,538.4008852137574,134.6683
Nippon India Small Cap Fund - Regular - Growth,118634,1144,95.29682228653492,158.43567789312766,227.282134764538,322.21398444317026,539.8900416091027,134.6683
Nippon India Small Cap Fund - Regular - Growth,118634,1145,94.96773499113759,158.63674360499874,226.9831427379167,322.3565571554184,537.6028297158568,134.6683
Nippon India Small Cap Fund - Regular - Growth,118634,1146,94.99187736405888,158.761209260253,226.75767697383716,322.851383164298,541.5171508387288,134.6683
Nippon India Small Cap Fund - Regular - Growth,118634,1147,94.89019722579539,158.45060900086912,226.9686545226018,322.6344523272131,540.8427230784752,134.6683
Nippon India Small Cap Fund - Regular - Growth,118634,1148,94.85014160528863,158.67556291276713,226.76316172397475,322.7196024673724,540.1648678400106,134.6683
Nippon India Small Cap Fund - Regular - Growth,118634,1149,94.47125421337144,158.79207323289558,226.9501678235022,323.0529198448503,540.3377570380069,134.6683
Nippon India Small Cap Fund - Regular - Growth,118634,1150,94.73719845678488,158.69163926282033,227.4360604814723,323.23496327386925,542.5658745017105,134.6683
Nippon India Small Cap Fund - Regular - Growth,118634,1151,94.86349935517327,159.1074546323185,227.3312151882578,323.61422593832987,542.6493690859805,134.6683
Nippon India Small Cap Fund - Regular - Growth,118634,1152,94.43639355513903,159.2716301515458,226.90168496974104,323.3773458179177,544.3303109566876,134.6683
Nippon India Small Cap Fund - Regular - Growth,118634,1153,94.78279691774621,159.29331598152143,227.6970774613743,323.36093066690296,548.0454780687471,134.6683
Nippon India Small Cap Fund - Regular - Growth,118634,1154,95.07415941404307,159.18182736127116,227.30608657075493,324.1235818100455,549.2899456393352,134.6683
Nippon India Small Cap Fund - Regular - Growth,118634,1155,94.77696163995908,158.94126419502948,227.86715192606755,325.030488017234,548.2098156518889,134.6683
Nippon India Small Cap Fund - Regular - Growth,118634,1156,94.76162822568735,159.17180257310085,227.71104872559167,324.98521381438354,547.5790078059733,134.6683
Nippon India Small Cap Fund - Regular - Growth,118634,1157,94.74555503963322,159.207101641897,228.22144651148244,325.1091813723103,546.7791971107947,134.6683
Nippon India Small Cap Fund - Regular - Growth,118634,1158,94.54911138084688,158.9551088078954,228.28637869525483,324.6187115607742,547.7863199287709,134.6683
Nippon India Small Cap Fund - Regular - Growth,118634,1159,94.76306428255303,159.11954077287564,228.3497050678602,324.9761467429526,546.5992310423048,134.6683
Nippon India Small Cap Fund - Regular - Growth,118634,1160,94.74358507509247,158.92586903067004,228.3890759750859,325.1168364640208,545.5491419699695,134.6683
Nippon India Small Cap Fund - Regular - Growth,118634,1161,94.80169320199217,158.83153583452759,227.9756874350888,325.36545905525213,545.6870374808781,134.6683
Nippon India Small Cap Fund - Regular - Growth,118634,1162,95.01075430435495,158.7912469272032,228.17768675562542,325.32444608313926,545.37514806307,134.6683
Nippon India Small Cap Fund - Regular - Growth,118634,1163,94.69897353340365,159.39827386984655,228.1461517541103,325.6630970633796,545.9549254192216,134.6683
Nippon India Small Cap Fund - Regular - Growth,118634,1164,94.65218188028686,159.1207106969724,228.43053947076777,326.5287442759724,546.7727823720945,134.6683
Nippon India Small Cap Fund - Regular - Growth,118634,1165,94.14785854593545,159.54590937324372,228.38901656790296,326.4560165465583,548.9914984474565,134.6683
Nippon India Small Cap Fund - Regular - Growth,118634,1166,93.92552081454838,159.6298013495568,229.07369111494847,326.990872600754,549.438982800183,134.6683
Nippon India Small Cap Fund - Regular - Growth,118634,1167,94.04294898271448,159.5773419802356,229.1082978528878,326.29206616680233,550.0766103634026,134.6683
Nippon India Small Cap Fund - Regular - Growth,118634,1168,94.26941053742887,160.3442306733073,228.8625714475494,326.9412850814367,551.4440743083758,134.6683
Nippon India Small Cap Fund - Regular - Growth,118634,1169,94.16363383803763,159.9219653161593,228.97433406017979,327.0070807935502,551.8471954200583,134.6683
Nippon India Small Cap Fund - Regular - Growth,118634,1170,94.2228665458533,159.95489481551095,229.00935373334977,326.9673006718666,553.4205423603639,134.6683
Nippon India Small Cap Fund - Regular - Growth,118634,1171,94.1765710324284,160.01799146469614,229.26632607492854,327.2298131589704,553.5136418080966,134.6683
Nippon India Small Cap Fund - Regular - Growth,118634,1172,94.30590307735969,160.40362953515287,229.57518744233693,326.93937931601624,553.1496609179102,134.6683
Nippon India Small Cap Fund - Regular - Growth,118634,1173,94.54184756715811,160.14142378681817,229.43643844350942,326.6712739387796,553.4796253837127,134.6683
Nippon India Small Cap Fund - Regular - Growth,118634,1174,94.25210746323012,160.13754134035997,229.6943570663242,326.9613596828412,554.9111412507693,134.6683
Nippon India Small Cap Fund - Regular - Growth,118634,1175,94.71012215021719,160.16717987006467,230.24234751775424,326.9611532412597,555.1991895301584,134.6683
Nippon India Small Cap Fund - Regular - Growth,118634,1176,94.57755822830916,160.31419985543673,230.44814916483827,327.19342570795095,556.890184843276,134.6683
Nippon India Small Cap Fund - Regular - Growth,118634,1177,94.66260459824183,160.35998585445375,230.35529892580678,327.424409380233,556.5998133170083,134.6683
Nippon India Small Cap Fund - Regular - Growth,118634,1178,94.61137397311907,160.50704737889464,230.24370509284643,328.432050955482,556.9596148362622,134.6683
Nippon India Small Cap Fund - Regular - Growth,118634,1179,94.63764418127634,160.6401692629483,230.11771637565454,328.3516903625376,557.8747614452609,134.6683
Nippon India Small Cap Fund - Regular - Growth,118634,1180,94.29713319161641,160.74548220720112,230.474624398095,328.0120830456745,557.4887143084012,134.6683
Nippon India Small Cap Fund - Regular - Growth,118634,1181,94.56550840160355,160.94907575130202,230.39319235349262,327.79931209025233,558.1669964572678,134.6683
Nippon India Small Cap Fund - Regular - Growth,118634,1182,94.52961975252612,160.6191754069823,230.35478283730956,328.5191301717895,556.9745740674659,134.6683
Nippon India Small Cap Fund - Regular - Growth,118634,1183,94.64885397661061,160.59608701524178,230.7527192900098,328.03436841789323,557.3104261140453,134.6683
Nippon India Small Cap Fund - Regular - Growth,118634,1184,94.78124264986285,160.59593616722321,231.42386373216294,328.68633165324763,557.5897875500199,134.6683
Nippon India Small Cap Fund - Regular - Growth,118634,1185,94.80435760056157,160.8897008321427,231.6573090977579,328.91729182276885,556.8639978350242,134.6683
Nippon India Small Cap Fund - Regular - Growth,118634,1186,94.80775392749509,160.45095402203725,231.2067945252683,329.183350858306,559.1418584932319,134.6683
Nippon India Small Cap Fund - Regular - Growth,118634,1187,94.96266389683014,160.60111135276242,231.67200517309786,329.7002924240536,559.8546611933002,134.6683
Nippon India Small Cap Fund - Regular - Growth,118634,1188,94.86183038724516,160.94148988949752,231.44140280079904,329.5633422918359,562.8669761002529,134.6683
Nippon India Small Cap Fund - Regular - Growth,118634,1189,95.05021209309358,160.99314787240837,231.3663540580368,329.1368969994446,562.0133186647587,134.6683
Nippon India Small Cap Fund - Regular - Growth,118634,1190,94.8658457175905,160.96183040570736,231.47836080011854,329.4905490935863,560.3536803272165,134.6683
Nippon India Small Cap Fund - Regular - Growth,118634,1191,95.0514655732458,160.69522217366023,231.29364673650878,329.66909411373285,561.1468719765847,134.6683
Nippon India Small Cap Fund - Regular - Growth,118634,1192,94.94059707982078,160.85109629445236,231.473467917591,329.7111967641377,564.2054322776773,134.6683
Nippon India Small Cap Fund - Regular - Growth,118634,1193,95.12051084375125,160.88065650378576,231.89573162080328,330.3082531104635,564.3186479472458,134.6683
Nippon India Small Cap Fund - Regular - Growth,118634,1194,95.08600732408847,161.176497137885,231.52888111681278,330.2262308174488,564.3927975435189,134.6683
Nippon India Small Cap Fund - Regular - Growth,118634,1195,94.94316882910493,161.0566440109077,231.95472836510737,330.08664210303095,564.086441886809,134.6683
Nippon India Small Cap Fund - Regular - Growth,118634,1196,95.24352314993715,161.13227959987742,232.22261406948843,331.2995996443171,564.8775273027894,134.6683
Nippon India Small Cap Fund - Regular - Growth,118634,1197,95.16044148245507,161.1192157496896,232.77917614577035,331.0827401012284,565.8735252706059,134.6683
Nippon India Small Cap Fund - Regular - Growth,118634,1198,95.36435695463695,161.51588018622743,232.98888260540528,330.8645214819396,566.7594634678295,134.6683
Nippon India Small Cap Fund - Regular - Growth,118634,1199,95.55792085231838,161.6036459686936,232.3619625759701,331.44057827789976,567.9285357551495,134.6683
Nippon India Small Cap Fund - Regular - Growth,118634,1200,95.25143585212555,161.90166575202068,232.49264826163267,332.24626584052544,569.8692834943588,134.6683
Nippon India Small Cap Fund - Regular - Growth,118634,1201,95.37847909310693,161.72909437470494,232.92415037308996,332.0839721919202,569.2037070295364,134.6683
Nippon India Small Cap Fund - Regular - Growth,118634,1202,95.15050378855592,161.59597300809753,232.7450881974442,332.45146058335934,570.6973431484249,134.6683
Nippon India Small Cap Fund - Regular - Growth,118634,1203,95.38962184088786,161.63125156557263,232.73741170838616,333.0770222166785,570.2452065645355,134.6683
Nippon India Small Cap Fund - Regular - Growth,118634,1204,95.30767736617688,161.65761638582168,232.8741107641396,333.3649425092051,568.4838341076089,134.6683
Nippon India Small Cap Fund - Regular - Growth,118634,1205,95.65234266980225,161.70052559044723,233.09175817676208,333.69396839658367,570.5631154307214,134.6683
Nippon India Small Cap Fund - Regular - Growth,118634,1206,95.292718287212,161.4812267478027,233.23011182351365,333.9391900827868,569.9526921055322,134.6683
Nippon India Small Cap Fund - Regular - Growth,118634,1207,95.14969701213607,161.7937413300532,233.51472141463177,334.352708003823,571.5911314464989,134.6683
Nippon India Small Cap Fund - Regular - Growth,118634,1208,95.27321445041416,161.83216501101936,233.69492458658806,334.7859462942954,572.5046897230338,134.6683
Nippon India Small Cap Fund - Regular - Growth,118634,1209,95.07797861316494,161.56242246739885,233.52542940078075,335.50740475535616,573.8459191217988,134.6683
Nippon India Small Cap Fund - Regular - Growth,118634,1210,95.20840360620022,161.553049271349,233.4403158395045,335.4447095819966,573.9595536909262,134.6683
Nippon India Small Cap Fund - Regular - Growth,118634,1211,95.38969248127302,162.17395372557934,233.19203836707257,335.87602485166036,575.1759019277304,134.6683
Nippon India Small Cap Fund - Regular - Growth,118634,1212,95.23495707489525,162.48534155898008,233.31357918061428,335.7195804867314,573.5401794450655,134.6683
Nippon India Small Cap Fund - Regular - Growth,118634,1213,95.55275933621542,162.1816020411473,233.20064624924356,336.65284079627656,573.7676223478369,134.6683
Nippon India Small Cap Fund - Regular - Growth,118634,1214,95.5266810538778,162.37413859276785,233.23341799755707,336.1457997721736,575.3470222980912,134.6683
Nippon India Small Cap Fund - Regular - Growth,118634,1215,95.36705414251553,162.27992574948945,233.45909034688475,336.584163731633,576.1704402101101,134.6683
Nippon India Small Cap Fund - Regular - Growth,118634,1216,95.42352774677326,162.46485917428618,233.2648669500381,336.66632788589965,576.4762303862506,134.6683
Nippon India Small Cap Fund - Regular - Growth,118634,1217,95.45910426018105,162.5167571986101,233.56394671161522,336.0836184586233,576.8918011273695,134.6683
Nippon India Small Cap Fund - Regular - Growth,118634,1218,95.23832394843744,162.55843490424408,233.3999819775973,336.22966430895735,576.9776761771989,134.6683
Nippon India Small Cap Fund - Regular - Growth,118634,1219,95.80735599150685,162.4332017184181,233.72112482408656,336.82217252747756,579.709802109256,134.6683
Nippon India Small Cap Fund - Regular - Growth,118634,1220,95.60019445539396,162.1714394546919,233.58789400553712,337.0529656121252,581.5626903116375,134.6683
Nippon India Small Cap Fund - Regular - Growth,118634,1221,95.421766436456,162.5115845432526,234.02100831706446,336.9649023463088,579.2476159625229,134.6683
Nippon India Small Cap Fund - Regular - Growth,118634,1222,95.9380199827605,162.3011111513206,234.32902602879454,337.46802763557906,581.8228639923059,134.6683
Nippon India Small Cap Fund - Regular - Growth,118634,1223,95.77842333422453,162.23967865724669,234.9525345754602,337.9838462409301,582.7109320750882,134.6683
Nippon India Small Cap Fund - Regular - Growth,118634,1224,95.89402257182415,162.1176848189097,234.85495656626523,338.05677293260663,582.9574360771718,134.6683
Nippon India Small Cap Fund - Regular - Growth,118634,1225,95.87028463763073,162.4973617297386,234.43620366101408,337.99504764457186,583.8650397612204,134.6683
Nippon India Small Cap Fund - Regular - Growth,118634,1226,95.79241812528022,162.5780290377978,234.69180553550478,338.5828252743029,583.9567745970261,134.6683
Nippon India Small Cap Fund - Regular - Growth,118634,1227,95.61703583643327,162.39499462356778,235.49029099351344,339.6004653011238,583.8578461234005,134.6683
Nippon India Small Cap Fund - Regular - Growth,118634,1228,96.33830055946191,162.35228954052033,235.59291236355523,339.4339267626682,584.2373779394569,134.6683
Nippon India Small Cap Fund - Regular - Growth,118634,1229,96.0327075502329,162.41553571095812,235.72078944881576,339.9535780457648,583.7721300050846,134.6683
Nippon India Small Cap Fund - Regular - Growth,118634,1230,96.18810593357259,162.71254804279894,235.82326908777225,340.30545910180814,586.7520013582476,134.6683
Nippon India Small Cap Fund - Regular - Growth,118634,1231,96.32082095211257,162.66788108972,236.12144549928198,340.4775985448027,587.2441637397486,134.6683
Nippon India Small Cap Fund - Regular - Growth,118634,1232,96.41918047425038,162.64963824867863,236.07768444563453,339.82704542001284,586.1682438580276,134.6683
Nippon India Small Cap Fund - Regular - Growth,118634,1233,96.3146014565452,162.86076300608764,235.9023379593964,340.03111562839916,587.6914754050924,134.6683
Nippon India Small Cap Fund - Regular - Growth,118634,1234,96.66112094679444,162.83325736734795,235.89751245983325,340.2987092131279,589.1716865978563,134.6683
Nippon India Small Cap Fund - Regular - Growth,118634,1235,96.52879286041313,163.16449889378384,236.08593206496852,340.0599201066891,588.1277704194715,134.6683
Nippon India Small Cap Fund - Regular - Growth,118634,1236,96.64170956369541,163.3763317937293,236.5576097672688,340.66137117307926,588.8119581773622,134.6683
Nippon India Small Cap Fund - Regular - Growth,118634,1237,96.25349317907336,163.4095431884021,236.13924442579358,341.5181601381686,590.0951559819482,134.6683
Nippon India Small Cap Fund - Regular - Growth,118634,1238,96.04671055022747,163.03047680876688,235.76095272790374,341.24280941327595,588.6010652403553,134.6683
Nippon India Small Cap Fund - Regular - Growth,118634,1239,95.98115280468902,163.12494141839525,236.43921185020423,341.4740467800083,588.7756607977533,134.6683
Nippon India Small Cap Fund - Regular - Growth,118634,1240,95.96895262291049,162.92980517352305,236.54884301396382,342.636213869736,588.4997470010214,134.6683
Nippon India Small Cap Fund - Regular - Growth,118634,1241,96.35527194808435,162.96566188201783,236.5820046772526,343.36702782275427,590.2888602344317,134.6683
Nippon India Small Cap Fund - Regular - Growth,118634,1242,96.25791868379385,162.95896685893163,236.21176972779944,343.007988520602,590.9018707467451,134.6683
Nippon India Small Cap Fund - Regular - Growth,118634,1243,96.08626118484379,163.08847030932372,236.43365307267516,343.3612408912394,591.4189232963707,134.6683
Nippon India Small Cap Fund - Regular - Growth,118634,1244,95.94531108713763,162.92304146992137,236.08688035548556,343.52499371485953,592.1894277765148,134.6683
Nippon India Small Cap Fund - Regular - Growth,118634,1245,96.05943160329667,163.26501715558575,236.42179796763025,344.1702463616312,591.6794611948505,134.6683
Nippon India Small Cap Fund - Regular - Growth,118634,1246,96.12695697757015,163.1234480128855,236.6018027699991,343.9290025752572,590.979337618194,134.6683
Nippon India Small Cap Fund - Regular - Growth,118634,1247,96.37150243184026,163.38260664777113,236.9604506662801,343.6488205965483,595.0917657246531,134.6683
Nippon India Small Cap Fund - Regular - Growth,118634,1248,96.09682908626161,163.4058022096176,236.94652863895823,343.87960077534115,594.3752436573212,134.6683
Nippon India Small Cap Fund - Regular - Growth,118634,1249,96.26486027967388,163.70662444603107,237.0452609731138,343.7477765967996,593.957882961314,134.6683
Nippon India Small Cap Fund - Regular - Growth,118634,1250,96.05204479333949,163.6453647195471,236.94949142637887,343.7575604556212,594.1247676605767,134.6683
Nippon India Small Cap Fund - Regular - Growth,118634,1251,95.94002144336584,163.9577312112322,237.086583635266,343.28910795200926,596.484220383389,134.6683
Nippon India Small Cap Fund - Regular - Growth,118634,1252,96.30460621624105,163.7497458996518,237.60080155709852,344.30963639138406,597.4639162999667,134.6683
Nippon India Small Cap Fund - Regular - Growth,118634,1253,95.95587751032265,164.00559398755172,238.0566178624602,343.6267723696954,596.480633679283,134.6683
Nippon India Small Cap Fund - Regular - Growth,118634,1254,95.4977286029437,164.71442805024887,237.62633898888618,344.06341310177476,599.0181546503591,134.6683
Nippon India Small Cap Fund - Regular - Growth,118634,1255,95.6189725156559,164.7578234276191,238.21465585009472,344.212016429464,596.2440591231382,134.6683
Nippon India Small Cap Fund - Regular - Growth,118634,1256,95.6284950293773,164.6008215437845,238.16078249340674,343.78275302555926,597.7570681295994,134.6683
Nippon India Small Cap Fund - Regular - Growth,118634,1257,95.94989303474605,164.79254888424407,237.84409095895393,345.15744992164383,597.258401504558,134.6683
Nippon India Small Cap Fund - Regular - Growth,118634,1258,96.11773091297077,164.55644766399325,238.54904124710646,345.2043552933591,598.3063984206786,134.6683
Nippon India Small Cap Fund - Regular - Growth,118634,1259,96.02283294524732,164.5342790766416,238.7185340726825,345.2601773088636,598.9620257696295,134.6683
Nippon India Small Cap Fund - Regular - Growth,118634,1260,95.63850507092782,164.63419280589682,238.66219377292543,345.25695501251704,600.4989508177182,134.6683
SBI Small Cap Fund - Direct Plan - Growth,119599,0,105.4849,105.4849,105.4849,105.4849,105.4849,105.4849
SBI Small Cap Fund - Direct Plan - Growth,119599,1,102.71613420094724,104.35916534471298,105.45813739703347,106.58119321347496,108.19054842502808,105.4849
SBI Small Cap Fund - Direct Plan - Growth,119599,2,101.58943489761216,103.83818579618968,105.45384368179226,107.02737996696649,109.31691824049176,105.4849
SBI Small Cap Fund - Direct Plan - Growth,119599,3,100.65475965072844,103.5362614470143,105.42343129458251,107.41560003177614,110.30695614766654,105.4849
SBI Small Cap Fund - Direct Plan - Growth,119599,4,100.05548979392314,103.2653250263277,105.4269042401366,107.67990474061334,111.09424180031027,105.4849
SBI Small Cap Fund - Direct Plan - Growth,119599,5,99.3393450599442,102.96091462782574,105.42466009512648,108.00614805901075,111.82550118542977,105.4849
SBI Small Cap Fund - Direct Plan - Growth,119599,6,98.88724359508339,102.67078553847075,105.4146324971766,108.17751056204416,112.43509265984441,105.4849
SBI Small Cap Fund - Direct Plan - Growth,119599,7,98.41071010261918,102.48633366016148,105.42548468610195,108.41952591934049,113.03561985256685,105.4849
SBI Small Cap Fund - Direct Plan - Growth,119599,8,98.00650984088597,102.26596165940599,105.3618021814915,108.60647276891021,113.54303005030866,105.4849
SBI Small Cap Fund - Direct Plan - Growth,119599,9,97.56081049083252,102.12284239521958,105.33705972313984,108.86568140795166,113.93949264623667,105.4849
SBI Small Cap Fund - Direct Plan - Growth,119599,10,97.04504536877204,101.92920189950125,105.38983450825529,108.97771437043073,114.36717455934463,105.4849
SBI Small Cap Fund - Direct Plan - Growth,119599,11,96.81946084258846,101.67866116112762,105.42094082341913,109.18804315624283,114.92341570402986,105.4849
SBI Small Cap Fund - Direct Plan - Growth,119599,12,96.45128871728063,101.54119856682394,105.34149091659668,109.34714830675637,115.36677686461437,105.4849
SBI Small Cap Fund - Direct Plan - Growth,119599,13,96.09437607203701,101.32257099402491,105.40664179846954,109.49592410000126,115.78392833012919,105.4849
SBI Small Cap Fund - Direct Plan - Growth,119599,14,95.74008917918808,101.17251596061266,105.36609802183631,109.67704540754295,116.08257194441565,105.4849
SBI Small Cap Fund - Direct Plan - Growth,119599,15,95.42164939184237,101.02761524876718,105.384388016631,109.76820978864494,116.56759757337814,105.4849
SBI Small Cap Fund - Direct Plan - Growth,119599,16,95.16965448732051,100.9585614453298,105.45204475447005,109.96946217982224,116.82817832840482,105.4849
SBI Small Cap Fund - Direct Plan - Growth,119599,17,94.79331338258298,100.78656648378552,105.41571011227772,110.04633560660821,117.21534303885844,105.4849
SBI Small Cap Fund - Direct Plan - Growth,119599,18,94.74084368667674,100.60567051856495,105.42398934429079,110.23072340456127,117.53557846679605,105.4849
SBI Small Cap Fund - Direct Plan - Growth,119599,19,94.33723644686357,100.60416777399107,105.43017938046214,110.38331018350428,118.05478734041253,105.4849
SBI Small Cap Fund - Direct Plan - Growth,119599,20,94.02449970634665,100.3927889033785,105.43916292127963,110.44827332272436,118.28605593419539,105.4849
SBI Small Cap Fund - Direct Plan - Growth,119599,21,93.767282658003,100.28168785075383,105.43108822952922,110.62766208553795,118.67327682614416,105.4849
SBI Small Cap Fund - Direct Plan - Growth,119599,22,93.51452945118922,100.13256262496701,105.35576244988556,110.76450849582876,118.95154139990396,105.4849
SBI Small Cap Fund - Direct Plan - Growth,119599,23,93.06520273400132,100.1509621929291,105.29949248824724,110.94051811945327,119.48752710334526,105.4849
SBI Small Cap Fund - Direct Plan - Growth,119599,24,92.75101798744457,100.05252916262035,105.28552659887549,111.12645299308788,119.80163761229673,105.4849
SBI Small Cap Fund - Direct Plan - Growth,119599,25,92.5193123971442,99.94227777910069,105.26484481682445,111.23974176452836,120.06003705524721,105.4849
SBI Small Cap Fund - Direct Plan - Growth,119599,26,92.33511644220754,99.84788827686876,105.24961296232757,111.24157760148725,120.36742156913785,105.4849
SBI Small Cap Fund - Direct Plan - Growth,119599,27,92.09994609547547,99.79067844140437,105.25201395158766,111.40837870936198,120.69014813938954,105.4849
SBI Small Cap Fund - Direct Plan - Growth,119599,28,91.8602762619242,99.656545645841,105.23123993143103,111.479902483507,120.82757169462505,105.4849
SBI Small Cap Fund - Direct Plan - Growth,119599,29,91.61299689528693,99.49015711947979,105.25064504547545,111.62393159052932,121.07245849780249,105.4849
SBI Small Cap Fund - Direct Plan - Growth,119599,30,91.28764888121262,99.38373122947971,105.2180811049202,111.76846353728519,121.38521594507397,105.4849
SBI Small Cap Fund - Direct Plan - Growth,119599,31,91.3539465358476,99.3370563138769,105.26192608623526,111.6961778334805,121.68033826051555,105.4849
SBI Small Cap Fund - Direct Plan - Growth,119599,32,91.08248568068832,99.1572368156795,105.30340504033393,111.7841123391418,121.9966811779941,105.4849
SBI Small Cap Fund - Direct Plan - Growth,119599,33,90.87872191387955,99.1279820988698,105.29519516930435,111.9421451058022,122.21051039404013,105.4849
SBI Small Cap Fund - Direct Plan - Growth,119599,34,90.59013009125312,99.06335471669257,105.36206675914698,112.08115402521489,122.49519414992923,105.4849
SBI Small Cap Fund - Direct Plan - Growth,119599,35,90.57323384155613,99.0049395769264,105.34655237930654,112.26340031453051,122.56737898677486,105.4849
SBI Small Cap Fund - Direct Plan - Growth,119599,36,90.27416136112214,98.96778510905872,105.33994140920515,112.36398132530499,122.99758339515046,105.4849
SBI Small Cap Fund - Direct Plan - Growth,119599,37,90.0553219089068,98.74659867326994,105.35580986184571,112.43057421830213,123.11194211981797,105.4849
SBI Small Cap Fund - Direct Plan - Growth,119599,38,89.80822787405155,98.69475496001537,105.35044915002891,112.60907663499275,123.46850768800489,105.4849
SBI Small Cap Fund - Direct Plan - Growth,119599,39,89.50178937003835,98.76809298927766,105.40171112165976,112.68003772260964,123.82868499906733,105.4849
SBI Small Cap Fund - Direct Plan - Growth,119599,40,89.32663276190145,98.67251179754125,105.38665352847174,112.74149913903366,124.16797068853273,105.4849
SBI Small Cap Fund - Direct Plan - Growth,119599,41,89.24978036242295,98.46140774057908,105.4757748422185,112.69473977676054,124.35934967511169,105.4849
SBI Small Cap Fund - Direct Plan - Growth,119599,42,89.00134640936234,98.40722399420153,105.44374576166823,112.77334966000974,124.45665592618055,105.4849
SBI Small Cap Fund - Direct Plan - Growth,119599,43,88.86009693991993,98.28880159886258,105.4354579244355,112.9900806132647,124.7212787136297,105.4849
SBI Small Cap Fund - Direct Plan - Growth,119599,44,88.74720253260165,98.13033290921362,105.49633416131483,112.92257621681911,124.98489063634047,105.4849
SBI Small Cap Fund - Direct Plan - Growth,119599,45,88.61106264156616,98.12319154664232,105.4383967331775,113.0249683917113,125.13530870987866,105.4849
SBI Small Cap Fund - Direct Plan - Growth,119599,46,88.32854580636847,98.01401567232259,105.35735003996763,113.07698179651783,125.15660377088135,105.4849
SBI Small Cap Fund - Direct Plan - Growth,119599,47,88.23162090659943,97.91417061360985,105.40075047209587,113.13797530783215,125.43259635494255,105.4849
SBI Small Cap Fund - Direct Plan - Growth,119599,48,87.98012812953961,97.85544850204836,105.32596803884958,113.23367912682387,125.74414330904474,105.4849
SBI Small Cap Fund - Direct Plan - Growth,119599,49,87.93581699355805,97.63342954367681,105.32886503843014,113.23199987136583,126.01911724377511,105.4849
SBI Small Cap Fund - Direct Plan - Growth,119599,50,87.72449492909128,97.60962125509518,105.29537277281997,113.40079296291631,126.04562687225337,105.4849
SBI Small Cap Fund - Direct Plan - Growth,119599,51,87.49818765381026,97.51141797248341,105.23151662978057,113.51008886004806,126.24246293404047,105.4849
SBI Small Cap Fund - Direct Plan - Growth,119599,52,87.36885365404508,97.48083024100279,105.25563675167406,113.62665939808903,126.57766966458088,105.4849
SBI Small Cap Fund - Direct Plan - Growth,119599,53,87.35205439900149,97.39325746404904,105.3014433643693,113.77204916632279,126.62735595412285,105.4849
SBI Small Cap Fund - Direct Plan - Growth,119599,54,87.0474373881525,97.25638723605731,105.27774300468295,113.77409796222143,126.95204950014774,105.4849
SBI Small Cap Fund - Direct Plan - Growth,119599,55,86.85996954918379,97.09427104590563,105.25538047039842,113.90503363392578,126.970730225139,105.4849
SBI Small Cap Fund - Direct Plan - Growth,119599,56,86.8715710580766,97.09152742600517,105.27996021592598,113.9574570965915,126.99323867051372,105.4849
SBI Small Cap Fund - Direct Plan - Growth,119599,57,86.62898477464717,96.99138681662699,105.36830976047968,114.11737397852427,127.3415306337275,105.4849
SBI Small Cap Fund - Direct Plan - Growth,119599,58,86.42976723021484,97.02027810622245,105.26480070982379,114.21195520341746,127.7226838784262,105.4849
SBI Small Cap Fund - Direct Plan - Growth,119599,59,86.35700363560937,96.8238137712223,105.29492266666858,114.19466767254745,127.7254742390043,105.4849
SBI Small Cap Fund - Direct Plan - Growth,119599,60,86.2273819068359,96.74471495057225,105.28836382287676,114.16534656463969,127.76427643839803,105.4849
SBI Small Cap Fund - Direct Plan - Growth,119599,61,86.14968901305049,96.72787872812499,105.31617902964327,114.30154550133854,128.30600656008878,105.4849
SBI Small Cap Fund - Direct Plan - Growth,119599,62,86.03382646951871,96.66092339714865,105.2934043043205,114.30558635093462,128.81515151804368,105.4849
SBI Small Cap Fund - Direct Plan - Growth,119599,63,85.86522763871281,96.64789434741411,105.30470895427028,114.41249783058865,128.94786557768774,105.4849
SBI Small Cap Fund - Direct Plan - Growth,119599,64,85.56464091805299,96.56949593848125,105.31614449037377,114.48818756210378,129.18556895488751,105.4849
SBI Small Cap Fund - Direct Plan - Growth,119599,65,85.37758952030958,96.50682589202104,105.31670238823651,114.51670915382913,129.17849174672386,105.4849
SBI Small Cap Fund - Direct Plan - Growth,119599,66,85.1501659749086,96.48075627549318,105.30181233193365,114.57582015131408,129.4088520756467,105.4849
SBI Small Cap Fund - Direct Plan - Growth,119599,67,85.09331104849721,96.4296008915492,105.20098038264257,114.70324102879903,129.49986058917972,105.4849
SBI Small Cap Fund - Direct Plan - Growth,119599,68,84.83552173999293,96.32028788186061,105.17329604158468,114.88188536331475,129.82809848799994,105.4849
SBI Small Cap Fund - Direct Plan - Growth,119599,69,84.713131039227,96.29026048504919,105.18194461266927,114.8871489088798,130.20904814750196,105.4849
SBI Small Cap Fund - Direct Plan - Growth,119599,70,84.5733063611128,96.21597492591444,105.01750465944332,115.06517098499815,130.5650929052728,105.4849
SBI Small Cap Fund - Direct Plan - Growth,119599,71,84.44084946308342,96.06915943686232,105.13373047632795,115.07229121160769,130.84911925614347,105.4849
SBI Small Cap Fund - Direct Plan - Growth,119599,72,84.41835080181355,96.05087720511398,104.99559551607388,115.17837789646558,131.20611706460906,105.4849
SBI Small Cap Fund - Direct Plan - Growth,119599,73,84.36569259119008,96.14182994528201,104.92754785153623,115.14952131334391,131.06442382810607,105.4849
SBI Small Cap Fund - Direct Plan - Growth,119599,74,84.03504301083193,96.04086918861442,105.02628830598641,115.15115250217161,131.50428263744874,105.4849
SBI Small Cap Fund - Direct Plan - Growth,119599,75,84.05171000906563,95.83422474364195,105.0786999990302,115.20296710660313,131.93361371368368,105.4849
SBI Small Cap Fund - Direct Plan - Growth,119599,76,84.03048925463763,95.65239402509434,105.00074894828903,115.24152423344992,132.08549287388075,105.4849
SBI Small Cap Fund - Direct Plan - Growth,119599,77,83.85697084644954,95.64903905481187,104.95975997712492,115.288630697343,132.0022199388087,105.4849
SBI Small Cap Fund - Direct Plan - Growth,119599,78,83.70630828867743,95.48417207889301,105.0327492100648,115.56707856299164,132.1852971598818,105.4849
SBI Small Cap Fund - Direct Plan - Growth,119599,79,83.4835186256434,95.49229325305495,105.05719239502693,115.51204548585365,132.68512309403042,105.4849
SBI Small Cap Fund - Direct Plan - Growth,119599,80,83.55910588239554,95.29752114305022,105.01670471512448,115.71807411832802,132.7505802375434,105.4849
SBI Small Cap Fund - Direct Plan - Growth,119599,81,83.37914923224629,95.3137072894255,105.0847907468293,115.73484160203941,132.85608351184467,105.4849
SBI Small Cap Fund - Direct Plan - Growth,119599,82,83.16506383785736,95.15588666830384,105.02665544486604,115.92721265762009,133.13019343983603,105.4849
SBI Small Cap Fund - Direct Plan - Growth,119599,83,83.06655349337359,95.05478043335007,105.02730580196308,115.91981851759927,133.43053096479454,105.4849
SBI Small Cap Fund - Direct Plan - Growth,119599,84,83.0200896536336,94.87779020248195,104.84818817208362,116.08100252195734,133.75443738493584,105.4849
SBI Small Cap Fund - Direct Plan - Growth,119599,85,82.79287034894234,94.81714668855204,104.98337155344689,116.08517814519372,133.85308713461026,105.4849
SBI Small Cap Fund - Direct Plan - Growth,119599,86,82.67577342633261,94.89176894361373,104.90592066476043,116.08123955137128,134.08146235296357,105.4849
SBI Small Cap Fund - Direct Plan - Growth,119599,87,82.68110831384385,94.74089907842635,104.81866856790262,116.22147214049203,133.98896220398427,105.4849
SBI Small Cap Fund - Direct Plan - Growth,119599,88,82.54813107109364,94.73726047139921,104.84827147170972,116.2348391284329,134.2332197870113,105.4849
SBI Small Cap Fund - Direct Plan - Growth,119599,89,82.30062246045006,94.66803019746159,104.79758037474953,116.25018805163754,134.43747619400165,105.4849
SBI Small Cap Fund - Direct Plan - Growth,119599,90,82.25636392972821,94.68591980024941,104.89754200564582,116.32199417182241,134.6995793854535,105.4849
SBI Small Cap Fund - Direct Plan - Growth,119599,91,82.15974136542272,94.69184905235815,104.77504650141458,116.43383410300436,134.8176060954375,105.4849
SBI Small Cap Fund - Direct Plan - Growth,119599,92,81.97589531221979,94.545833003127,104.7657766455541,116.48457584701137,135.0038083406011,105.4849
SBI Small Cap Fund - Direct Plan - Growth,119599,93,81.89372482525555,94.57112639139032,104.74389559480414,116.69241432744687,135.3052577962968,105.4849
SBI Small Cap Fund - Direct Plan - Growth,119599,94,81.83520502671247,94.30418554288161,104.82739819351902,116.67801296776817,135.45222996986132,105.4849
SBI Small Cap Fund - Direct Plan - Growth,119599,95,82.00948044687306,94.27056054686913,104.615116210184,116.72107278562567,135.5086981235126,105.4849
SBI Small Cap Fund - Direct Plan - Growth,119599,96,81.80514231562019,94.2976640277064,104.69025077224114,116.78354748953824,135.5256376455483,105.4849
SBI Small Cap Fund - Direct Plan - Growth,119599,97,81.67066760059733,94.24828339572925,104.63503791099974,116.85543359663112,135.76521158857182,105.4849
SBI Small Cap Fund - Direct Plan - Growth,119599,98,81.59910781028536,94.18738882250997,104.70115690735105,116.93423629920548,136.06153592387344,105.4849
SBI Small Cap Fund - Direct Plan - Growth,119599,99,81.35533424287469,94.16084543658184,104.63016589650076,116.90129295875275,136.1054056165211,105.4849
SBI Small Cap Fund - Direct Plan - Growth,119599,100,81.27186262264182,94.20048811410047,104.70876659191556,116.94330853334142,136.285606959775,105.4849
SBI Small Cap Fund - Direct Plan - Growth,119599,101,81.03533685657248,94.06096263870444,104.76268759958097,116.87340595661085,136.29370137892155,105.4849
SBI Small Cap Fund - Direct Plan - Growth,119599,102,80.96467278041644,94.06391231152068,104.68463618426568,117.06837201582216,136.55880060802636,105.4849
SBI Small Cap Fund - Direct Plan - Growth,119599,103,80.95278870118214,94.06433075538533,104.69669998090157,116.93769585786725,136.3629401722513,105.4849
SBI Small Cap Fund - Direct Plan - Growth,119599,104,80.61807241969599,93.99977593232539,104.63653879373611,117.09229168737627,136.76899996355473,105.4849
SBI Small Cap Fund - Direct Plan - Growth,119599,105,80.49626734568687,94.00029015346193,104.75523651497573,117.09586290052366,137.12107582925725,105.4849
SBI Small Cap Fund - Direct Plan - Growth,119599,106,80.32415417251029,93.9912601039044,104.84980467748159,117.1998362748472,137.1702835335579,105.4849
SBI Small Cap Fund - Direct Plan - Growth,119599,107,80.20656575060042,93.85561225213243,104.87599735553815,117.18094889503637,137.1456092410193,105.4849
SBI Small Cap Fund - Direct Plan - Growth,119599,108,80.13523601068962,93.82828423964028,104.85962904532296,117.13774551609517,137.0069926886019,105.4849
SBI Small Cap Fund - Direct Plan - Growth,119599,109,80.13323221434865,93.82891364113166,104.68706887771319,117.2023991899124,137.8741732463941,105.4849
SBI Small Cap Fund - Direct Plan - Growth,119599,110,79.94513972391742,93.81097697081262,104.7516824662247,117.28057012155519,137.6659229757732,105.4849
SBI Small Cap Fund - Direct Plan - Growth,119599,111,79.82286211123075,93.82716921788031,104.58137456732123,117.3012998196933,138.13172498998424,105.4849
SBI Small Cap Fund - Direct Plan - Growth,119599,112,79.93102175214027,93.76198205137865,104.64486535140581,117.46206224641628,138.42063058560345,105.4849
SBI Small Cap Fund - Direct Plan - Growth,119599,113,79.893899429724,93.63774963151697,104.69353167875647,117.48499126339455,138.4415699505252,105.4849
SBI Small Cap Fund - Direct Plan - Growth,119599,114,79.6310884154921,93.52523405618467,104.547601632176,117.52159164305084,138.71381578064066,105.4849
SBI Small Cap Fund - Direct Plan - Growth,119599,115,79.42641724965539,93.39754414151429,104.78360195749096,117.62640354264249,138.77130086327523,105.4849
SBI Small Cap Fund - Direct Plan - Growth,119599,116,79.50562284755222,93.2725354042013,104.74036194104572,117.67651088253297,138.87206580737993,105.4849
SBI Small Cap Fund - Direct Plan - Growth,119599,117,79.32149018829692,93.32071654382742,104.8482336384702,117.6969990531471,139.10559517727836,105.4849
SBI Small Cap Fund - Direct Plan - Growth,119599,118,79.09362799888329,93.2804527229827,104.72173783722525,117.81567590267413,138.96188929283775,105.4849
SBI Small Cap Fund - Direct Plan - Growth,119599,119,79.19682593468913,93.19201049814083,104.72077433539653,117.82407921577679,139.0285200507901,105.4849
SBI Small Cap Fund - Direct Plan - Growth,119599,120,79.1120806091353,93.11252909246365,104.63457637987905,117.89886499472667,139.32071507180783,105.4849
SBI Small Cap Fund - Direct Plan - Growth,119599,121,78.98901622390368,93.1248444656882,104.6835337270849,117.88733416328536,139.22793133783202,105.4849
SBI Small Cap Fund - Direct Plan - Growth,119599,122,78.71288814009651,93.01663433334579,104.72699871912513,118.00973941107274,139.5974781000909,105.4849
SBI Small Cap Fund - Direct Plan - Growth,119599,123,78.70319845138772,93.02388861075416,104.78101570410547,118.04266293655557,139.56084096278192,105.4849
SBI Small Cap Fund - Direct Plan - Growth,119599,124,78.68857455422588,92.9578916852803,104.71494657440522,117.98929851950506,139.56145976222757,105.4849
SBI Small Cap Fund - Direct Plan - Growth,119599,125,78.85417976410261,92.97865038599052,104.73817797524754,118.03978713360026,139.76976060893034,105.4849
SBI Small Cap Fund - Direct Plan - Growth,119599,126,78.47108810317039,92.93741014615533,104.77810424632919,118.04876847806459,140.11133691311505,105.4849
SBI Small Cap Fund - Direct Plan - Growth,119599,127,78.29040040140825,92.98684488647265,104.64305853326586,118.11254199752048,140.4075094001047,105.4849
SBI Small Cap Fund - Direct Plan - Growth,119599,128,78.12399530152126,92.89263169375371,104.65992750097136,118.23232469457534,140.5386402924333,105.4849
SBI Small Cap Fund - Direct Plan - Growth,119599,129,78.10319532599063,92.76175435574092,104.71049281069477,118.27622995566084,140.42324393934052,105.4849
SBI Small Cap Fund - Direct Plan - Growth,119599,130,77.75308988261004,92.81956686076563,104.67751235442861,118.19552384348353,140.5001003388111,105.4849
SBI Small Cap Fund - Direct Plan - Growth,119599,131,77.69817758616043,92.69310868463089,104.60931893241555,118.30484935606671,140.94305000397136,105.4849
SBI Small Cap Fund - Direct Plan - Growth,119599,132,77.7624018088232,92.67979326479684,104.61744178003505,118.2906600970982,141.16244979991134,105.4849
SBI Small Cap Fund - Direct Plan - Growth,119599,133,77.50078770028176,92.58369978074376,104.68624896334339,118.35541928483588,141.1738279201324,105.4849
SBI Small Cap Fund - Direct Plan - Growth,119599,134,77.56288548272578,92.46149092772386,104.72258847961896,118.53035046628189,141.2187961164638,105.4849
SBI Small Cap Fund - Direct Plan - Growth,119599,135,77.2269245843484,92.37486341879426,104.59529637787747,118.53247553913732,141.39039346952293,105.4849
SBI Small Cap Fund - Direct Plan - Growth,119599,136,77.30232555516811,92.25701659160443,104.6478432985217,118.6991406296675,141.48271828009499,105.4849
SBI Small Cap Fund - Direct Plan - Growth,119599,137,77.1734734161386,92.17037280512764,104.69848670978863,118.82141040067164,141.58199163555858,105.4849
SBI Small Cap Fund - Direct Plan - Growth,119599,138,77.05462976813716,92.21148584915132,104.80295947556097,118.83002311734302,141.69516596221587,105.4849
SBI Small Cap Fund - Direct Plan - Growth,119599,139,77.16577666829323,92.09746463618059,104.65985480061534,118.99111905568512,142.03765168991006,105.4849
SBI Small Cap Fund - Direct Plan - Growth,119599,140,77.31644352558422,92.11079174007892,104.7535111966309,119.12481810548044,142.52613080215286,105.4849
SBI Small Cap Fund - Direct Plan - Growth,119599,141,77.16410216510114,92.15538581599829,104.67732149645961,119.09177477469906,142.57030504088127,105.4849
SBI Small Cap Fund - Direct Plan - Growth,119599,142,77.15858005172781,92.1373717651804,104.56338571902475,119.07932626590079,142.77408178434845,105.4849
SBI Small Cap Fund - Direct Plan - Growth,119599,143,76.98571064623383,91.87021534903258,104.4980239432139,119.14777249489978,143.1658262817907,105.4849
SBI Small Cap Fund - Direct Plan - Growth,119599,144,76.80384604379138,91.9835701263953,104.7329168979957,119.1567838381701,143.38049068163775,105.4849
SBI Small Cap Fund - Direct Plan - Growth,119599,145,76.60928707108158,91.80260082649392,104.63960155184388,119.08219004033478,143.47467973912592,105.4849
SBI Small Cap Fund - Direct Plan - Growth,119599,146,76.61590330880595,91.9130365535622,104.61005222783892,119.18582409306298,143.32440886506103,105.4849
SBI Small Cap Fund - Direct Plan - Growth,119599,147,76.60875358906884,91.94225263481266,104.55233479149663,119.13519675705967,143.73694572442014,105.4849
SBI Small Cap Fund - Direct Plan - Growth,119599,148,76.33326958943782,91.9229394669993,104.5174753007015,119.27193918386996,143.96735047165248,105.4849
SBI Small Cap Fund - Direct Plan - Growth,119599,149,76.30940680927056,91.89177904964154,104.61553203888121,119.1958441223628,143.957841459758,105.4849
SBI Small Cap Fund - Direct Plan - Growth,119599,150,76.28174558916292,91.83599949066908,104.64914707443452,119.14525066818914,143.83483339756341,105.4849
SBI Small Cap Fund - Direct Plan - Growth,119599,151,76.17503747743207,91.81440274515032,104.68914453009964,119.0744539283278,144.19998230938725,105.4849
SBI Small Cap Fund - Direct Plan - Growth,119599,152,76.09582415171535,91.76450587941068,104.73365975884712,119.06744360955048,144.4611350484784,105.4849
SBI Small Cap Fund - Direct Plan - Growth,119599,153,75.82367637229518,91.85123436121626,104.680411825731,119.286381046414,144.57978562892964,105.4849
SBI Small Cap Fund - Direct Plan - Growth,119599,154,75.64894297647761,91.76328613596047,104.69363604221144,119.31901870127939,144.4573767644724,105.4849
SBI Small Cap Fund - Direct Plan - Growth,119599,155,75.66574278345277,91.69886865475715,104.75010723525546,119.25293755850552,144.80246838862988,105.4849
SBI Small Cap Fund - Direct Plan - Growth,119599,156,75.67203068485263,91.69094760412293,104.70809262571711,119.33018759946776,144.80881009380263,105.4849
SBI Small Cap Fund - Direct Plan - Growth,119599,157,75.59468515791431,91.70455843291882,104.58529056352413,119.42738088182216,145.1683975991622,105.4849
SBI Small Cap Fund - Direct Plan - Growth,119599,158,75.37973012020265,91.50151262475445,104.54685616881491,119.333956265597,145.2743025823749,105.4849
SBI Small Cap Fund - Direct Plan - Growth,119599,159,75.43749493747494,91.43306336661104,104.6102750300771,119.45455761069374,145.4533041465657,105.4849
SBI Small Cap Fund - Direct Plan - Growth,119599,160,75.26162600308969,91.36169840565577,104.57010101290416,119.58082146982808,145.6474446204119,105.4849
SBI Small Cap Fund - Direct Plan - Growth,119599,161,75.13426373447402,91.24201967611344,104.56912690628836,119.63030244059667,145.6759145792899,105.4849
SBI Small Cap Fund - Direct Plan - Growth,119599,162,75.16247538463944,91.27017475347171,104.70034619300908,119.6264057748311,146.19465165513535,105.4849
SBI Small Cap Fund - Direct Plan - Growth,119599,163,75.0047369829251,91.25268299814574,104.52311509459264,119.59563324532934,146.0799316020814,105.4849
SBI Small Cap Fund - Direct Plan - Growth,119599,164,74.8841728875525,91.13193398129204,104.5760997770364,119.80751768390695,146.36665220882264,105.4849
SBI Small Cap Fund - Direct Plan - Growth,119599,165,74.90663409118825,91.19699995582991,104.68374581487714,119.8407629712212,146.4263870847475,105.4849
SBI Small Cap Fund - Direct Plan - Growth,119599,166,74.86635977569844,91.22863449377414,104.58197818002,119.86773587025209,146.64475798161993,105.4849
SBI Small Cap Fund - Direct Plan - Growth,119599,167,74.82735253391347,91.2845686437143,104.60824580074984,119.91857567846908,147.061499608477,105.4849
SBI Small Cap Fund - Direct Plan - Growth,119599,168,74.79076877700177,91.25573218080874,104.61329816906327,119.9494635307986,147.0811052887827,105.4849
SBI Small Cap Fund - Direct Plan - Growth,119599,169,74.57431208871742,91.01995670834864,104.66908299922397,120.00904303873995,147.2348167289143,105.4849
SBI Small Cap Fund - Direct Plan - Growth,119599,170,74.36678755685216,91.10418856903401,104.5450274371022,119.96050652414537,147.2535867513112,105.4849
SBI Small Cap Fund - Direct Plan - Growth,119599,171,74.41209828600836,91.02035976968526,104.4670884348821,120.1569504620447,147.2188873853733,105.4849
SBI Small Cap Fund - Direct Plan - Growth,119599,172,74.44762863407828,90.88524762134915,104.41264548140735,120.15835946805416,147.6210609534525,105.4849
SBI Small Cap Fund - Direct Plan - Growth,119599,173,74.43461502307119,90.83232185064097,104.31757763459217,120.13888725294906,147.43057157025868,105.4849
SBI Small Cap Fund - Direct Plan - Growth,119599,174,74.2467621868485,90.99015509926815,104.3633084074556,120.08010969045804,147.18615716903025,105.4849
SBI Small Cap Fund - Direct Plan - Growth,119599,175,74.2176650693808,90.8724547983116,104.41475116388963,120.2367793737461,147.52184851980664,105.4849
SBI Small Cap Fund - Direct Plan - Growth,119599,176,73.97212064776052,90.7701194105557,104.43770711912845,120.2715793734311,147.6599647713431,105.4849
SBI Small Cap Fund - Direct Plan - Growth,119599,177,73.76870555731253,90.5631304723009,104.46882914601031,120.40951511270958,147.9756408554278,105.4849
SBI Small Cap Fund - Direct Plan - Growth,119599,178,73.91730842473942,90.58781398773989,104.46040710539548,120.34126398560613,148.13230001652394,105.4849
SBI Small Cap Fund - Direct Plan - Growth,119599,179,73.70211103257259,90.67293617479477,104.41444195346685,120.24149110647035,148.36304340883248,105.4849
SBI Small Cap Fund - Direct Plan - Growth,119599,180,73.73393688839494,90.76795548065829,104.37704292047177,120.43947489131759,148.48323973250618,105.4849
SBI Small Cap Fund - Direct Plan - Growth,119599,181,73.51968807770905,90.64808152283338,104.41021673308751,120.36869320023082,148.8920371811469,105.4849
SBI Small Cap Fund - Direct Plan - Growth,119599,182,73.68245080469146,90.53497357307677,104.34534252474637,120.48052356140245,149.01395847366834,105.4849
SBI Small Cap Fund - Direct Plan - Growth,119599,183,73.65485450997414,90.51497082524591,104.35948691012632,120.43259763698306,149.00599090589688,105.4849
SBI Small Cap Fund - Direct Plan - Growth,119599,184,73.65253855865419,90.54099753098481,104.42938153848365,120.73368653677443,149.16436884379266,105.4849
SBI Small Cap Fund - Direct Plan - Growth,119599,185,73.5060564833835,90.44269235506424,104.31769580685094,120.7610319858146,149.1751349813154,105.4849
SBI Small Cap Fund - Direct Plan - Growth,119599,186,73.22412454640714,90.42270642187553,104.57959094621265,120.93323927527453,149.50773306503567,105.4849
SBI Small Cap Fund - Direct Plan - Growth,119599,187,73.16295327367317,90.41056612999981,104.44769571877058,120.85451062552329,149.08024929846667,105.4849
SBI Small Cap Fund - Direct Plan - Growth,119599,188,73.14229804049786,90.42609818305186,104.49186611700576,120.67769698448717,149.55226047728814,105.4849
SBI Small Cap Fund - Direct Plan - Growth,119599,189,72.95869168307551,90.53321854601839,104.5424515183125,120.98506444796784,149.9260780627375,105.4849
SBI Small Cap Fund - Direct Plan - Growth,119599,190,72.71865464637558,90.40149370230351,104.44339922586923,121.0400726711072,149.85412279661372,105.4849
SBI Small Cap Fund - Direct Plan - Growth,119599,191,72.65890233994584,90.3579872732648,104.3775577625218,121.08142108020874,149.87915285096616,105.4849
SBI Small Cap Fund - Direct Plan - Growth,119599,192,72.69869983790905,90.27582012369584,104.41661181849204,120.97200282628515,150.0918993418019,105.4849
SBI Small Cap Fund - Direct Plan - Growth,119599,193,72.3596062698471,90.22832052494023,104.48078029855154,120.99824444353452,150.27004499108165,105.4849
SBI Small Cap Fund - Direct Plan - Growth,119599,194,72.28856908590681,90.21750238030529,104.38514219476482,121.17619498237406,150.73623989735253,105.4849
SBI Small Cap Fund - Direct Plan - Growth,119599,195,72.31626297611776,90.1651030339406,104.32962788279494,121.38790716190306,150.73502142986752,105.4849
SBI Small Cap Fund - Direct Plan - Growth,119599,196,72.29436937852476,90.10786268140987,104.30352141669385,121.5480106908727,150.4964377361177,105.4849
SBI Small Cap Fund - Direct Plan - Growth,119599,197,72.20540228894923,90.04634484366905,104.14473115647904,121.44006412947314,150.85461050506484,105.4849
SBI Small Cap Fund - Direct Plan - Growth,119599,198,72.18930551155131,89.97274909968198,104.16970098429809,121.4926490557792,150.96732180282538,105.4849
SBI Small Cap Fund - Direct Plan - Growth,119599,199,72.20334113515965,90.04526344223042,104.23868085572148,121.24005070338598,151.35785670740935,105.4849
SBI Small Cap Fund - Direct Plan - Growth,119599,200,72.06757684261656,89.92141347944455,104.21487927502807,121.37816258631189,151.58757109092608,105.4849
SBI Small Cap Fund - Direct Plan - Growth,119599,201,71.98676131791657,89.82793752148127,104.29013373570822,121.3174468385767,151.76261788453047,105.4849
SBI Small Cap Fund - Direct Plan - Growth,119599,202,72.03622573015672,89.85751610836766,104.30344428976554,121.45069700840492,152.11599239232007,105.4849
SBI Small Cap Fund - Direct Plan - Growth,119599,203,72.09179564597477,89.90356374749445,104.3239472602078,121.27906148410916,152.06062741752373,105.4849
SBI Small Cap Fund - Direct Plan - Growth,119599,204,71.86443724326422,89.9086190256412,104.30183016774896,121.22746547075073,152.33317888085315,105.4849
SBI Small Cap Fund - Direct Plan - Growth,119599,205,71.73954640505738,89.69335804338347,104.39687810624233,121.54441458638237,152.3695114681545,105.4849
SBI Small Cap Fund - Direct Plan - Growth,119599,206,71.81487542941436,89.76022630797405,104.51688743125342,121.4587857365279,152.3470198619303,105.4849
SBI Small Cap Fund - Direct Plan - Growth,119599,207,71.74093145730403,89.66488202407831,104.54450401013803,121.48290882860334,152.34401817110327,105.4849
SBI Small Cap Fund - Direct Plan - Growth,119599,208,71.58333752235566,89.48349084625329,104.48454793675978,121.58634867718595,152.4192182669666,105.4849
SBI Small Cap Fund - Direct Plan - Growth,119599,209,71.52145917829145,89.51249976612385,104.3713718081323,121.76834079325185,152.9115925955339,105.4849
SBI Small Cap Fund - Direct Plan - Growth,119599,210,71.34152900723166,89.52692855787579,104.35380638651063,121.76701417787842,153.07758453908338,105.4849
SBI Small Cap Fund - Direct Plan - Growth,119599,211,71.22030336091822,89.47767211049398,104.3489879181621,121.71881874829177,153.05622050223923,105.4849
SBI Small Cap Fund - Direct Plan - Growth,119599,212,71.22572485507456,89.32348268771251,104.36937016022335,121.6580955562978,152.92358271731675,105.4849
SBI Small Cap Fund - Direct Plan - Growth,119599,213,71.2186369144506,89.32422151024923,104.44378508620036,121.87415767294189,152.93993466681545,105.4849
SBI Small Cap Fund - Direct Plan - Growth,119599,214,71.1935554193037,89.29176483375795,104.39785375692065,121.74558771831101,153.0100255977952,105.4849
SBI Small Cap Fund - Direct Plan - Growth,119599,215,71.18959717780493,89.3304644714427,104.53222393141036,121.65834091882186,153.3066969749964,105.4849
SBI Small Cap Fund - Direct Plan - Growth,119599,216,71.0934923368274,89.25832065941324,104.4169095508646,121.69332550977165,153.56608457628246,105.4849
SBI Small Cap Fund - Direct Plan - Growth,119599,217,70.98290349170215,89.3900256509619,104.2931031283979,121.44545329781106,153.88966455212432,105.4849
SBI Small Cap Fund - Direct Plan - Growth,119599,218,71.13597813497016,89.3866175328274,104.32456769206354,121.63917589342759,153.5959423177744,105.4849
SBI Small Cap Fund - Direct Plan - Growth,119599,219,70.95179636938158,89.24213673952174,104.30209353551102,121.87353810854727,153.87727830629268,105.4849
SBI Small Cap Fund - Direct Plan - Growth,119599,220,70.64163181339644,89.004386173379,104.27515690374113,122.05702186539088,153.85040656811466,105.4849
SBI Small Cap Fund - Direct Plan - Growth,119599,221,70.50214327722891,89.09642553583959,104.2598267334497,122.1189969492448,153.75156098241686,105.4849
SBI Small Cap Fund - Direct Plan - Growth,119599,222,70.56274502088812,89.16753646957018,104.29972581730134,121.98717601099497,154.24265264590792,105.4849
SBI Small Cap Fund - Direct Plan - Growth,119599,223,70.356536918428,89.18968647916716,104.27613098404652,122.18144047875545,154.90807656899742,105.4849
SBI Small Cap Fund - Direct Plan - Growth,119599,224,70.2948805912942,88.99661048873116,104.37970916322739,122.03325442957444,154.58179703680273,105.4849
SBI Small Cap Fund - Direct Plan - Growth,119599,225,70.27678835337093,88.86520344568203,104.25309297507127,122.21184249101299,154.07161080391754,105.4849
SBI Small Cap Fund - Direct Plan - Growth,119599,226,70.3484398590368,88.89432458176722,104.16378845972507,122.35269908695602,154.7971383698656,105.4849
SBI Small Cap Fund - Direct Plan - Growth,119599,227,70.13180246055708,88.7977593024389,104.24489276195264,122.17228161748804,154.74835078428833,105.4849
SBI Small Cap Fund - Direct Plan - Growth,119599,228,70.1992929039871,88.68919771405407,104.20927857210972,122.2323021234422,154.6622923170908,105.4849
SBI Small Cap Fund - Direct Plan - Growth,119599,229,70.13327946607797,88.71313689515094,104.17199929388593,122.2209729485771,154.9925478797139,105.4849
SBI Small Cap Fund - Direct Plan - Growth,119599,230,70.06531844075832,88.76554300547929,104.23644234730409,122.32940418441319,155.3369920612547,105.4849
SBI Small Cap Fund - Direct Plan - Growth,119599,231,70.00349309909778,88.77246873197292,104.10510533964677,122.25158072321005,155.35872213315187,105.4849
SBI Small Cap Fund - Direct Plan - Growth,119599,232,70.01352464621492,88.7355431925507,104.14863162395042,122.35271564896632,155.1145167150469,105.4849
SBI Small Cap Fund - Direct Plan - Growth,119599,233,70.07304933241475,88.74776340655978,104.19354455176092,122.32356741104456,155.4323800993084,105.4849
SBI Small Cap Fund - Direct Plan - Growth,119599,234,69.77777097013225,88.70669937692637,104.3574018260479,122.15474889965742,155.62913615935696,105.4849
SBI Small Cap Fund - Direct Plan - Growth,119599,235,69.80397392157172,88.7970765650546,104.1876645475979,122.43919843211009,155.4644195595386,105.4849
SBI Small Cap Fund - Direct Plan - Growth,119599,236,69.67561032539264,88.64217660996769,104.04931230844652,122.32349698879051,155.3691069761948,105.4849
SBI Small Cap Fund - Direct Plan - Growth,119599,237,69.37224478413279,88.69221374751973,104.09011980854899,122.43264189648094,155.69665959161026,105.4849
SBI Small Cap Fund - Direct Plan - Growth,119599,238,69.65298432555666,88.72832190453559,104.26039156708553,122.5155970373011,155.91345410638806,105.4849
SBI Small Cap Fund - Direct Plan - Growth,119599,239,69.43664412558901,88.6037247866054,104.24207925380192,122.54010605571347,156.19222822762987,105.4849
SBI Small Cap Fund - Direct Plan - Growth,119599,240,69.37076614842428,88.69689204832821,104.36078935603635,122.58983995132739,156.8258868425327,105.4849
SBI Small Cap Fund - Direct Plan - Growth,119599,241,69.62820360069733,88.55880781262714,104.32908441708409,122.4541006110855,156.44572718660768,105.4849
SBI Small Cap Fund - Direct Plan - Growth,119599,242,69.50376177779248,88.46507949388602,104.27887695125955,122.58223499230787,156.38953793224945,105.4849
SBI Small Cap Fund - Direct Plan - Growth,119599,243,69.21884172685891,88.41183638074558,104.30105903897842,122.69393036673344,156.59332681238848,105.4849
SBI Small Cap Fund - Direct Plan - Growth,119599,244,69.26702462533807,88.47349601005756,104.20156248881452,122.71423318441165,157.0134986387576,105.4849
SBI Small Cap Fund - Direct Plan - Growth,119599,245,69.33391253567454,88.49519713931903,104.32869612169574,122.68270651066841,157.28334938353228,105.4849
SBI Small Cap Fund - Direct Plan - Growth,119599,246,69.31891270631792,88.49137960021133,104.2320538997553,122.6334588623843,156.9907660076722,105.4849
SBI Small Cap Fund - Direct Plan - Growth,119599,247,69.30387950299206,88.26222936546313,104.21087924789693,122.92402528483004,157.03393875104314,105.4849
SBI Small Cap Fund - Direct Plan - Growth,119599,248,69.05348031456236,88.15984577605344,104.21595011050987,122.81784240056443,157.513112551931,105.4849
SBI Small Cap Fund - Direct Plan - Growth,119599,249,68.92198063540587,88.06090412361159,104.13669719551737,122.74032693653108,157.464897100685,105.4849
SBI Small Cap Fund - Direct Plan - Growth,119599,250,68.86251090909566,88.07634932839994,104.19334102024351,122.85178765731801,157.52500485765526,105.4849
SBI Small Cap Fund - Direct Plan - Growth,119599,251,68.74534409009637,87.955498860922,104.20477370901867,122.98664104118754,157.4305811170585,105.4849
SBI Small Cap Fund - Direct Plan - Growth,119599,252,68.61615317955712,87.91360114465776,104.17050941317083,123.07732405867422,157.81687570103674,105.4849
SBI Small Cap Fund - Direct Plan - Growth,119599,253,68.6428701459413,87.93525929004485,104.28900475220578,123.0191312005199,157.9659020569062,105.4849
SBI Small Cap Fund - Direct Plan - Growth,119599,254,68.67290913140513,87.89648951978569,104.1167237462701,123.06139078238931,158.27622259897385,105.4849
SBI Small Cap Fund - Direct Plan - Growth,119599,255,68.54332216689713,87.96429417513984,104.0732792542922,123.0499089745846,158.01390214778303,105.4849
SBI Small Cap Fund - Direct Plan - Growth,119599,256,68.57639844697262,87.98537913899062,104.10647056124637,123.08528643854318,158.16364319780905,105.4849
SBI Small Cap Fund - Direct Plan - Growth,119599,257,68.41850234917247,87.79119040208363,104.12940491290551,123.06078730527874,157.77816612090052,105.4849
SBI Small Cap Fund - Direct Plan - Growth,119599,258,68.6002061404247,87.74135366069659,104.12169300997839,123.15409770874561,158.19654519787846,105.4849
SBI Small Cap Fund - Direct Plan - Growth,119599,259,68.48371884858713,87.74363455932703,104.00854990872955,123.12476916574357,158.18168657432287,105.4849
SBI Small Cap Fund - Direct Plan - Growth,119599,260,68.52396024053726,87.68490052933923,104.05982449585807,123.09665228085194,158.49449749009096,105.4849
SBI Small Cap Fund - Direct Plan - Growth,119599,261,68.44445041191777,87.70326578902664,103.93255222245136,123.20960143512664,158.48752080147102,105.4849
SBI Small Cap Fund - Direct Plan - Growth,119599,262,68.55879746917977,87.73806437280749,104.03011341532248,123.31112530750356,158.26061333614172,105.4849
SBI Small Cap Fund - Direct Plan - Growth,119599,263,68.57665780997607,87.54419046461439,104.08240563564434,123.1746097366578,158.47981187159922,105.4849
SBI Small Cap Fund - Direct Plan - Growth,119599,264,68.35347087891843,87.49434033437717,104.03723887298307,123.1646874997575,158.87004352033148,105.4849
SBI Small Cap Fund - Direct Plan - Growth,119599,265,68.30017929553503,87.58981706735158,103.915889167923,123.25024260215687,159.03066997142614,105.4849
SBI Small Cap Fund - Direct Plan - Growth,119599,266,68.23863738555688,87.53148041082125,103.79862322953838,123.08102317783003,159.144286876286,105.4849
SBI Small Cap Fund - Direct Plan - Growth,119599,267,68.1792565433065,87.60080349296214,103.63656110476494,123.03339903567138,159.0256974136916,105.4849
SBI Small Cap Fund - Direct Plan - Growth,119599,268,68.02296421746959,87.51015531339281,103.74560739412578,122.99019357737633,158.98363744529271,105.4849
SBI Small Cap Fund - Direct Plan - Growth,119599,269,68.11248201930174,87.63858220836512,103.75298560457733,122.92250572790019,159.20539423416648,105.4849
SBI Small Cap Fund - Direct Plan - Growth,119599,270,68.08883749891955,87.57272259108107,103.83362159371,123.08927996389428,159.4970151519172,105.4849
SBI Small Cap Fund - Direct Plan - Growth,119599,271,68.13939275037457,87.62579219233272,103.8408153453926,122.87730027160285,159.68549950428715,105.4849
SBI Small Cap Fund - Direct Plan - Growth,119599,272,68.13051444617102,87.41934660459933,103.81647682394413,122.92571127397952,159.58730126850566,105.4849
SBI Small Cap Fund - Direct Plan - Growth,119599,273,67.9451176109178,87.44845512203364,103.72923528993212,123.10056801242983,159.73307014293974,105.4849
SBI Small Cap Fund - Direct Plan - Growth,119599,274,67.80940351529709,87.36051303247218,103.78762787331412,123.12670169474261,159.72777879656317,105.4849
SBI Small Cap Fund - Direct Plan - Growth,119599,275,67.80649504945728,87.29626873594282,103.74693550539081,123.21260583010393,159.8366134437217,105.4849
SBI Small Cap Fund - Direct Plan - Growth,119599,276,67.80150010602951,87.39677302624565,103.84967067264427,123.3148924885386,159.87541589958408,105.4849
SBI Small Cap Fund - Direct Plan - Growth,119599,277,67.70470254256882,87.35090838815135,103.86259187685812,123.21560997402513,160.01367639993896,105.4849
SBI Small Cap Fund - Direct Plan - Growth,119599,278,67.70400352828331,87.28072398517226,103.7431445615305,123.17808899432418,160.5783205335405,105.4849
SBI Small Cap Fund - Direct Plan - Growth,119599,279,67.4756875497709,87.27932661717597,103.75692974800077,123.27124557513972,160.80852821815284,105.4849
SBI Small Cap Fund - Direct Plan - Growth,119599,280,67.40441245814563,87.24109963304441,103.89130376894391,123.40085789936751,160.38574848121917,105.4849
SBI Small Cap Fund - Direct Plan - Growth,119599,281,67.41388326635533,87.1454130837683,103.73269346243765,123.50191412240605,160.4312858892623,105.4849
SBI Small Cap Fund - Direct Plan - Growth,119599,282,67.12554320737891,87.28987947012287,103.78492646980644,123.4800061343935,160.79175310367572,105.4849
SBI Small Cap Fund - Direct Plan - Growth,119599,283,67.10209116859339,87.2481314463704,103.89927824557381,123.58778956844048,161.07636393586324,105.4849
SBI Small Cap Fund - Direct Plan - Growth,119599,284,67.22882661984293,87.26502779524921,103.83195473168576,123.50888914522551,160.98946316348287,105.4849
SBI Small Cap Fund - Direct Plan - Growth,119599,285,67.1987789962276,87.20588009268032,103.7783754835295,123.61162754870945,161.2972774040315,105.4849
SBI Small Cap Fund - Direct Plan - Growth,119599,286,67.07148125234265,87.15178752508983,103.63678945776664,123.67385581222248,161.46311106104946,105.4849
SBI Small Cap Fund - Direct Plan - Growth,119599,287,67.04017956967368,87.17497284314035,103.65806599665594,123.7008989110293,161.87378010295873,105.4849
SBI Small Cap Fund - Direct Plan - Growth,119599,288,67.07808600640591,87.19607743593548,103.70968691186005,123.62964874842925,161.70466029590384,105.4849
SBI Small Cap Fund - Direct Plan - Growth,119599,289,67.0176199413878,87.22215851844442,103.61980519627164,123.76247264586112,161.8560044853081,105.4849
SBI Small Cap Fund - Direct Plan - Growth,119599,290,67.12927270478805,87.07705415377495,103.63837865253754,123.86531195658924,161.74767862469332,105.4849
SBI Small Cap Fund - Direct Plan - Growth,119599,291,67.14962741048116,86.98222375000255,103.58364505041314,123.75279562229466,162.24397616943148,105.4849
SBI Small Cap Fund - Direct Plan - Growth,119599,292,67.03218746277554,86.94166081252894,103.59698503402956,123.90942182389927,162.16632318495607,105.4849
SBI Small Cap Fund - Direct Plan - Growth,119599,293,67.16415112655756,86.97756417832585,103.65613033021873,123.95673896689371,162.23573510872333,105.4849
SBI Small Cap Fund - Direct Plan - Growth,119599,294,66.97877208588096,86.97646379563322,103.62923860728438,123.8895375533604,162.93802852428655,105.4849
SBI Small Cap Fund - Direct Plan - Growth,119599,295,67.0015236277714,86.8219795703648,103.59885894980255,123.88731277686595,162.55966175730228,105.4849
SBI Small Cap Fund - Direct Plan - Growth,119599,296,66.89825981084469,86.77571156264263,103.55775297234024,123.76551297657812,162.8606743635937,105.4849
SBI Small Cap Fund - Direct Plan - Growth,119599,297,66.80306645251987,86.66718545766652,103.58303262385459,124.13684165603222,162.92851533155957,105.4849
SBI Small Cap Fund - Direct Plan - Growth,119599,298,66.60601523215446,86.77168891268566,103.66304656867862,124.10808469348541,162.6380909665695,105.4849
SBI Small Cap Fund - Direct Plan - Growth,119599,299,66.60710487526721,86.63596543949265,103.52874723557379,124.14814418003805,163.09083928336915,105.4849
SBI Small Cap Fund - Direct Plan - Growth,119599,300,66.5736051369329,86.66735890787888,103.57159493702804,124.04182244066479,162.9911098743006,105.4849
SBI Small Cap Fund - Direct Plan - Growth,119599,301,66.55244213626376,86.63485099373827,103.74533791610924,124.10446538943239,163.5918424324555,105.4849
SBI Small Cap Fund - Direct Plan - Growth,119599,302,66.46335337201492,86.71652914830666,103.59822647540074,124.15340898585558,163.49756412847265,105.4849
SBI Small Cap Fund - Direct Plan - Growth,119599,303,66.48975622923638,86.52416652595984,103.54082008833947,123.857569412728,162.9705858415915,105.4849
SBI Small Cap Fund - Direct Plan - Growth,119599,304,66.51119686845894,86.5130154357336,103.54594399786568,123.93275134149823,163.49432386268197,105.4849
SBI Small Cap Fund - Direct Plan - Growth,119599,305,66.40574927740093,86.75654901065302,103.5305049340008,124.1973250198937,163.2774807102829,105.4849
SBI Small Cap Fund - Direct Plan - Growth,119599,306,66.38495453310611,86.78129428151055,103.74479990143301,124.21942973775671,164.07106446059262,105.4849
SBI Small Cap Fund - Direct Plan - Growth,119599,307,66.16955748093825,86.8329866230327,103.58469804846072,124.29596832951256,163.69887085035202,105.4849
SBI Small Cap Fund - Direct Plan - Growth,119599,308,66.15987569505141,86.61281760039756,103.6275816162271,124.54655771188308,163.7924015333919,105.4849
SBI Small Cap Fund - Direct Plan - Growth,119599,309,65.98946339562656,86.42035868507827,103.56185960586888,124.44479943532262,163.8048744308755,105.4849
SBI Small Cap Fund - Direct Plan - Growth,119599,310,66.09273813121133,86.38923858601576,103.73054234155812,124.52362893138172,163.82163245576453,105.4849
SBI Small Cap Fund - Direct Plan - Growth,119599,311,66.14056240827215,86.40844039472877,103.55898840098362,124.64784826986327,164.01496262523972,105.4849
SBI Small Cap Fund - Direct Plan - Growth,119599,312,66.12124957855619,86.312123777431,103.53831118038002,124.47294871289192,163.79439592277336,105.4849
SBI Small Cap Fund - Direct Plan - Growth,119599,313,66.18133330525038,86.32682971347198,103.53423616173995,124.57840971157363,163.91278294079058,105.4849
SBI Small Cap Fund - Direct Plan - Growth,119599,314,66.11928607499634,86.36853248416973,103.58904752201033,124.60033792430055,163.93802672250686,105.4849
SBI Small Cap Fund - Direct Plan - Growth,119599,315,65.75879282345238,86.24393658376057,103.52630496713263,124.56470010104579,164.01263585168314,105.4849
SBI Small Cap Fund - Direct Plan - Growth,119599,316,65.70480851818962,86.0817340336433,103.56516438779971,124.7022508334665,163.99247254869292,105.4849
SBI Small Cap Fund - Direct Plan - Growth,119599,317,65.65594542245289,86.05575296806224,103.63050754458644,124.91411522887859,163.8397921074127,105.4849
SBI Small Cap Fund - Direct Plan - Growth,119599,318,65.54201212507928,85.9621144369632,103.65436711166481,124.69499517318478,163.91425369189508,105.4849
SBI Small Cap Fund - Direct Plan - Growth,119599,319,65.53279436642362,86.13375207572076,103.65238870672454,124.61115519346127,164.0925947529198,105.4849
SBI Small Cap Fund - Direct Plan - Growth,119599,320,65.4364538262475,86.1475032862903,103.62320890342335,124.84734438953188,164.22868004939428,105.4849
SBI Small Cap Fund - Direct Plan - Growth,119599,321,65.47959672436009,85.9771451348446,103.56358135107916,124.80624583504854,164.0301985202059,105.4849
SBI Small Cap Fund - Direct Plan - Growth,119599,322,65.47466188428541,86.04132103456995,103.7211898642582,124.63212652543436,164.288417417718,105.4849
SBI Small Cap Fund - Direct Plan - Growth,119599,323,65.28647744935543,85.94881485526615,103.72441705433283,124.70740304415955,164.73352955553779,105.4849
SBI Small Cap Fund - Direct Plan - Growth,119599,324,65.2461110322244,86.07266811819764,103.62712692543194,124.8252552552666,164.92429651830534,105.4849
SBI Small Cap Fund - Direct Plan - Growth,119599,325,65.27429163899774,86.15210646607518,103.63981401666007,124.95158683178573,165.0260095218653,105.4849
SBI Small Cap Fund - Direct Plan - Growth,119599,326,65.113561435262,86.20602027527457,103.66465341870656,125.02974560857722,165.33762269122428,105.4849
SBI Small Cap Fund - Direct Plan - Growth,119599,327,65.19807045186586,86.13463625958161,103.69321851192328,124.98640927572566,165.51416394423197,105.4849
SBI Small Cap Fund - Direct Plan - Growth,119599,328,65.0721086689365,86.2251774263241,103.77464838645236,125.12911359944347,165.7208204653107,105.4849
SBI Small Cap Fund - Direct Plan - Growth,119599,329,64.8933247940478,86.06629640908156,103.67276507505491,125.24608316738677,165.5909426078349,105.4849
SBI Small Cap Fund - Direct Plan - Growth,119599,330,64.77719266203673,86.04085674229613,103.66169680889132,125.22232564812055,165.67066168652437,105.4849
SBI Small Cap Fund - Direct Plan - Growth,119599,331,64.84609376827994,86.00784448723734,103.55073445076394,125.09944680509227,165.93815710574776,105.4849
SBI Small Cap Fund - Direct Plan - Growth,119599,332,64.6056513752113,86.02701557229317,103.51861825981334,125.16052152524311,165.99827874149736,105.4849
SBI Small Cap Fund - Direct Plan - Growth,119599,333,64.63154374532249,86.06222239199627,103.58226813959433,125.20163569297551,165.76979825656545,105.4849
SBI Small Cap Fund - Direct Plan - Growth,119599,334,64.50748798649336,85.85739987926512,103.53490037276019,125.11065037432309,166.46829241104092,105.4849
SBI Small Cap Fund - Direct Plan - Growth,119599,335,64.46563804820883,85.93609867070539,103.54749877280625,125.33092840479145,166.6578129500357,105.4849
SBI Small Cap Fund - Direct Plan - Growth,119599,336,64.36512543719513,85.90398276483117,103.62570722951182,125.43454942088222,166.31419486279052,105.4849
SBI Small Cap Fund - Direct Plan - Growth,119599,337,64.40394727539962,85.85879038058653,103.47720137643584,125.50421453623457,166.62193498250778,105.4849
SBI Small Cap Fund - Direct Plan - Growth,119599,338,64.27441429766245,85.84767817721983,103.54859675569921,125.42745000286239,166.50669379119736,105.4849
SBI Small Cap Fund - Direct Plan - Growth,119599,339,64.41762111514088,85.70405182683004,103.48794226890644,125.31237568366286,166.73472268912408,105.4849
SBI Small Cap Fund - Direct Plan - Growth,119599,340,64.38039004450869,85.74519990713088,103.38061628051182,125.4583202902376,166.78151988525184,105.4849
SBI Small Cap Fund - Direct Plan - Growth,119599,341,64.42095429769005,85.58662553254182,103.23776392041995,125.55760269772182,166.7673078998541,105.4849
SBI Small Cap Fund - Direct Plan - Growth,119599,342,64.40862068073585,85.57905200012628,103.26572966151133,125.61547853291518,166.70946380474413,105.4849
SBI Small Cap Fund - Direct Plan - Growth,119599,343,64.14194652246145,85.54188654338432,103.24830479250457,125.8211920339041,166.85031078307134,105.4849
SBI Small Cap Fund - Direct Plan - Growth,119599,344,64.32447448153103,85.52140106436302,103.45088636156595,125.84748903167687,167.0528294306231,105.4849
SBI Small Cap Fund - Direct Plan - Growth,119599,345,64.04874978146151,85.44077470904446,103.527313191929,125.74473822555585,167.27301156322687,105.4849
SBI Small Cap Fund - Direct Plan - Growth,119599,346,64.01039079030289,85.50912855102985,103.32064127810432,125.80765495800398,167.72238860722112,105.4849
SBI Small Cap Fund - Direct Plan - Growth,119599,347,63.93632604343452,85.4318770007512,103.38411485559992,125.95486297782458,167.50541211180558,105.4849
SBI Small Cap Fund - Direct Plan - Growth,119599,348,63.92925853250283,85.47602389903452,103.42752005557246,125.80518037756258,168.02447282438868,105.4849
SBI Small Cap Fund - Direct Plan - Growth,119599,349,63.89965020904209,85.29259154775504,103.53322590186878,125.72693811331823,167.46906145948782,105.4849
SBI Small Cap Fund - Direct Plan - Growth,119599,350,63.930808824997705,85.3543435920479,103.57090885910009,125.83460355756824,167.98917920333113,105.4849
SBI Small Cap Fund - Direct Plan - Growth,119599,351,63.99033381793913,85.30489304899334,103.40927851151139,125.83201787004333,168.12720873839135,105.4849
SBI Small Cap Fund - Direct Plan - Growth,119599,352,63.914026060292315,85.12830957162598,103.4390949320383,125.79080176079901,168.06610523823966,105.4849
SBI Small Cap Fund - Direct Plan - Growth,119599,353,63.74782473618382,85.04316263752199,103.55780249404987,125.76884570912611,168.11323320066472,105.4849
SBI Small Cap Fund - Direct Plan - Growth,119599,354,63.625823799901255,85.06745464166501,103.53167621017262,125.79102993203755,168.0620789352811,105.4849
SBI Small Cap Fund - Direct Plan - Growth,119599,355,63.76870783909864,85.11979484465641,103.57951940510691,125.86492067311448,168.15206273810233,105.4849
SBI Small Cap Fund - Direct Plan - Growth,119599,356,63.71789858456536,85.10662209264036,103.49716896846007,126.04540185724139,168.29295609082985,105.4849
SBI Small Cap Fund - Direct Plan - Growth,119599,357,63.76120739648127,85.05106201887266,103.42675577276128,125.95915999358368,168.4257753202366,105.4849
SBI Small Cap Fund - Direct Plan - Growth,119599,358,63.66581335709155,85.06218044394788,103.46451090215831,126.10400637808472,168.54056394074678,105.4849
SBI Small Cap Fund - Direct Plan - Growth,119599,359,63.69937084362841,85.01251168069133,103.38130110477422,125.9009467077153,168.63500755520022,105.4849
SBI Small Cap Fund - Direct Plan - Growth,119599,360,63.529255144598935,84.91490195679535,103.34143561851702,125.81674212641846,168.80617998171996,105.4849
SBI Small Cap Fund - Direct Plan - Growth,119599,361,63.526129327880604,84.98101587572205,103.37341008253335,125.98010531384176,168.94706862458892,105.4849
SBI Small Cap Fund - Direct Plan - Growth,119599,362,63.54865417024762,84.91263146145616,103.2861079773318,126.12465147671865,169.29158820593548,105.4849
SBI Small Cap Fund - Direct Plan - Growth,119599,363,63.707548618144436,84.8368706968092,103.37630430591162,126.2915370995074,169.45394740594213,105.4849
SBI Small Cap Fund - Direct Plan - Growth,119599,364,63.54514914481479,84.85844399833184,103.34058258063408,126.04692237388727,169.35194375109694,105.4849
SBI Small Cap Fund - Direct Plan - Growth,119599,365,63.598119683235815,84.83447493264268,103.21915309769619,126.09374625576262,169.57289936915245,105.4849
SBI Small Cap Fund - Direct Plan - Growth,119599,366,63.667951312918326,84.89422204525384,103.27964397811897,125.9844730014675,169.96403713179782,105.4849
SBI Small Cap Fund - Direct Plan - Growth,119599,367,63.41981582838768,84.63305642578106,103.16468343177611,125.93177443419,169.87915766856872,105.4849
SBI Small Cap Fund - Direct Plan - Growth,119599,368,63.429050811251265,84.53369304300922,103.15667757102737,125.86918557989748,169.8937166055741,105.4849
SBI Small Cap Fund - Direct Plan - Growth,119599,369,63.43669040183238,84.81688494059854,103.17382218333685,126.24033932278226,170.27385622712626,105.4849
SBI Small Cap Fund - Direct Plan - Growth,119599,370,63.241058834023306,84.94122034359941,103.19245398812214,126.0926681001682,170.28056264869028,105.4849
SBI Small Cap Fund - Direct Plan - Growth,119599,371,63.28602844543434,84.75559631791738,103.15869559992731,125.9706738177764,170.45180749322483,105.4849
SBI Small Cap Fund - Direct Plan - Growth,119599,372,63.08704674342446,84.68525910995447,103.1793256719148,126.096927018132,170.48223044448903,105.4849
SBI Small Cap Fund - Direct Plan - Growth,119599,373,63.133212281496824,84.68454383445739,103.33010659796302,126.13337875454346,170.13274395939078,105.4849
SBI Small Cap Fund - Direct Plan - Growth,119599,374,63.07568115676208,84.6946130566759,103.33780994207186,126.45495574316011,170.3140268755672,105.4849
SBI Small Cap Fund - Direct Plan - Growth,119599,375,63.032165115232715,84.70264730192261,103.21660047062713,126.5563716033931,170.00058056406556,105.4849
SBI Small Cap Fund - Direct Plan - Growth,119599,376,62.99183279544812,84.63729020778847,103.34721792349572,126.48325575458746,170.20511344538704,105.4849
SBI Small Cap Fund - Direct Plan - Growth,119599,377,62.770078552302664,84.63964778012593,103.29485160595564,126.36549625250447,170.49222379635677,105.4849
SBI Small Cap Fund - Direct Plan - Growth,119599,378,62.94082978897124,84.57810375987862,103.3330105641977,126.52645731601622,170.27106405010846,105.4849
SBI Small Cap Fund - Direct Plan - Growth,119599,379,62.94551758998742,84.68212228668543,103.346226061126,126.66222012049478,170.6211699118442,105.4849
SBI Small Cap Fund - Direct Plan - Growth,119599,380,62.797892678048115,84.63131867757531,103.24431703848526,126.69065133251205,170.3421308463942,105.4849
SBI Small Cap Fund - Direct Plan - Growth,119599,381,62.5836599302733,84.57049185098332,103.28648314270416,126.61863887073243,171.02963531292264,105.4849
SBI Small Cap Fund - Direct Plan - Growth,119599,382,62.75219383449981,84.68240127555552,103.35480924223565,126.64393247851282,170.76601834479618,105.4849
SBI Small Cap Fund - Direct Plan - Growth,119599,383,62.526516841107494,84.61643958095038,103.35657717497513,126.7386628329049,171.42768019310762,105.4849
SBI Small Cap Fund - Direct Plan - Growth,119599,384,62.54836178912573,84.62730650057885,103.31355868947753,126.63172679134645,171.91283860862896,105.4849
SBI Small Cap Fund - Direct Plan - Growth,119599,385,62.39172543578771,84.65079326595051,103.37367397860677,126.43015252179849,171.17358844724268,105.4849
SBI Small Cap Fund - Direct Plan - Growth,119599,386,62.40987244104587,84.74357236634805,103.3215588607963,126.6687067364555,171.15106018803493,105.4849
SBI Small Cap Fund - Direct Plan - Growth,119599,387,62.58200696235231,84.63941903624908,103.32399451345307,126.64412512176673,171.2967719368892,105.4849
SBI Small Cap Fund - Direct Plan - Growth,119599,388,62.523039216067225,84.47252994384925,103.29508894313847,126.54618438512547,171.23281720992915,105.4849
SBI Small Cap Fund - Direct Plan - Growth,119599,389,62.47048428987628,84.39243231934739,103.26703198297334,126.69088277337616,171.78310173504335,105.4849
SBI Small Cap Fund - Direct Plan - Growth,119599,390,62.356854996285925,84.4789453198375,103.37241466062395,126.71814313954955,171.5439272758928,105.4849
SBI Small Cap Fund - Direct Plan - Growth,119599,391,62.22724092493033,84.27265866987871,103.36150787012045,126.80755700575975,171.96540636085496,105.4849
SBI Small Cap Fund - Direct Plan - Growth,119599,392,62.13677609707931,84.19065184651996,103.2830203949812,127.07030318743296,171.28979915298729,105.4849
SBI Small Cap Fund - Direct Plan - Growth,119599,393,62.071853798607535,84.16186810324237,103.34538726816388,127.01086055684992,171.7524585300684,105.4849
SBI Small Cap Fund - Direct Plan - Growth,119599,394,62.10617344866898,84.18363645513847,103.36296356939279,127.03652007827284,171.44171997729853,105.4849
SBI Small Cap Fund - Direct Plan - Growth,119599,395,62.10751648989698,84.20026208336365,103.47453995427662,127.19364454451564,171.71378573322912,105.4849
SBI Small Cap Fund - Direct Plan - Growth,119599,396,62.12974253485573,84.20993315691867,103.37823411861189,127.34240417147426,172.10682729703808,105.4849
SBI Small Cap Fund - Direct Plan - Growth,119599,397,62.15288376076485,84.1866788825593,103.22928701249069,127.35235617514908,172.73950866434765,105.4849
SBI Small Cap Fund - Direct Plan - Growth,119599,398,62.188141880324885,84.24546222126065,103.40750674822928,127.41406479945205,172.60059255728163,105.4849
SBI Small Cap Fund - Direct Plan - Growth,119599,399,61.92941802927445,84.08823194123286,103.37284480375519,127.62563874065478,173.0008298423521,105.4849
SBI Small Cap Fund - Direct Plan - Growth,119599,400,61.74363134134943,84.15137308649463,103.32429318109014,127.55347436652832,173.47727268505204,105.4849
SBI Small Cap Fund - Direct Plan - Growth,119599,401,61.92639063424097,84.30671507573157,103.2211545677633,127.75045407306703,173.12459390410183,105.4849
SBI Small Cap Fund - Direct Plan - Growth,119599,402,61.80561840628675,84.25759790948175,103.31984492401668,127.91589428483925,173.19521773676712,105.4849
SBI Small Cap Fund - Direct Plan - Growth,119599,403,61.68174883889144,84.12390626488794,103.41010792575162,127.76401159696427,173.46189486536358,105.4849
SBI Small Cap Fund - Direct Plan - Growth,119599,404,61.83412474433587,84.12423190641337,103.45348197568134,127.89973931499074,173.52589391357665,105.4849
SBI Small Cap Fund - Direct Plan - Growth,119599,405,61.97372105257966,84.24581001147635,103.45194096588202,127.94544118216923,173.69619186534203,105.4849
SBI Small Cap Fund - Direct Plan - Growth,119599,406,61.64082090430392,84.16214243901807,103.39650392748032,127.86365425675702,173.55216047400785,105.4849
SBI Small Cap Fund - Direct Plan - Growth,119599,407,61.569214264991714,84.21300940695895,103.52060451209378,127.82087979960639,173.12562017380753,105.4849
SBI Small Cap Fund - Direct Plan - Growth,119599,408,61.47320008533386,84.09655099784338,103.61679505269203,127.7036601786128,173.64303335004215,105.4849
SBI Small Cap Fund - Direct Plan - Growth,119599,409,61.45907070913649,84.16541282242648,103.4050525049731,127.59403914800066,173.83197739885637,105.4849
SBI Small Cap Fund - Direct Plan - Growth,119599,410,61.45714553636038,84.09561019611185,103.51842355335779,127.39279722102614,174.2866708948973,105.4849
SBI Small Cap Fund - Direct Plan - Growth,119599,411,61.40093561551377,84.15199961248949,103.41846801083844,127.64292303299032,174.98313860798658,105.4849
SBI Small Cap Fund - Direct Plan - Growth,119599,412,61.262218222565494,84.01720524389893,103.57080260852865,127.70667514263664,174.11155685909037,105.4849
SBI Small Cap Fund - Direct Plan - Growth,119599,413,61.273775274381926,84.04412706136341,103.56299419025828,127.66072768715789,174.12846321552792,105.4849
SBI Small Cap Fund - Direct Plan - Growth,119599,414,61.140743232444365,84.0564013083438,103.58895427870209,127.72159001455748,174.00726496460913,105.4849
SBI Small Cap Fund - Direct Plan - Growth,119599,415,61.10377700186604,84.1245228480425,103.77691447470697,127.67231982383313,173.85136420425007,105.4849
SBI Small Cap Fund - Direct Plan - Growth,119599,416,61.2475836274819,84.11607738481725,103.46753284645668,127.77086031083209,174.44794405098617,105.4849
SBI Small Cap Fund - Direct Plan - Growth,119599,417,60.9578384825781,83.98796004090613,103.60480649814517,127.78634458828031,174.43667680185047,105.4849
SBI Small Cap Fund - Direct Plan - Growth,119599,418,61.1215240065172,83.91409305417729,103.59819509142645,128.03769561196737,174.28625662832647,105.4849
SBI Small Cap Fund - Direct Plan - Growth,119599,419,61.15638877769048,83.92595492780868,103.535178087082,127.6581079520498,174.18156378757106,105.4849
SBI Small Cap Fund - Direct Plan - Growth,119599,420,60.99453416592962,83.9209668801961,103.53722358175844,127.78838586151653,174.41564675017733,105.4849
SBI Small Cap Fund - Direct Plan - Growth,119599,421,61.09240315697433,84.0091532315844,103.35836334590208,127.8705578617041,174.38209847728098,105.4849
SBI Small Cap Fund - Direct Plan - Growth,119599,422,61.03446754329511,83.87497296524995,103.34079127897625,127.98980480991959,174.1038155660062,105.4849
SBI Small Cap Fund - Direct Plan - Growth,119599,423,60.96454940958478,83.87584002247704,103.33886869879936,128.32656140024918,174.48415092660366,105.4849
SBI Small Cap Fund - Direct Plan - Growth,119599,424,60.91225451558309,83.79261420373979,103.24873565403114,128.16160720857755,174.36333499944783,105.4849
SBI Small Cap Fund - Direct Plan - Growth,119599,425,60.87584209897689,83.76353552089753,103.54527695357044,128.02753305816563,175.17772941639808,105.4849
SBI Small Cap Fund - Direct Plan - Growth,119599,426,61.05065246395957,83.79033774828684,103.55901152068459,127.89750572402919,174.93938708106884,105.4849
SBI Small Cap Fund - Direct Plan - Growth,119599,427,60.95169809457506,83.57445632617728,103.3967042947674,127.91143015992849,174.4399536433139,105.4849
SBI Small Cap Fund - Direct Plan - Growth,119599,428,60.82851679690485,83.60903933179816,103.47153578305127,127.89013728956809,174.59427821361638,105.4849
SBI Small Cap Fund - Direct Plan - Growth,119599,429,60.68522351331549,83.64742168770485,103.37154484878883,128.0132494536137,175.0143890676675,105.4849
SBI Small Cap Fund - Direct Plan - Growth,119599,430,60.770722499039344,83.54467739972287,103.2531252419152,128.0136068810945,175.20687555347146,105.4849
SBI Small Cap Fund - Direct Plan - Growth,119599,431,60.54780970938464,83.47370615125979,103.33185860346208,128.00976651273058,175.2144200689267,105.4849
SBI Small Cap Fund - Direct Plan - Growth,119599,432,60.49971581523037,83.53765346855118,103.31657160110116,128.04341876370253,175.52650344515078,105.4849
SBI Small Cap Fund - Direct Plan - Growth,119599,433,60.563931299549765,83.48473814512752,103.21813974990718,127.83422244707856,176.02139742006437,105.4849
SBI Small Cap Fund - Direct Plan - Growth,119599,434,60.45274281653031,83.49432011667157,103.30284418313062,128.18791166443214,176.14479515400086,105.4849
SBI Small Cap Fund - Direct Plan - Growth,119599,435,60.437390101126304,83.42529670816754,103.29982482500633,128.35443786475324,176.03249944088378,105.4849
SBI Small Cap Fund - Direct Plan - Growth,119599,436,60.477627847905545,83.37555608288929,103.14510886775594,128.15801594316807,176.41664117402732,105.4849
SBI Small Cap Fund - Direct Plan - Growth,119599,437,60.45962713199388,83.42666234352454,103.14538927906017,128.20734134011164,176.53418430977968,105.4849
SBI Small Cap Fund - Direct Plan - Growth,119599,438,60.37181085059464,83.41784458967005,103.15656430091977,128.0440321182399,176.61191040961276,105.4849
SBI Small Cap Fund - Direct Plan - Growth,119599,439,60.425145084815,83.35515446729417,103.16894644322903,128.21917223708778,176.51056661585332,105.4849
SBI Small Cap Fund - Direct Plan - Growth,119599,440,60.29039684750255,83.28701551050743,103.16914356948462,128.17400666619113,176.90049274594898,105.4849
SBI Small Cap Fund - Direct Plan - Growth,119599,441,60.202467512704864,83.32139756452426,103.20096135447443,128.23395078982196,176.90812939777638,105.4849
SBI Small Cap Fund - Direct Plan - Growth,119599,442,60.401058728573055,83.26654688504959,103.1825555095979,128.33685716783518,176.82945885570098,105.4849
SBI Small Cap Fund - Direct Plan - Growth,119599,443,60.386819114720055,83.26353012662399,103.15096229675626,128.28410582154743,177.5056890590474,105.4849
SBI Small Cap Fund - Direct Plan - Growth,119599,444,60.36997274452638,83.18517922801519,103.28307625455915,128.40893171539494,177.5698567839114,105.4849
SBI Small Cap Fund - Direct Plan - Growth,119599,445,60.490721471215224,83.12837151665633,103.00062615761381,128.3947157257176,177.20193616123254,105.4849
SBI Small Cap Fund - Direct Plan - Growth,119599,446,60.24369027806818,83.12279895937891,103.14252261615854,128.33465899416888,177.2227771617934,105.4849
SBI Small Cap Fund - Direct Plan - Growth,119599,447,60.10280211384695,82.93947390229658,103.23123212345035,128.50962275388454,178.2031320835774,105.4849
SBI Small Cap Fund - Direct Plan - Growth,119599,448,59.95046718277975,82.9789783271007,103.20598662302334,128.5012805101976,178.7137245112596,105.4849
SBI Small Cap Fund - Direct Plan - Growth,119599,449,59.99979929478946,82.97057746373176,102.93748444656673,128.3669883663953,178.44955529132412,105.4849
SBI Small Cap Fund - Direct Plan - Growth,119599,450,59.8317654273805,83.04168473973857,102.83300589875083,128.6590742206335,178.37999906187886,105.4849
SBI Small Cap Fund - Direct Plan - Growth,119599,451,59.85599123839907,82.97741346357537,102.78582133145864,128.41081722515918,178.9440950485696,105.4849
SBI Small Cap Fund - Direct Plan - Growth,119599,452,59.8819296628601,83.05866304928456,102.90600847136912,128.5570043565277,179.08644826756023,105.4849
SBI Small Cap Fund - Direct Plan - Growth,119599,453,59.76661177569906,82.90093936571256,102.9016164516047,128.5857027313098,179.13550669086212,105.4849
SBI Small Cap Fund - Direct Plan - Growth,119599,454,59.71384339513722,83.01042437638527,102.79634154481843,128.60925265734352,179.30355531045643,105.4849
SBI Small Cap Fund - Direct Plan - Growth,119599,455,59.56776255351904,82.92401981754475,102.8091561280519,128.61850620964708,179.50632118942082,105.4849
SBI Small Cap Fund - Direct Plan - Growth,119599,456,59.49994178103088,82.92341651443755,102.65542495498232,128.6749098367216,179.62523616768036,105.4849
SBI Small Cap Fund - Direct Plan - Growth,119599,457,59.47894673672038,82.96770906565251,102.72677911425808,128.7274321684541,179.76535708276379,105.4849
SBI Small Cap Fund - Direct Plan - Growth,119599,458,59.63795270096468,82.94588397843417,102.87526211340202,128.80994983838679,179.5824682232087,105.4849
SBI Small Cap Fund - Direct Plan - Growth,119599,459,59.463859781807905,82.92181201025402,102.93649309731015,128.62658319980008,179.02785954760103,105.4849
SBI Small Cap Fund - Direct Plan - Growth,119599,460,59.64476165022751,82.66694849731977,102.98924269892177,128.5758327018102,179.77303930067885,105.4849
SBI Small Cap Fund - Direct Plan - Growth,119599,461,59.540841373072944,82.76442158843892,102.96140081250024,128.65248817649845,179.33129429863416,105.4849
SBI Small Cap Fund - Direct Plan - Growth,119599,462,59.54553511402771,82.76264090750138,103.0117460462386,128.84064450362675,179.19648139561778,105.4849
SBI Small Cap Fund - Direct Plan - Growth,119599,463,59.43194056157183,82.62883095513071,102.89929121281298,129.00208056579874,179.82421390956367,105.4849
SBI Small Cap Fund - Direct Plan - Growth,119599,464,59.3718489920639,82.45168310370516,102.89570814759412,128.9668192883098,179.5902442267812,105.4849
SBI Small Cap Fund - Direct Plan - Growth,119599,465,59.36051392271783,82.45797578416179,103.0548338140032,128.97394338543765,179.34282338225134,105.4849
SBI Small Cap Fund - Direct Plan - Growth,119599,466,59.21858988808555,82.37705602720355,103.02077604331183,129.00318036044342,179.53298684462897,105.4849
SBI Small Cap Fund - Direct Plan - Growth,119599,467,59.09938040352524,82.5101289234495,102.90980090448193,129.23285058554586,180.1248288261949,105.4849
SBI Small Cap Fund - Direct Plan - Growth,119599,468,59.05982452617686,82.48157553169085,102.85036218656799,129.3868142030479,180.04652338069002,105.4849
SBI Small Cap Fund - Direct Plan - Growth,119599,469,59.16630141039091,82.3345702146292,102.60941276197121,129.41606135757408,180.06838216866498,105.4849
SBI Small Cap Fund - Direct Plan - Growth,119599,470,59.13480402502575,82.29422380006075,102.7530881780383,129.3172876762642,180.72049319950307,105.4849
SBI Small Cap Fund - Direct Plan - Growth,119599,471,59.11506875029747,82.37028069829663,102.64561207388552,129.373474001494,180.72866351731375,105.4849
SBI Small Cap Fund - Direct Plan - Growth,119599,472,59.074158004229346,82.32320985576504,102.76477300035882,129.42432778713254,180.64042065970136,105.4849
SBI Small Cap Fund - Direct Plan - Growth,119599,473,58.97985886686622,82.40980969573165,102.83126621738366,129.13646392543177,180.50616725419,105.4849
SBI Small Cap Fund - Direct Plan - Growth,119599,474,58.92724564099513,82.41831385068096,102.95635357845661,129.29819436610452,181.28614959741384,105.4849
SBI Small Cap Fund - Direct Plan - Growth,119599,475,59.10329039797288,82.44171726020639,102.98426278553933,129.24019612326657,180.96454420867053,105.4849
SBI Small Cap Fund - Direct Plan - Growth,119599,476,59.20682907733281,82.4009860334262,102.94132972732775,129.31675187624262,181.2786695054453,105.4849
SBI Small Cap Fund - Direct Plan - Growth,119599,477,58.83883839538977,82.49939425080068,102.76918783270065,129.51844746501317,181.2059196868252,105.4849
SBI Small Cap Fund - Direct Plan - Growth,119599,478,58.884581598695846,82.34714237798686,102.71593909942568,129.28203174777144,180.5937869369043,105.4849
SBI Small Cap Fund - Direct Plan - Growth,119599,479,58.73603346471929,82.32593972348394,102.86391529772445,129.4223253987327,180.33066220265837,105.4849
SBI Small Cap Fund - Direct Plan - Growth,119599,480,58.601882699355016,82.2510350182545,102.84329558127922,129.35179253109266,180.93813465388683,105.4849
SBI Small Cap Fund - Direct Plan - Growth,119599,481,58.46766773581591,82.26553970561169,102.8840396042323,129.46740679430934,181.1537168530258,105.4849
SBI Small Cap Fund - Direct Plan - Growth,119599,482,58.401545041153675,82.22396190716984,102.77148012388608,129.2318248618906,181.19841171191587,105.4849
SBI Small Cap Fund - Direct Plan - Growth,119599,483,58.27195685507646,82.18842608337438,102.85585315889821,129.65458652944938,181.58553579201117,105.4849
SBI Small Cap Fund - Direct Plan - Growth,119599,484,58.56096898464546,82.15674630292781,102.86083626048915,129.90961007961823,181.04154166921504,105.4849
SBI Small Cap Fund - Direct Plan - Growth,119599,485,58.52434525892028,82.13127944487638,102.80225533044,129.8820147813898,181.50484053339886,105.4849
SBI Small Cap Fund - Direct Plan - Growth,119599,486,58.537812485307924,82.12520876756413,102.7640962008937,130.14815817571537,182.35957271540096,105.4849
SBI Small Cap Fund - Direct Plan - Growth,119599,487,58.3211774694127,82.13624684087074,102.5947582486254,130.162232366326,181.8452680095137,105.4849
SBI Small Cap Fund - Direct Plan - Growth,119599,488,58.32553267511473,82.03213758846078,102.45892762254098,130.19242860788341,182.3548295936285,105.4849
SBI Small Cap Fund - Direct Plan - Growth,119599,489,58.30558839379948,81.99067457316488,102.64793917218891,130.29251320782592,182.4486804131708,105.4849
SBI Small Cap Fund - Direct Plan - Growth,119599,490,58.10057830649107,82.05110119638607,102.55187903744645,130.18857596177568,182.63545220939972,105.4849
SBI Small Cap Fund - Direct Plan - Growth,119599,491,58.195271046787404,82.02503003810276,102.71082315081838,130.25534525880886,183.1481320633854,105.4849
SBI Small Cap Fund - Direct Plan - Growth,119599,492,58.02252918684016,81.910333126503,102.61022235198351,130.17080101034213,183.60327541266062,105.4849
SBI Small Cap Fund - Direct Plan - Growth,119599,493,58.055467741020585,82.02240444550851,102.67123028109413,130.50143612008978,183.46565151459114,105.4849
SBI Small Cap Fund - Direct Plan - Growth,119599,494,57.82162420700407,82.08887481350321,102.69723989686241,130.20238704339326,184.23933792477177,105.4849
SBI Small Cap Fund - Direct Plan - Growth,119599,495,57.95294400234471,81.9063059619996,102.66342468658326,130.27687428282275,184.17416090427452,105.4849
SBI Small Cap Fund - Direct Plan - Growth,119599,496,57.84774345229957,81.84621319397516,102.69232610342009,130.34436780738855,184.27595104604882,105.4849
SBI Small Cap Fund - Direct Plan - Growth,119599,497,57.8574743293184,81.90027583478499,102.81211679597615,130.28236608549707,183.42074345801356,105.4849
SBI Small Cap Fund - Direct Plan - Growth,119599,498,57.90928653825075,81.76441477324747,102.73205250097972,130.35871866535615,184.06213494018442,105.4849
SBI Small Cap Fund - Direct Plan - Growth,119599,499,57.78459138773728,82.00830674819846,102.80635638408059,130.37886825147103,183.7061227905503,105.4849
SBI Small Cap Fund - Direct Plan - Growth,119599,500,57.791284267995465,81.94097607126251,102.68168576719697,130.4060013501764,184.29813647416202,105.4849
SBI Small Cap Fund - Direct Plan - Growth,119599,501,57.77599908499271,81.89467696257103,102.6679651345424,130.5125467259169,184.11239495477435,105.4849
SBI Small Cap Fund - Direct Plan - Growth,119599,502,57.84213950426469,81.89574263985435,102.62948070024137,130.23110579158921,184.4662798999211,105.4849
SBI Small Cap Fund - Direct Plan - Growth,119599,503,57.68793015522381,81.76260553153126,102.5179320740325,130.65374094510102,184.54784607636964,105.4849
SBI Small Cap Fund - Direct Plan - Growth,119599,504,57.88169327316316,81.77432204390934,102.57657587410645,130.63998949562324,184.57129558322148,105.4849
SBI Small Cap Fund - Direct Plan - Growth,119599,505,57.92331562758432,81.69397471638814,102.59339596444653,130.8819500573561,185.36475660136526,105.4849
SBI Small Cap Fund - Direct Plan - Growth,119599,506,57.74075293599084,81.76942701224984,102.58687889938595,130.687055153092,184.99812280404305,105.4849
SBI Small Cap Fund - Direct Plan - Growth,119599,507,57.77495079902303,81.60974924094178,102.57597627377449,130.7409223075492,185.5293256130266,105.4849
SBI Small Cap Fund - Direct Plan - Growth,119599,508,57.81043602282228,81.64968754556763,102.58303032797204,131.1141789537853,184.77255378707463,105.4849
SBI Small Cap Fund - Direct Plan - Growth,119599,509,57.772355111483705,81.62147141181345,102.62883218871508,130.96511231175302,185.410439688192,105.4849
SBI Small Cap Fund - Direct Plan - Growth,119599,510,57.76223139812331,81.70290435649959,102.89125332028573,131.1742191892663,184.60218974795578,105.4849
SBI Small Cap Fund - Direct Plan - Growth,119599,511,57.63267585662603,81.66228010680244,103.03174467038616,130.93789930206896,184.9731473841798,105.4849
SBI Small Cap Fund - Direct Plan - Growth,119599,512,57.59804320614259,81.5461536246948,102.90906287506314,130.90942005622674,184.6463640313506,105.4849
SBI Small Cap Fund - Direct Plan - Growth,119599,513,57.61430091911768,81.5011400901829,102.84776502508137,131.01879857788822,184.93112087762836,105.4849
SBI Small Cap Fund - Direct Plan - Growth,119599,514,57.49879917767418,81.49621930116734,102.94318542587581,131.0037460679901,185.0177537248219,105.4849
SBI Small Cap Fund - Direct Plan - Growth,119599,515,57.50432271096299,81.41232170867855,102.74774784838777,130.72714462470213,184.44860534334813,105.4849
SBI Small Cap Fund - Direct Plan - Growth,119599,516,57.460438644537355,81.28965570229336,102.97629765290668,130.9824702769568,184.580748334668,105.4849
SBI Small Cap Fund - Direct Plan - Growth,119599,517,57.61433132550828,81.44466053780404,102.8059742960085,130.8080807927449,184.85247535274675,105.4849
SBI Small Cap Fund - Direct Plan - Growth,119599,518,57.56457704817387,81.3557841750613,102.7761884753692,130.95610673746165,184.68709710095206,105.4849
SBI Small Cap Fund - Direct Plan - Growth,119599,519,57.460295918575504,81.28091702043648,102.802436847309,131.08038828623668,184.90720717516612,105.4849
SBI Small Cap Fund - Direct Plan - Growth,119599,520,57.403723553854086,81.25267836969932,102.72151933821502,131.1072809304304,185.21157741779126,105.4849
SBI Small Cap Fund - Direct Plan - Growth,119599,521,57.366898746464564,81.31535492048485,102.74104282978945,131.07919604121275,185.10296780301238,105.4849
SBI Small Cap Fund - Direct Plan - Growth,119599,522,57.331517990364304,81.31347047145572,102.84330040932176,131.4050010534498,185.262055233127,105.4849
SBI Small Cap Fund - Direct Plan - Growth,119599,523,57.127458739539364,81.26258066738333,102.79959679023581,130.91945907969588,185.3826744448087,105.4849
SBI Small Cap Fund - Direct Plan - Growth,119599,524,57.40146110636261,81.05247195541912,102.68695844864729,131.00752608919382,185.97791926187824,105.4849
SBI Small Cap Fund - Direct Plan - Growth,119599,525,57.20504581209479,81.07890849390824,102.69707841895915,130.8832141377649,186.37857479271256,105.4849
SBI Small Cap Fund - Direct Plan - Growth,119599,526,57.22520867666918,81.06390699950846,102.73677734334325,131.1199815495353,186.2661821500954,105.4849
SBI Small Cap Fund - Direct Plan - Growth,119599,527,57.02772309628312,80.99159220880847,102.85426391884931,131.1646746719511,185.99681713384945,105.4849
SBI Small Cap Fund - Direct Plan - Growth,119599,528,57.08338872967441,81.04123431816167,102.83952025630802,131.1282378125619,186.09760203895672,105.4849
SBI Small Cap Fund - Direct Plan - Growth,119599,529,57.33500048030243,81.07704992713037,102.84521049713993,131.30444617976323,185.50853467741783,105.4849
SBI Small Cap Fund - Direct Plan - Growth,119599,530,57.08461337967382,80.9448612231283,102.71602061819475,131.16118093253306,186.63261905434416,105.4849
SBI Small Cap Fund - Direct Plan - Growth,119599,531,56.98661213687703,80.99490960052918,102.69271668988384,131.3159786755155,186.75520085373054,105.4849
SBI Small Cap Fund - Direct Plan - Growth,119599,532,56.87957740638162,80.90546837622807,102.62381635898245,130.97350120352655,186.68654857435473,105.4849
SBI Small Cap Fund - Direct Plan - Growth,119599,533,56.92857209881409,81.00463655160401,102.65978188296856,130.94950404565796,186.4596488852137,105.4849
SBI Small Cap Fund - Direct Plan - Growth,119599,534,56.76178376611452,80.83588289477554,102.74139993253459,131.1603077184463,187.05636671958257,105.4849
SBI Small Cap Fund - Direct Plan - Growth,119599,535,56.820973781953136,80.91490987851233,102.6846919854851,131.18591286298766,186.713973735634,105.4849
SBI Small Cap Fund - Direct Plan - Growth,119599,536,56.758177285529975,80.94359257928492,102.54917147664321,131.3684034886331,186.73549044819646,105.4849
SBI Small Cap Fund - Direct Plan - Growth,119599,537,56.852966888545296,81.10986526018026,102.63436079721609,131.59836349650587,187.47832022030005,105.4849
SBI Small Cap Fund - Direct Plan - Growth,119599,538,56.6860626856459,80.84538730684763,102.74901385050674,131.268685868774,187.34371050194514,105.4849
SBI Small Cap Fund - Direct Plan - Growth,119599,539,56.57543242339144,80.87103549555617,102.74902743287034,131.44026587716087,187.46535338789465,105.4849
SBI Small Cap Fund - Direct Plan - Growth,119599,540,56.50111070687637,80.80488333013831,102.70460019895245,131.5366408554638,187.4238511567998,105.4849
SBI Small Cap Fund - Direct Plan - Growth,119599,541,56.64305665671095,80.93252244081208,102.77145892857368,131.49502890742644,187.26519774874117,105.4849
SBI Small Cap Fund - Direct Plan - Growth,119599,542,56.72102519618809,80.81467031332079,102.84090488061082,131.50211184199634,187.37726738169778,105.4849
SBI Small Cap Fund - Direct Plan - Growth,119599,543,56.67936298618323,80.60851117837394,102.76974780784049,131.77666412515816,187.49654295147445,105.4849
SBI Small Cap Fund - Direct Plan - Growth,119599,544,56.494958904477635,80.6868702936292,103.04759128015165,131.93179179697654,187.49342928956207,105.4849
SBI Small Cap Fund - Direct Plan - Growth,119599,545,56.5295988877971,80.71845959144295,102.8831718256142,131.8214045086801,187.77563450011846,105.4849
SBI Small Cap Fund - Direct Plan - Growth,119599,546,56.593307930472726,80.78495999581129,102.96425731460221,131.83773346791125,187.17577279519762,105.4849
SBI Small Cap Fund - Direct Plan - Growth,119599,547,56.3793827371602,80.59579446256268,102.84107696330629,131.60750575285633,187.58558814644894,105.4849
SBI Small Cap Fund - Direct Plan - Growth,119599,548,56.46689320164068,80.53615850745891,102.84990270970687,131.88855352792226,188.36634372359865,105.4849
SBI Small Cap Fund - Direct Plan - Growth,119599,549,56.398747109816476,80.49516069659943,102.90246717986054,132.05936501308764,188.41461688245667,105.4849
SBI Small Cap Fund - Direct Plan - Growth,119599,550,56.32338048679223,80.49769921871258,102.92143624795793,131.91351978163857,188.75242792870804,105.4849
SBI Small Cap Fund - Direct Plan - Growth,119599,551,56.39425341958763,80.42800556420359,102.75012101859302,131.5775203148194,188.5931702849343,105.4849
SBI Small Cap Fund - Direct Plan - Growth,119599,552,56.373308050517515,80.68937684655724,102.7990508982927,131.58764826570757,188.87337395914173,105.4849
SBI Small Cap Fund - Direct Plan - Growth,119599,553,56.392805997554795,80.59704521630128,102.77195152488406,131.53059019956675,188.29105640877353,105.4849
SBI Small Cap Fund - Direct Plan - Growth,119599,554,56.48766608769743,80.57531628185252,102.84722767050081,131.86720451525858,189.01649647113743,105.4849
SBI Small Cap Fund - Direct Plan - Growth,119599,555,56.41845001826123,80.51188356266987,102.92068671411187,131.86547003434256,188.71390883652452,105.4849
SBI Small Cap Fund - Direct Plan - Growth,119599,556,56.51127968695192,80.48262868816067,102.8906438047103,132.0211593714356,188.9630673366903,105.4849
SBI Small Cap Fund - Direct Plan - Growth,119599,557,56.52961720664051,80.39840696720425,102.75411002458267,132.01891153905603,188.76641280191058,105.4849
SBI Small Cap Fund - Direct Plan - Growth,119599,558,56.38952534470893,80.30954181606018,102.62505239808607,132.05584050562538,188.70235568044063,105.4849
SBI Small Cap Fund - Direct Plan - Growth,119599,559,56.18705098722688,80.32426020698614,102.59675788821667,132.12820906068862,189.37338296903798,105.4849
SBI Small Cap Fund - Direct Plan - Growth,119599,560,56.182829106164824,80.1941507345006,102.62450044644905,132.11142571068763,188.4985736631673,105.4849
SBI Small Cap Fund - Direct Plan - Growth,119599,561,56.288988731394575,80.26083435968565,102.75259338712289,132.0604340359539,189.03255665697523,105.4849
SBI Small Cap Fund - Direct Plan - Growth,119599,562,56.230505650907865,80.2350898102105,102.86973292565277,131.87979791501658,189.54321166306661,105.4849
SBI Small Cap Fund - Direct Plan - Growth,119599,563,56.28481105099735,80.06927231380456,102.71326387470828,131.7904236915736,189.07417998267687,105.4849
SBI Small Cap Fund - Direct Plan - Growth,119599,564,56.38743459490252,80.14242944998281,102.71631902731592,131.9168244819071,190.0103913582213,105.4849
SBI Small Cap Fund - Direct Plan - Growth,119599,565,56.26497386791832,80.23455531166185,102.78009372726481,132.09515675797186,189.87428693661016,105.4849
SBI Small Cap Fund - Direct Plan - Growth,119599,566,56.14268647170013,80.2339205494747,102.86251358828989,132.12408625328584,190.22346138185938,105.4849
SBI Small Cap Fund - Direct Plan - Growth,119599,567,56.26846416939,80.19949379462992,102.78879141472227,131.97231649531682,189.67459409185514,105.4849
SBI Small Cap Fund - Direct Plan - Growth,119599,568,56.15806250044897,80.05872632973572,102.63063718249842,132.09700673779992,189.83918631702258,105.4849
SBI Small Cap Fund - Direct Plan - Growth,119599,569,56.2562313908681,80.04702582682468,102.56655711143262,131.89673340223314,189.6659573422508,105.4849
SBI Small Cap Fund - Direct Plan - Growth,119599,570,56.143537618612925,80.11790858479236,102.46280474788136,131.9898466711718,189.40161910013612,105.4849
SBI Small Cap Fund - Direct Plan - Growth,119599,571,56.07508396068275,80.12799687399549,102.51421532816917,132.21553614704726,189.67100499347595,105.4849
SBI Small Cap Fund - Direct Plan - Growth,119599,572,56.01461913615208,80.02332235559174,102.49501395358449,132.25447761932708,190.39864450904872,105.4849
SBI Small Cap Fund - Direct Plan - Growth,119599,573,56.04871460936492,79.94381148007665,102.53722614677449,132.3343598907256,189.72974870519084,105.4849
SBI Small Cap Fund - Direct Plan - Growth,119599,574,55.93021589416186,79.89780372804857,102.49751871033095,132.3144015046739,190.61549639536958,105.4849
SBI Small Cap Fund - Direct Plan - Growth,119599,575,55.810473808098095,79.81338674585542,102.45596360178047,132.45719259447782,190.63407445262783,105.4849
SBI Small Cap Fund - Direct Plan - Growth,119599,576,55.886720422534786,79.80489526038394,102.45105275578359,132.53998771487107,191.6491777778655,105.4849
SBI Small Cap Fund - Direct Plan - Growth,119599,577,55.67567887613744,79.8280108750507,102.59128116636819,132.698216138906,191.4465949809237,105.4849
SBI Small Cap Fund - Direct Plan - Growth,119599,578,55.467525086051225,79.86125159898701,102.48062515909987,132.4944869178146,190.79839271615197,105.4849
SBI Small Cap Fund - Direct Plan - Growth,119599,579,55.66010895791727,79.76256156995836,102.44470122864467,132.4617333061538,190.82435638129465,105.4849
SBI Small Cap Fund - Direct Plan - Growth,119599,580,55.524310010755514,79.80782359989871,102.54988964137856,132.46416069808075,191.18669958052928,105.4849
SBI Small Cap Fund - Direct Plan - Growth,119599,581,55.527290340733046,79.70931584339193,102.67070797228811,132.4944232009983,191.3062319700678,105.4849
SBI Small Cap Fund - Direct Plan - Growth,119599,582,55.29756957216652,79.70475728210268,102.66907060645545,132.52444680935005,191.21847454605722,105.4849
SBI Small Cap Fund - Direct Plan - Growth,119599,583,55.28690300584115,79.72511594891051,102.69215067770739,132.8547700536434,191.36325982928602,105.4849
SBI Small Cap Fund - Direct Plan - Growth,119599,584,55.257627617754025,79.74087320918534,102.58089077257546,132.86403608840794,191.3168452420471,105.4849
SBI Small Cap Fund - Direct Plan - Growth,119599,585,55.3164174296657,79.78468402019833,102.56405820138397,132.76150598243026,191.67084668661687,105.4849
SBI Small Cap Fund - Direct Plan - Growth,119599,586,55.33037351015523,79.7787119735543,102.59125640777478,132.46619349401686,191.78456481719434,105.4849
SBI Small Cap Fund - Direct Plan - Growth,119599,587,55.100131188127506,79.71753966217162,102.65652961781953,132.36915362675344,192.0458174410496,105.4849
SBI Small Cap Fund - Direct Plan - Growth,119599,588,55.10004811700774,79.79443949868327,102.57369053808006,132.38658011912787,192.27135100800027,105.4849
SBI Small Cap Fund - Direct Plan - Growth,119599,589,55.16603991800536,79.68931466622335,102.63779927306595,132.76607147779967,192.4658215648493,105.4849
SBI Small Cap Fund - Direct Plan - Growth,119599,590,55.1712264558482,79.75087294900061,102.5520136219656,132.63181498811707,192.75025776211262,105.4849
SBI Small Cap Fund - Direct Plan - Growth,119599,591,55.216946029762724,79.6691976691923,102.58194200088538,132.57999966678994,192.8683054086372,105.4849
SBI Small Cap Fund - Direct Plan - Growth,119599,592,55.108991740974446,79.53634491141321,102.44541109336144,132.78090285730755,193.09507736005057,105.4849
SBI Small Cap Fund - Direct Plan - Growth,119599,593,54.866500526537315,79.5801754781332,102.56731216151303,132.64475536991765,193.12944634190458,105.4849
SBI Small Cap Fund - Direct Plan - Growth,119599,594,54.96148998808584,79.56442944266368,102.47553692481549,132.77236049601544,193.12122615972288,105.4849
SBI Small Cap Fund - Direct Plan - Growth,119599,595,54.63842860818215,79.30953199888977,102.56187536377251,132.90969532284612,192.5983929754842,105.4849
SBI Small Cap Fund - Direct Plan - Growth,119599,596,54.669261858235906,79.46275235511784,102.50290274645602,133.0274134454126,193.1472815120546,105.4849
SBI Small Cap Fund - Direct Plan - Growth,119599,597,54.877849115546454,79.3195334567094,102.56149441217184,132.90053364720262,193.3090078998842,105.4849
SBI Small Cap Fund - Direct Plan - Growth,119599,598,54.76702322184785,79.23194776531582,102.6181997246062,132.99028931016494,193.28942439184206,105.4849
SBI Small Cap Fund - Direct Plan - Growth,119599,599,54.813004412903105,79.33734125643113,102.46879995497862,132.82267347066093,192.5126122096171,105.4849
SBI Small Cap Fund - Direct Plan - Growth,119599,600,54.50487148998125,79.19086896574476,102.4404710863853,132.87016903359847,192.62692346397554,105.4849
SBI Small Cap Fund - Direct Plan - Growth,119599,601,54.645273584303176,79.26623381996512,102.35052806389851,132.61619722317272,192.8549682801218,105.4849
SBI Small Cap Fund - Direct Plan - Growth,119599,602,54.56449566016044,79.2285320339533,102.36709605202512,132.59220886628185,193.01256095679966,105.4849
SBI Small Cap Fund - Direct Plan - Growth,119599,603,54.64421851791645,79.05187494263176,102.28332226456257,132.47819082401085,193.1637827374063,105.4849
SBI Small Cap Fund - Direct Plan - Growth,119599,604,54.58860307921062,79.19294148545629,102.33135103268832,132.57509884293125,193.25934025251533,105.4849
SBI Small Cap Fund - Direct Plan - Growth,119599,605,54.64299665722736,79.25700828888432,102.32730231611575,132.65761884263998,192.86870874765185,105.4849
SBI Small Cap Fund - Direct Plan - Growth,119599,606,54.776656221910585,79.21444559954124,102.36517445241883,132.74958624373713,192.29382958887646,105.4849
SBI Small Cap Fund - Direct Plan - Growth,119599,607,54.4375465087962,79.23760930464454,102.54147222894848,132.6830902377679,192.8519257555729,105.4849
SBI Small Cap Fund - Direct Plan - Growth,119599,608,54.363330032811426,79.29516022455442,102.28763569133463,132.43705361052366,193.1114516696073,105.4849
SBI Small Cap Fund - Direct Plan - Growth,119599,609,54.26261186728945,79.24878749324095,102.43532101689317,132.5539072654579,192.904402704815,105.4849
SBI Small Cap Fund - Direct Plan - Growth,119599,610,54.38629126549723,79.17654050548367,102.44491872278904,132.9580998677227,193.3668505087538,105.4849
SBI Small Cap Fund - Direct Plan - Growth,119599,611,54.40723369341043,79.09868122702824,102.53690369670207,132.98945300790908,193.40462759935633,105.4849
SBI Small Cap Fund - Direct Plan - Growth,119599,612,54.368444830100884,79.11214818789432,102.41568191079324,132.88229376027607,193.78980194513366,105.4849
SBI Small Cap Fund - Direct Plan - Growth,119599,613,54.25881377458741,79.16939007151869,102.45904373787059,132.954332190755,193.7342816674353,105.4849
SBI Small Cap Fund - Direct Plan - Growth,119599,614,54.38984732605465,79.10746991878196,102.26974329233363,132.81249262464036,194.0557636907847,105.4849
SBI Small Cap Fund - Direct Plan - Growth,119599,615,54.145881308541306,79.13835572612342,102.62535899570031,132.93324677959902,194.6278710798394,105.4849
SBI Small Cap Fund - Direct Plan - Growth,119599,616,54.12813423264845,79.17520222388927,102.6523660694611,132.8192104991118,194.11087748846228,105.4849
SBI Small Cap Fund - Direct Plan - Growth,119599,617,54.17670824843535,79.05533179756564,102.42170541420064,132.9749079449565,194.63365499429014,105.4849
SBI Small Cap Fund - Direct Plan - Growth,119599,618,54.17199936893759,79.0978839949218,102.44326536345186,132.92468105506867,195.24038783573417,105.4849
SBI Small Cap Fund - Direct Plan - Growth,119599,619,54.30032872113802,78.95305555470158,102.60955597947053,133.0573738358602,195.57734703527433,105.4849
SBI Small Cap Fund - Direct Plan - Growth,119599,620,54.39407685629015,78.91640734065197,102.74423433398978,133.15174192965753,195.01717953285473,105.4849
SBI Small Cap Fund - Direct Plan - Growth,119599,621,54.290225161654384,78.9598048020082,102.68635625665954,132.96233945865157,194.74885352068767,105.4849
SBI Small Cap Fund - Direct Plan - Growth,119599,622,54.327303034268205,78.93127259050702,102.49400652616981,133.19575452286628,195.1090658538277,105.4849
SBI Small Cap Fund - Direct Plan - Growth,119599,623,54.008436037023245,78.89991259306987,102.48141368403574,133.1112750450268,194.69890537375343,105.4849
SBI Small Cap Fund - Direct Plan - Growth,119599,624,54.177435977714765,78.76187964954978,102.28128695188741,132.9970498482615,194.34814368271557,105.4849
SBI Small Cap Fund - Direct Plan - Growth,119599,625,53.972789420759675,78.73547017166871,102.44347331123133,133.03186189882868,194.59925441278745,105.4849
SBI Small Cap Fund - Direct Plan - Growth,119599,626,54.02094814141543,78.6683908386697,102.51484854078173,133.29483414811767,194.65819174684236,105.4849
SBI Small Cap Fund - Direct Plan - Growth,119599,627,53.98454495857927,78.67337381322994,102.58162842720282,133.26508128217756,194.21533637592987,105.4849
SBI Small Cap Fund - Direct Plan - Growth,119599,628,54.19026249003749,78.77515460750854,102.50477436177697,133.60256565438021,193.97860144918906,105.4849
SBI Small Cap Fund - Direct Plan - Growth,119599,629,54.18369549499526,78.73212203610024,102.39319977697207,133.46795453077323,194.8255516781497,105.4849
SBI Small Cap Fund - Direct Plan - Growth,119599,630,54.11687182593138,78.68303368026116,102.58378345012667,133.59046695755484,194.43339175370255,105.4849
SBI Small Cap Fund - Direct Plan - Growth,119599,631,54.077821509290615,78.70643773717796,102.45988914662743,133.57171682113517,194.2661951888404,105.4849
SBI Small Cap Fund - Direct Plan - Growth,119599,632,53.93383766173094,78.80770752252504,102.39094006323552,133.44361610122004,194.02266042043237,105.4849
SBI Small Cap Fund - Direct Plan - Growth,119599,633,53.75133196753056,78.74927529760048,102.52487210014422,133.51548760429205,195.84668254603127,105.4849
SBI Small Cap Fund - Direct Plan - Growth,119599,634,53.74091650188202,78.5066324716102,102.49256939590884,133.4528761736879,194.94652354491072,105.4849
SBI Small Cap Fund - Direct Plan - Growth,119599,635,53.761257053219396,78.65309018814257,102.4339067208887,133.59405030006926,195.10707057005666,105.4849
SBI Small Cap Fund - Direct Plan - Growth,119599,636,53.567245302558106,78.70850921959531,102.28832439964418,133.40548798007296,194.99196992191932,105.4849
SBI Small Cap Fund - Direct Plan - Growth,119599,637,53.51802339547008,78.57203569614094,102.28122708215253,133.50543967946243,194.89861238401025,105.4849
SBI Small Cap Fund - Direct Plan - Growth,119599,638,53.489443323507196,78.70246573862526,102.14860895067997,133.8490124856454,195.18488580666028,105.4849
SBI Small Cap Fund - Direct Plan - Growth,119599,639,53.35029905809797,78.56401250040048,102.0305940590932,133.6918214327129,195.53449272252183,105.4849
SBI Small Cap Fund - Direct Plan - Growth,119599,640,53.57776869069142,78.44779824507758,102.1473148157567,133.5874913811429,195.3973910288894,105.4849
SBI Small Cap Fund - Direct Plan - Growth,119599,641,53.48777890270749,78.3664262482586,102.28499202069156,133.55909954975792,195.30389235230464,105.4849
SBI Small Cap Fund - Direct Plan - Growth,119599,642,53.43759548307144,78.29303821242661,102.30847355648544,133.31984374792,195.4105014491159,105.4849
SBI Small Cap Fund - Direct Plan - Growth,119599,643,53.25504494413784,78.2687620864854,102.25937981480743,133.6172782342493,194.99532023965315,105.4849
SBI Small Cap Fund - Direct Plan - Growth,119599,644,53.31142187590102,78.35106747095486,102.45994019563051,133.8264573736859,195.15399587100677,105.4849
SBI Small Cap Fund - Direct Plan - Growth,119599,645,53.417183777094785,78.2758903120058,102.43554811435425,133.79349183305504,195.65783899886128,105.4849
SBI Small Cap Fund - Direct Plan - Growth,119599,646,53.478376341934144,78.38042261574579,102.41928525673562,134.01928806808533,195.56306546696393,105.4849
SBI Small Cap Fund - Direct Plan - Growth,119599,647,53.38750578191916,78.2464052573159,102.47363797127986,133.83447965210644,195.1999269956737,105.4849
SBI Small Cap Fund - Direct Plan - Growth,119599,648,53.31542978426883,78.21064718218814,102.43856366490292,133.88854096366947,195.69339794432804,105.4849
SBI Small Cap Fund - Direct Plan - Growth,119599,649,53.20171651979882,78.19911763307702,102.33964009928187,133.90626198092409,196.5171700208501,105.4849
SBI Small Cap Fund - Direct Plan - Growth,119599,650,53.24058797630925,78.25112759694468,102.37354333164443,133.9624635443822,196.3687120748521,105.4849
SBI Small Cap Fund - Direct Plan - Growth,119599,651,53.28233941350863,78.23114103271156,102.21014176374041,133.93467242790524,197.05376510234805,105.4849
SBI Small Cap Fund - Direct Plan - Growth,119599,652,53.34814736884728,78.12490313382145,102.28611313926609,133.89732662477425,197.34916409627232,105.4849
SBI Small Cap Fund - Direct Plan - Growth,119599,653,53.13602745620121,78.23405605196825,102.23752952092926,133.844802174618,197.1739100015256,105.4849
SBI Small Cap Fund - Direct Plan - Growth,119599,654,53.17648283578088,78.17332274598388,102.32764749122475,133.79506256357465,197.17789534101502,105.4849
SBI Small Cap Fund - Direct Plan - Growth,119599,655,53.19227703655397,78.15937170281437,102.37371824019664,134.1175320320301,197.4277259805164,105.4849
SBI Small Cap Fund - Direct Plan - Growth,119599,656,53.20755055749196,77.94155062774311,102.33616608940585,134.10755119536412,197.7643558798659,105.4849
SBI Small Cap Fund - Direct Plan - Growth,119599,657,53.26743007882792,77.93421467009824,102.3273216769555,134.09742164170535,198.11830076290815,105.4849
SBI Small Cap Fund - Direct Plan - Growth,119599,658,53.1982389673469,77.8864137351106,102.32065857760239,134.135379216539,198.15670347086606,105.4849
SBI Small Cap Fund - Direct Plan - Growth,119599,659,53.21631811968711,78.08155985697444,102.23675431330187,134.20845824828666,198.3232013714325,105.4849
SBI Small Cap Fund - Direct Plan - Growth,119599,660,53.21724097691958,78.03173357929127,102.30539291721732,134.1742307523219,198.54153131638853,105.4849
SBI Small Cap Fund - Direct Plan - Growth,119599,661,53.16906575448085,77.96534288302385,102.31617051917968,134.30846927292745,199.01348928407273,105.4849
SBI Small Cap Fund - Direct Plan - Growth,119599,662,53.060420300268625,78.03083558402335,102.25510286525913,134.47154552738104,199.507772149362,105.4849
SBI Small Cap Fund - Direct Plan - Growth,119599,663,53.05588493321187,78.04000823324738,102.43820096302636,134.28609470943937,199.03630537739053,105.4849
SBI Small Cap Fund - Direct Plan - Growth,119599,664,53.145660557203236,77.98017188723563,102.39408240388784,134.58962448471343,199.53233707677737,105.4849
SBI Small Cap Fund - Direct Plan - Growth,119599,665,52.82216652698129,77.91404126373362,102.31924971050769,134.56139131585354,199.79929810809645,105.4849
SBI Small Cap Fund - Direct Plan - Growth,119599,666,52.818370504666184,77.82716940599312,102.36778364786365,134.45635427413004,199.4711990526597,105.4849
SBI Small Cap Fund - Direct Plan - Growth,119599,667,52.96511045453663,77.79113184784052,102.41469411005284,134.4478656051441,199.78700534313728,105.4849
SBI Small Cap Fund - Direct Plan - Growth,119599,668,52.66394409652441,77.7107161022814,102.44600962114636,134.43340126079016,199.59784699310606,105.4849
SBI Small Cap Fund - Direct Plan - Growth,119599,669,52.53408413803517,77.71494599736278,102.45054481784837,134.54400905033916,199.535163406574,105.4849
SBI Small Cap Fund - Direct Plan - Growth,119599,670,52.73064244002931,77.67442731585524,102.60010215010772,134.39969838738244,199.81920400491893,105.4849
SBI Small Cap Fund - Direct Plan - Growth,119599,671,52.643994822069956,77.67787100838356,102.46346695614949,134.4699333085681,199.21443321209128,105.4849
SBI Small Cap Fund - Direct Plan - Growth,119599,672,52.72485580454671,77.73516956115404,102.52450888108675,134.57153529992112,199.17740461573078,105.4849
SBI Small Cap Fund - Direct Plan - Growth,119599,673,52.785894768989465,77.53598193448528,102.41972920791306,134.5169821453769,199.01613330869247,105.4849
SBI Small Cap Fund - Direct Plan - Growth,119599,674,52.699740767358755,77.5607791506254,102.39586748339445,134.47492481797607,199.8262632538467,105.4849
SBI Small Cap Fund - Direct Plan - Growth,119599,675,52.70928475593568,77.69232879439036,102.44794209268454,134.61524837380745,199.62159797204538,105.4849
SBI Small Cap Fund - Direct Plan - Growth,119599,676,52.67674924577977,77.70814325737093,102.53573354417478,134.48889288578422,200.13972428116213,105.4849
SBI Small Cap Fund - Direct Plan - Growth,119599,677,52.91094332816886,77.67127681924796,102.50527285933912,134.53397973606303,199.6728091980776,105.4849
SBI Small Cap Fund - Direct Plan - Growth,119599,678,52.62097846182545,77.65405885880827,102.4356458411265,134.50159611717035,199.34908108113936,105.4849
SBI Small Cap Fund - Direct Plan - Growth,119599,679,52.50830836869754,77.69453734973271,102.4015699650374,134.57873650391838,199.98689488852983,105.4849
SBI Small Cap Fund - Direct Plan - Growth,119599,680,52.45810285533211,77.46523225666013,102.46621109384446,134.5099708454678,200.2696826403786,105.4849
SBI Small Cap Fund - Direct Plan - Growth,119599,681,52.56158282306202,77.39253623360472,102.58166065202091,134.51936699904888,199.99339858944188,105.4849
SBI Small Cap Fund - Direct Plan - Growth,119599,682,52.436903935763134,77.377592887681,102.39485444251389,134.73985798928385,199.70920285791033,105.4849
SBI Small Cap Fund - Direct Plan - Growth,119599,683,52.42378064736601,77.3915510701024,102.59883748863399,134.84085826091308,200.23131168407676,105.4849
SBI Small Cap Fund - Direct Plan - Growth,119599,684,52.254337812008394,77.37233346502106,102.50035887794921,134.77587848711428,200.06989869849667,105.4849
SBI Small Cap Fund - Direct Plan - Growth,119599,685,52.29529177804064,77.39811909415742,102.55750998270493,134.60389931483047,199.91442614150392,105.4849
SBI Small Cap Fund - Direct Plan - Growth,119599,686,52.28356341688904,77.34839820486918,102.47633641892315,135.05017796365902,199.8977135956732,105.4849
SBI Small Cap Fund - Direct Plan - Growth,119599,687,52.41892115506587,77.48567190154242,102.4946783801145,134.78547634904183,199.70285086622286,105.4849
SBI Small Cap Fund - Direct Plan - Growth,119599,688,52.223276964858485,77.49527825152315,102.48402423183514,134.6474033028694,199.44613639107592,105.4849
SBI Small Cap Fund - Direct Plan - Growth,119599,689,52.33481894300206,77.42503462499167,102.66305238623538,134.91935138265688,198.95204725570676,105.4849
SBI Small Cap Fund - Direct Plan - Growth,119599,690,52.119478250332484,77.41332748814563,102.5261108693494,134.723625214988,200.04059227893993,105.4849
SBI Small Cap Fund - Direct Plan - Growth,119599,691,51.94281810597147,77.57330232496143,102.43083888535867,134.46112268004885,200.62421640426396,105.4849
SBI Small Cap Fund - Direct Plan - Growth,119599,692,51.86368770732673,77.55514164883566,102.44691382800156,134.443506059786,201.23536760780968,105.4849
SBI Small Cap Fund - Direct Plan - Growth,119599,693,51.956268970494115,77.35716732302333,102.31529060090762,134.6036095176711,201.0995812698618,105.4849
SBI Small Cap Fund - Direct Plan - Growth,119599,694,52.171560405255995,77.21759772997243,102.62663011913438,134.51158042649158,201.4260847712961,105.4849
SBI Small Cap Fund - Direct Plan - Growth,119599,695,52.01839870172578,77.1301755956257,102.62002175992555,134.65514776965762,201.43503946855063,105.4849
SBI Small Cap Fund - Direct Plan - Growth,119599,696,52.103924810420736,77.27687085139885,102.44738448700534,134.79714395791254,200.90113277599136,105.4849
SBI Small Cap Fund - Direct Plan - Growth,119599,697,52.13109300927314,77.23206109621464,102.23551354727374,134.67893198753887,201.12815327401512,105.4849
SBI Small Cap Fund - Direct Plan - Growth,119599,698,52.023674084341344,77.06914993700065,102.14083518505751,134.92464716382383,200.6237597680936,105.4849
SBI Small Cap Fund - Direct Plan - Growth,119599,699,51.921539095018026,77.12018742143614,102.16504852931357,134.86362212717594,200.8256117543181,105.4849
SBI Small Cap Fund - Direct Plan - Growth,119599,700,51.93203911528983,77.1997926642579,102.22594914604011,134.99782855720633,201.2317065102823,105.4849
SBI Small Cap Fund - Direct Plan - Growth,119599,701,52.0454380057998,77.11428056653128,102.21049824655677,134.80278629762907,200.9389849193963,105.4849
SBI Small Cap Fund - Direct Plan - Growth,119599,702,51.82562618992789,77.15125530192513,102.18511753919583,134.79782582187798,200.22609861810247,105.4849
SBI Small Cap Fund - Direct Plan - Growth,119599,703,51.791894219452736,77.13681837385269,102.22801920674584,134.50276711378282,201.00840778332008,105.4849
SBI Small Cap Fund - Direct Plan - Growth,119599,704,51.79678156133843,77.11218757449508,102.34956518228964,134.98183311719893,201.2133858141602,105.4849
SBI Small Cap Fund - Direct Plan - Growth,119599,705,51.68090124582149,77.01121927302682,102.23067163868704,135.06849524930976,201.06201921730943,105.4849
SBI Small Cap Fund - Direct Plan - Growth,119599,706,51.68916533482945,77.02847627061782,102.22355239742508,134.99970503857315,201.30814169705496,105.4849
SBI Small Cap Fund - Direct Plan - Growth,119599,707,51.663931207348206,77.0455265956885,102.50074263485975,134.91528753980464,201.92637015570142,105.4849
SBI Small Cap Fund - Direct Plan - Growth,119599,708,51.7673277170763,77.21723760705824,102.28335140481272,134.58602746849326,201.3583737685824,105.4849
SBI Small Cap Fund - Direct Plan - Growth,119599,709,51.71347625416565,77.13982025939072,102.35688744414844,134.9224778324313,201.150246173813,105.4849
SBI Small Cap Fund - Direct Plan - Growth,119599,710,51.63627023838554,77.17298919292185,102.52564391147948,135.05067959175565,201.63412061767642,105.4849
SBI Small Cap Fund - Direct Plan - Growth,119599,711,51.44570160946456,77.18619330249368,102.46759568370139,135.1162119341858,202.03103316165667,105.4849
SBI Small Cap Fund - Direct Plan - Growth,119599,712,51.45086491037303,77.16029044530646,102.50579228612871,135.0310065046259,202.94401691232068,105.4849
SBI Small Cap Fund - Direct Plan - Growth,119599,713,51.51589977362167,77.21655519625257,102.42138080024412,135.32423238828684,201.84240347923335,105.4849
SBI Small Cap Fund - Direct Plan - Growth,119599,714,51.41151361742958,77.03521622150592,102.21039274826535,135.23066859207125,201.52127108459277,105.4849
SBI Small Cap Fund - Direct Plan - Growth,119599,715,51.453254833236706,77.04286211946317,102.08697675862588,135.23833615662215,201.67336007723384,105.4849
SBI Small Cap Fund - Direct Plan - Growth,119599,716,51.42197001822862,76.97430304133809,102.14584787995597,135.1564689376643,202.12650727109664,105.4849
SBI Small Cap Fund - Direct Plan - Growth,119599,717,51.39237194323175,76.92100921665767,102.21922950637227,135.1290625339186,202.64830404647427,105.4849
SBI Small Cap Fund - Direct Plan - Growth,119599,718,51.225098485414776,77.03195109920051,102.1686242066641,135.20086405204538,202.96406570559324,105.4849
SBI Small Cap Fund - Direct Plan - Growth,119599,719,51.02164438985747,76.92267972386371,102.09680243364397,135.4301742325351,202.79929623821928,105.4849
SBI Small Cap Fund - Direct Plan - Growth,119599,720,51.08048454342151,76.9611272653263,102.12172048690877,135.18499066584997,202.62692447798912,105.4849
SBI Small Cap Fund - Direct Plan - Growth,119599,721,51.26304869603027,76.80728284216157,102.03970523942813,135.3234519897597,203.22321046427226,105.4849
SBI Small Cap Fund - Direct Plan - Growth,119599,722,51.23647439692032,76.85487248194735,101.84261476635447,134.91281751510635,203.48565135689566,105.4849
SBI Small Cap Fund - Direct Plan - Growth,119599,723,51.22445814611627,77.02877898008396,101.89142683118584,135.02908844689225,202.93309025819025,105.4849
SBI Small Cap Fund - Direct Plan - Growth,119599,724,50.998361813330284,76.95759733998673,102.00236373315653,135.1525621361097,203.23519159717216,105.4849
SBI Small Cap Fund - Direct Plan - Growth,119599,725,51.020327913650554,76.98228957139396,102.04959433297361,135.2642190873509,203.40212833950764,105.4849
SBI Small Cap Fund - Direct Plan - Growth,119599,726,50.88639721957924,76.98251028119215,101.93852799308301,135.57643203225854,203.61977779771624,105.4849
SBI Small Cap Fund - Direct Plan - Growth,119599,727,50.95161536788983,77.07789719903852,102.11402707550567,135.37991148725882,203.50668748717186,105.4849
SBI Small Cap Fund - Direct Plan - Growth,119599,728,50.846926891030954,77.02863133542229,102.0943186520535,135.43738754387897,203.25748589988996,105.4849
SBI Small Cap Fund - Direct Plan - Growth,119599,729,50.890702420431616,77.17483498380093,102.09108104680428,135.53284635535732,203.661414109923,105.4849
SBI Small Cap Fund - Direct Plan - Growth,119599,730,50.96533561224755,77.11551217423212,102.03008913899473,135.52787655080905,202.60602002829458,105.4849
SBI Small Cap Fund - Direct Plan - Growth,119599,731,50.91886059125439,76.95091170939818,101.9584008442413,135.35716369257617,203.15260038545804,105.4849
SBI Small Cap Fund - Direct Plan - Growth,119599,732,50.84980941023342,76.89674495810792,101.85903578698571,135.51516555020493,203.67332695173425,105.4849
SBI Small Cap Fund - Direct Plan - Growth,119599,733,50.79538028528361,76.91585339321871,101.90604648872831,135.4760314223125,203.0428169184698,105.4849
SBI Small Cap Fund - Direct Plan - Growth,119599,734,50.76444867880981,76.94982572435521,101.99749075851788,135.51019738223798,203.04178765772076,105.4849
SBI Small Cap Fund - Direct Plan - Growth,119599,735,50.60789328569064,76.85981514932897,101.97384433265168,135.34384355421528,203.15819036073103,105.4849
SBI Small Cap Fund - Direct Plan - Growth,119599,736,50.482536913020986,76.76419556958088,101.9169180592611,135.66780661496512,203.92963325595784,105.4849
SBI Small Cap Fund - Direct Plan - Growth,119599,737,50.51702966491669,76.96279694223641,101.930404477394,135.71804259813325,204.03327508684228,105.4849
SBI Small Cap Fund - Direct Plan - Growth,119599,738,50.495200781478516,76.86413391781178,101.8127884040496,135.5092093859,203.59229711938073,105.4849
SBI Small Cap Fund - Direct Plan - Growth,119599,739,50.4537304323998,76.84583835229556,101.84307851489781,135.44629553390757,203.72739979035657,105.4849
SBI Small Cap Fund - Direct Plan - Growth,119599,740,50.47348057830843,76.94423580677439,101.80166875373322,135.48913136411113,203.40017609612818,105.4849
SBI Small Cap Fund - Direct Plan - Growth,119599,741,50.54726683287229,76.84913268870834,101.78909977313927,135.4294589439585,204.22741935871127,105.4849
SBI Small Cap Fund - Direct Plan - Growth,119599,742,50.44678279559449,76.8865665146947,101.79663600563715,135.25038382011982,204.0225617770671,105.4849
SBI Small Cap Fund - Direct Plan - Growth,119599,743,50.486438812674834,76.79567822244134,101.9147860459245,135.32194401786103,204.1914856763256,105.4849
SBI Small Cap Fund - Direct Plan - Growth,119599,744,50.28803354716711,76.72316274279174,101.89242058236363,135.67397600471125,204.5795445644348,105.4849
SBI Small Cap Fund - Direct Plan - Growth,119599,745,50.29717294424527,76.69207768600343,101.73964728262015,135.63511209450132,204.59643461863033,105.4849
SBI Small Cap Fund - Direct Plan - Growth,119599,746,50.19501964489572,76.77955299046047,101.77349378242533,135.76455796935065,204.70205649734646,105.4849
SBI Small Cap Fund - Direct Plan - Growth,119599,747,50.390456022543994,76.43935744720088,101.85643067749808,135.88936504160918,204.5475252586824,105.4849
SBI Small Cap Fund - Direct Plan - Growth,119599,748,50.281549257383354,76.75687795788679,101.84738260305087,135.69506065945072,205.03406548134492,105.4849
SBI Small Cap Fund - Direct Plan - Growth,119599,749,50.276092324924406,76.67990712472155,101.75074058458324,135.89859815131962,205.29871845116674,105.4849
SBI Small Cap Fund - Direct Plan - Growth,119599,750,50.20417185745615,76.85331843337963,101.90647525849019,135.77608138517365,205.40998972257879,105.4849
SBI Small Cap Fund - Direct Plan - Growth,119599,751,50.22099827733375,76.66249275540416,101.95905973413673,135.8400441748669,205.6295548531224,105.4849
SBI Small Cap Fund - Direct Plan - Growth,119599,752,50.10016610303429,76.73618439335405,101.83236876870922,135.96496995347954,205.96098925920373,105.4849
SBI Small Cap Fund - Direct Plan - Growth,119599,753,50.081782029688355,76.67459060624795,101.82184774102576,135.93708803402018,206.27261957291765,105.4849
SBI Small Cap Fund - Direct Plan - Growth,119599,754,50.177021286686106,76.59143593985536,101.88538074102287,135.9199224017586,205.5753891930763,105.4849
SBI Small Cap Fund - Direct Plan - Growth,119599,755,49.970222674457645,76.54653550733188,101.9339687514784,136.13453405579642,205.6008955737347,105.4849
SBI Small Cap Fund - Direct Plan - Growth,119599,756,49.9202057246421,76.62571770176153,101.97381361100904,135.97425071438784,205.6265570237153,105.4849
SBI Small Cap Fund - Direct Plan - Growth,119599,757,49.806054563343615,76.54798196746157,102.14145193759703,136.06192996157017,205.8058565029786,105.4849
SBI Small Cap Fund - Direct Plan - Growth,119599,758,49.888227186506434,76.6740376434142,102.09332649431367,136.24577128831822,206.26570419959697,105.4849
SBI Small Cap Fund - Direct Plan - Growth,119599,759,49.94112863288525,76.57888187438131,101.99783924141369,136.1738738753034,206.03708173998845,105.4849
SBI Small Cap Fund - Direct Plan - Growth,119599,760,49.79256314804904,76.58044696602016,102.11317899288895,136.23377354463474,206.24202812740089,105.4849
SBI Small Cap Fund - Direct Plan - Growth,119599,761,49.93863817395154,76.5541275897529,102.35014019533301,136.15708104514476,207.3056464226754,105.4849
SBI Small Cap Fund - Direct Plan - Growth,119599,762,49.94980017616452,76.4747379538773,102.20739230422959,135.87292937692607,207.0375358447623,105.4849
SBI Small Cap Fund - Direct Plan - Growth,119599,763,49.93186910890285,76.39549536960553,102.25431739854162,136.39345707083086,206.91987082629984,105.4849
SBI Small Cap Fund - Direct Plan - Growth,119599,764,49.79424579426538,76.35153629970185,102.26862678543004,136.36168134293462,206.87014110905932,105.4849
SBI Small Cap Fund - Direct Plan - Growth,119599,765,49.83233787857353,76.40400027089268,102.1217067965057,136.3562606282382,206.73106787405823,105.4849
SBI Small Cap Fund - Direct Plan - Growth,119599,766,49.85214027540519,76.43170713071294,102.1278571116393,136.21097409070254,206.1771623407791,105.4849
SBI Small Cap Fund - Direct Plan - Growth,119599,767,49.888096893095025,76.44549549809992,102.33014084977387,136.32184858636487,207.13046944096791,105.4849
SBI Small Cap Fund - Direct Plan - Growth,119599,768,49.88056659670588,76.27429055259404,102.17871982824936,136.45113390774713,207.54687930695204,105.4849
SBI Small Cap Fund - Direct Plan - Growth,119599,769,50.00772677654603,76.30008516747215,102.02435881833665,136.65858986807837,207.64021038889547,105.4849
SBI Small Cap Fund - Direct Plan - Growth,119599,770,49.90699954639211,76.47541532440286,102.09678750171345,136.52842216887433,207.51176525971343,105.4849
SBI Small Cap Fund - Direct Plan - Growth,119599,771,49.779636024989976,76.45785307286631,102.03938827591392,136.34057579098214,207.91022059838426,105.4849
SBI Small Cap Fund - Direct Plan - Growth,119599,772,49.97862081518759,76.40821560655765,102.19255580939054,136.13023116607556,208.09852000291468,105.4849
SBI Small Cap Fund - Direct Plan - Growth,119599,773,49.69319921418442,76.41872244960365,102.24199013068349,136.28508261072167,207.7850143281632,105.4849
SBI Small Cap Fund - Direct Plan - Growth,119599,774,49.68069644098019,76.50028749303502,102.13524076980151,136.37982438466216,208.09694786972165,105.4849
SBI Small Cap Fund - Direct Plan - Growth,119599,775,49.57011921273376,76.27047739208763,102.46056363903197,136.3888187471,208.33897603399285,105.4849
SBI Small Cap Fund - Direct Plan - Growth,119599,776,49.59811568725926,76.28290010981532,102.47066638432663,136.27211694713336,209.06988930382934,105.4849
SBI Small Cap Fund - Direct Plan - Growth,119599,777,49.78281350866548,76.45945930580106,102.50521054290888,136.14231766832518,209.3446215381915,105.4849
SBI Small Cap Fund - Direct Plan - Growth,119599,778,49.46580135997353,76.34176235098933,102.39191520909452,136.0714401170316,208.42858054051175,105.4849
SBI Small Cap Fund - Direct Plan - Growth,119599,779,49.427264287059565,76.29727543608664,102.37040537256468,136.09856311722845,209.19846728657407,105.4849
SBI Small Cap Fund - Direct Plan - Growth,119599,780,49.490539383436435,76.43245025780476,102.30049180212873,136.24469743126517,208.66544153147453,105.4849
SBI Small Cap Fund - Direct Plan - Growth,119599,781,49.48180992857429,76.39522793127867,102.25275127826103,136.43196146634773,209.12306827801484,105.4849
SBI Small Cap Fund - Direct Plan - Growth,119599,782,49.411869298198894,76.31531598910502,102.41454391092012,136.36894858822586,208.9086584307622,105.4849
SBI Small Cap Fund - Direct Plan - Growth,119599,783,49.653100751330896,76.3901653923592,102.21960805933145,136.23507285838227,208.5522756697212,105.4849
SBI Small Cap Fund - Direct Plan - Growth,119599,784,49.56715331714531,76.10140756706697,102.16148706342577,136.32445584245818,208.88689800626832,105.4849
SBI Small Cap Fund - Direct Plan - Growth,119599,785,49.62949234045555,76.08143616269183,102.36475949918378,136.14153547149238,209.2936392344071,105.4849
SBI Small Cap Fund - Direct Plan - Growth,119599,786,49.505133020927126,76.19646424924227,102.29415081997061,136.45279820945564,208.97281589027185,105.4849
SBI Small Cap Fund - Direct Plan - Growth,119599,787,49.536063743373326,76.23394084467478,102.33820390773602,136.2873485834903,209.14899839097265,105.4849
SBI Small Cap Fund - Direct Plan - Growth,119599,788,49.4416526948873,76.27086446850251,102.36973231287226,136.688756237412,208.74981057967872,105.4849
SBI Small Cap Fund - Direct Plan - Growth,119599,789,49.54652376945116,76.20926779018225,102.26318310266093,136.6040182990473,209.32992124497537,105.4849
SBI Small Cap Fund - Direct Plan - Growth,119599,790,49.631616183015126,76.12569011054649,102.38231920096813,136.41405618990598,209.0545260701554,105.4849
SBI Small Cap Fund - Direct Plan - Growth,119599,791,49.318734220316486,76.0106413343957,102.23002766578792,136.45648220018654,208.80572485454832,105.4849
SBI Small Cap Fund - Direct Plan - Growth,119599,792,49.33405085917219,76.14112611356735,102.29723109688271,136.84599733417193,209.26373361705132,105.4849
SBI Small Cap Fund - Direct Plan - Growth,119599,793,49.312551075379275,76.06949322210608,102.21053970931021,136.57693540716207,209.3481814353086,105.4849
SBI Small Cap Fund - Direct Plan - Growth,119599,794,49.30066670544273,76.0228984269738,102.21525363062457,136.6395860853255,209.56677590576433,105.4849
SBI Small Cap Fund - Direct Plan - Growth,119599,795,49.383566081482705,75.96159617953295,102.07319084333452,136.6416344924781,209.59326707960966,105.4849
SBI Small Cap Fund - Direct Plan - Growth,119599,796,49.24097813105546,75.94216774500937,102.24835087067979,136.4519231534298,210.19218016366008,105.4849
SBI Small Cap Fund - Direct Plan - Growth,119599,797,49.09384815236743,75.82449737226304,102.12950960095938,136.60876871984195,210.134468135422,105.4849
SBI Small Cap Fund - Direct Plan - Growth,119599,798,49.15447838046585,75.97028516543462,101.97824323002307,136.71017396550496,209.65937099798685,105.4849
SBI Small Cap Fund - Direct Plan - Growth,119599,799,48.88573671967028,76.00988016657998,101.96318564832436,136.57291396079916,209.07147467249138,105.4849
SBI Small Cap Fund - Direct Plan - Growth,119599,800,49.013870183943375,76.05691397587859,102.03114867335796,136.691777340087,209.73621503749345,105.4849
SBI Small Cap Fund - Direct Plan - Growth,119599,801,48.85237290839041,75.85116293607614,102.00676869310567,136.96731732658452,209.87651042334946,105.4849
SBI Small Cap Fund - Direct Plan - Growth,119599,802,48.73021350515682,75.92768783206967,101.97936139094833,136.9515124177044,209.9644463271975,105.4849
SBI Small Cap Fund - Direct Plan - Growth,119599,803,48.8865331753035,75.92454282104563,102.1346473253941,137.00515125393986,211.11009204348977,105.4849
SBI Small Cap Fund - Direct Plan - Growth,119599,804,48.86885300036991,75.84253610572769,102.11309255573697,136.80238134902083,210.9017267456023,105.4849
SBI Small Cap Fund - Direct Plan - Growth,119599,805,48.841627595720624,75.83668254283351,102.0952088422973,136.51538845595437,210.91779742959883,105.4849
SBI Small Cap Fund - Direct Plan - Growth,119599,806,48.769757644121256,75.88598392897103,102.21356186649649,136.99068356798477,211.365253202549,105.4849
SBI Small Cap Fund - Direct Plan - Growth,119599,807,48.78967395185315,75.7563819061391,102.1623141546304,137.02326873082393,211.5969600553857,105.4849
SBI Small Cap Fund - Direct Plan - Growth,119599,808,48.65351132227262,75.75967634130419,102.00786227729957,137.27259237865604,210.99690226346186,105.4849
SBI Small Cap Fund - Direct Plan - Growth,119599,809,48.634714397685364,75.71230483580206,102.06719292144894,137.0935488443683,210.66772915932964,105.4849
SBI Small Cap Fund - Direct Plan - Growth,119599,810,48.73468954661373,75.7075975126335,102.06621157717356,136.92266730695488,210.3302215475475,105.4849
SBI Small Cap Fund - Direct Plan - Growth,119599,811,48.712730748448614,75.63426974372405,102.01474113934472,136.87237657469916,210.94290909657346,105.4849
SBI Small Cap Fund - Direct Plan - Growth,119599,812,48.7886746858895,75.8682455242508,102.06969553320698,137.02935761404882,210.20022242765745,105.4849
SBI Small Cap Fund - Direct Plan - Growth,119599,813,48.88855626347187,75.66251728378357,102.12908280417837,136.8323943294032,210.29979278769108,105.4849
SBI Small Cap Fund - Direct Plan - Growth,119599,814,48.91305134531512,75.45936577933385,102.20062593034933,136.69116697426608,210.63351208787384,105.4849
SBI Small Cap Fund - Direct Plan - Growth,119599,815,49.02635224823522,75.44762083215498,102.25842893668349,136.80474705611965,211.90486268976167,105.4849
SBI Small Cap Fund - Direct Plan - Growth,119599,816,48.83161847407382,75.47794773907802,102.14786413590375,136.48358626224797,211.41669959422504,105.4849
SBI Small Cap Fund - Direct Plan - Growth,119599,817,48.65642893716345,75.59062885428938,102.13033731012686,136.40967168016806,211.8891930798139,105.4849
SBI Small Cap Fund - Direct Plan - Growth,119599,818,48.65235224958458,75.46855148104308,102.18112332018006,136.50676443896634,212.13089307774854,105.4849
SBI Small Cap Fund - Direct Plan - Growth,119599,819,48.57612750621916,75.67743982106094,102.09647430874216,136.5913947483635,211.0248348548562,105.4849
SBI Small Cap Fund - Direct Plan - Growth,119599,820,48.54523498543395,75.51312840749078,102.01782388820803,136.60374081772218,211.26315066475527,105.4849
SBI Small Cap Fund - Direct Plan - Growth,119599,821,48.44320162688246,75.4945360667769,102.13569646669981,136.69913021721374,211.32133947337067,105.4849
SBI Small Cap Fund - Direct Plan - Growth,119599,822,48.383206304882336,75.58393950389626,102.08595991289657,136.81276801924426,212.05814576875545,105.4849
SBI Small Cap Fund - Direct Plan - Growth,119599,823,48.339845733337775,75.4604955637219,101.94074144791685,136.54544831159023,212.5897579138734,105.4849
SBI Small Cap Fund - Direct Plan - Growth,119599,824,48.344383105737776,75.5088814257324,101.93929403016315,136.79722096425135,212.6164758373287,105.4849
SBI Small Cap Fund - Direct Plan - Growth,119599,825,48.30372780693742,75.50101628925398,101.96106789531368,136.67098389687277,212.91706846361717,105.4849
SBI Small Cap Fund - Direct Plan - Growth,119599,826,48.264116724813775,75.53868229251208,101.8113505487133,136.66862234059028,213.78448333915145,105.4849
SBI Small Cap Fund - Direct Plan - Growth,119599,827,48.2645376298892,75.51431420282061,101.92676776258469,136.9277910679507,213.46398176098205,105.4849
SBI Small Cap Fund - Direct Plan - Growth,119599,828,48.04031990380025,75.41445598839624,102.00318459850236,136.870090668341,212.90961062405495,105.4849
SBI Small Cap Fund - Direct Plan - Growth,119599,829,48.19088426708584,75.47800957477209,101.94800609906451,136.73983450252678,212.9563161808123,105.4849
SBI Small Cap Fund - Direct Plan - Growth,119599,830,48.08594406599794,75.4746706119717,101.87849737862672,136.83331134345795,213.92033395357936,105.4849
SBI Small Cap Fund - Direct Plan - Growth,119599,831,47.9232200617497,75.18495274210974,101.87819388707771,136.98497020662506,213.9337244211976,105.4849
SBI Small Cap Fund - Direct Plan - Growth,119599,832,47.97408089406572,75.25843892579528,102.06431570572079,137.03071975600056,215.10674962462193,105.4849
SBI Small Cap Fund - Direct Plan - Growth,119599,833,48.0343568615984,75.33165545157932,102.0315574581053,136.95176223581575,215.3026419365056,105.4849
SBI Small Cap Fund - Direct Plan - Growth,119599,834,48.153219317462,75.18529078545224,102.12619691072459,137.10620531972947,215.04625008656498,105.4849
SBI Small Cap Fund - Direct Plan - Growth,119599,835,48.022752361302075,75.00382042609652,102.03381290893662,137.02737600732203,215.0120915747574,105.4849
SBI Small Cap Fund - Direct Plan - Growth,119599,836,47.7538831850785,75.11425164896418,102.02816843490693,136.99965485289573,215.41306068672498,105.4849
SBI Small Cap Fund - Direct Plan - Growth,119599,837,47.73778964645229,75.20150061024759,102.06983873723387,136.8920396991681,214.89300274447717,105.4849
SBI Small Cap Fund - Direct Plan - Growth,119599,838,47.752861809878446,75.13442657112817,101.90288512874604,136.80875115821115,214.3143487969535,105.4849
SBI Small Cap Fund - Direct Plan - Growth,119599,839,47.86425940594284,75.22354460645205,102.11673894859749,136.7195898545565,215.1012899962719,105.4849
SBI Small Cap Fund - Direct Plan - Growth,119599,840,47.57626058016352,75.12274146481641,102.09995431841017,137.07173562348967,214.9794828766381,105.4849
SBI Small Cap Fund - Direct Plan - Growth,119599,841,47.782448278945346,75.24882519249189,102.0172875122943,136.8238466714559,215.34065570691956,105.4849
SBI Small Cap Fund - Direct Plan - Growth,119599,842,47.80803202385089,75.07718206452228,101.95731418693066,137.0802571077732,215.22712264685606,105.4849
SBI Small Cap Fund - Direct Plan - Growth,119599,843,47.60558989973505,75.12631402600618,102.14610560210599,137.02302120152873,215.02806624106262,105.4849
SBI Small Cap Fund - Direct Plan - Growth,119599,844,47.520519679726284,75.0553869820136,102.17459820720704,137.1606516302293,215.4836281878431,105.4849
SBI Small Cap Fund - Direct Plan - Growth,119599,845,47.543538728154765,75.06786220356105,101.86595033413343,137.30874321983097,215.1089747559381,105.4849
SBI Small Cap Fund - Direct Plan - Growth,119599,846,47.696297454135895,74.99407182621574,101.93594266113772,137.37202046070655,216.08251001924137,105.4849
SBI Small Cap Fund - Direct Plan - Growth,119599,847,47.609139792289206,74.86994618650954,102.064402255782,137.56152311417293,216.9106094001401,105.4849
SBI Small Cap Fund - Direct Plan - Growth,119599,848,47.60218456276573,74.84904640117037,102.14367843651584,137.75634894768524,215.7782336650084,105.4849
SBI Small Cap Fund - Direct Plan - Growth,119599,849,47.51493118501922,74.71682992976366,102.10657695726808,137.6009199814551,216.13845730787233,105.4849
SBI Small Cap Fund - Direct Plan - Growth,119599,850,47.70546392487466,74.70142920678353,101.90604386149177,137.71251592735766,216.07041705166824,105.4849
SBI Small Cap Fund - Direct Plan - Growth,119599,851,47.51921500004177,74.64264760884338,101.88727936982914,137.63766281801037,216.36000916044026,105.4849
SBI Small Cap Fund - Direct Plan - Growth,119599,852,47.52560440387753,74.71044235705408,101.92672466145464,137.47693441508545,215.83063587856196,105.4849
SBI Small Cap Fund - Direct Plan - Growth,119599,853,47.50122083137952,74.73093408785643,101.80294029332158,137.61267388934004,216.39505058194436,105.4849
SBI Small Cap Fund - Direct Plan - Growth,119599,854,47.63182961609166,74.77041725505458,101.7462438672732,137.2605648541592,216.3286883564838,105.4849
SBI Small Cap Fund - Direct Plan - Growth,119599,855,47.7275868753919,74.86607050393644,101.83822218019495,137.44095406392887,216.32542836702896,105.4849
SBI Small Cap Fund - Direct Plan - Growth,119599,856,47.67493104134834,74.73459021589375,101.72338271054836,137.57361492915584,216.36813602026137,105.4849
SBI Small Cap Fund - Direct Plan - Growth,119599,857,47.53795156602847,74.72330693181826,101.77601731991122,137.70227670883574,216.63546095527548,105.4849
SBI Small Cap Fund - Direct Plan - Growth,119599,858,47.703818733746026,74.68528351971872,101.82008927712,137.67893800815946,216.55422644838438,105.4849
SBI Small Cap Fund - Direct Plan - Growth,119599,859,47.52928245397751,74.74135617343586,101.81543811013519,137.47337172797506,216.14880070610369,105.4849
SBI Small Cap Fund - Direct Plan - Growth,119599,860,47.62489439971298,74.9087185004348,101.6824520401046,137.84558482138272,217.00251069952904,105.4849
SBI Small Cap Fund - Direct Plan - Growth,119599,861,47.366094358161035,74.8064150486245,101.5708676987198,137.90379409360767,216.85741491932535,105.4849
SBI Small Cap Fund - Direct Plan - Growth,119599,862,47.62187249249774,74.84963632730106,101.50712474417014,137.5913551453849,216.49444296151674,105.4849
SBI Small Cap Fund - Direct Plan - Growth,119599,863,47.52374181489035,74.71359264225613,101.61341837852459,137.43860035070747,217.0173009436646,105.4849
SBI Small Cap Fund - Direct Plan - Growth,119599,864,47.502664460672875,74.88358471829667,101.68848855410636,137.753086512798,216.42196836723951,105.4849
SBI Small Cap Fund - Direct Plan - Growth,119599,865,47.52278244378046,74.78093609494005,101.84917649577054,137.35927253802043,217.42300829295357,105.4849
SBI Small Cap Fund - Direct Plan - Growth,119599,866,47.578565691556214,74.59134878411301,101.7979017852086,137.24278864163693,216.38647594384196,105.4849
SBI Small Cap Fund - Direct Plan - Growth,119599,867,47.54364748691569,74.60304575424064,101.94909528750239,137.4099412468404,216.5551632735859,105.4849
SBI Small Cap Fund - Direct Plan - Growth,119599,868,47.25848769809748,74.58137217891972,101.71033899482477,137.3918444657855,217.09797252071266,105.4849
SBI Small Cap Fund - Direct Plan - Growth,119599,869,47.478160453489195,74.59491564528257,101.6236914895635,137.49324989147598,216.44992016141475,105.4849
SBI Small Cap Fund - Direct Plan - Growth,119599,870,47.3244138016746,74.59817402303705,101.54860258521438,137.8512244136196,216.12566967264064,105.4849
SBI Small Cap Fund - Direct Plan - Growth,119599,871,47.18997500175175,74.38039875628051,101.62249020587963,137.9101264063753,217.5126187195845,105.4849
SBI Small Cap Fund - Direct Plan - Growth,119599,872,47.14196648123838,74.46221397984216,101.70158552876569,137.80095107119794,217.61008359005402,105.4849
SBI Small Cap Fund - Direct Plan - Growth,119599,873,47.09258543205944,74.57280581703455,101.83699147795187,137.6436448187918,217.47592456095225,105.4849
SBI Small Cap Fund - Direct Plan - Growth,119599,874,46.94335230686237,74.56533840175376,101.7825568725629,137.81557829102022,216.66773693826357,105.4849
SBI Small Cap Fund - Direct Plan - Growth,119599,875,46.78574368520446,74.29665105676762,101.69542492765501,137.70204481910633,217.2837071513392,105.4849
SBI Small Cap Fund - Direct Plan - Growth,119599,876,46.69309835593665,74.39493166053549,101.65279357366072,137.76987456060658,217.5127757608598,105.4849
SBI Small Cap Fund - Direct Plan - Growth,119599,877,46.81815079572719,74.18300127676282,101.66561278012102,138.10280251526748,217.731257909855,105.4849
SBI Small Cap Fund - Direct Plan - Growth,119599,878,46.68561774637714,74.30829233217351,101.57766148259354,137.9436921754127,217.93917964227632,105.4849
SBI Small Cap Fund - Direct Plan - Growth,119599,879,46.74023974474986,74.33778463222107,101.60034001601588,137.70099397725352,218.38474623241518,105.4849
SBI Small Cap Fund - Direct Plan - Growth,119599,880,46.902196462877384,74.23306640213126,101.78017695398759,137.98401971439088,217.78863133832837,105.4849
SBI Small Cap Fund - Direct Plan - Growth,119599,881,46.67045893942516,74.26183954280697,101.78060747261591,137.96621926197722,217.6765991039614,105.4849
SBI Small Cap Fund - Direct Plan - Growth,119599,882,46.75109357065726,74.24636971407412,101.92927686948745,138.0882783978505,217.84469282802948,105.4849
SBI Small Cap Fund - Direct Plan - Growth,119599,883,46.7473257612771,74.28956044088748,101.87171555015121,138.2349358680635,218.3928320426939,105.4849
SBI Small Cap Fund - Direct Plan - Growth,119599,884,46.79777378389593,74.15354158035066,101.61362064103945,138.26914657774878,218.8131503399572,105.4849
SBI Small Cap Fund - Direct Plan - Growth,119599,885,46.816724822027645,74.1852804102245,101.64574992832038,138.4174444713351,218.6990307954038,105.4849
SBI Small Cap Fund - Direct Plan - Growth,119599,886,46.61035958773098,74.11215122537396,101.50745759308279,138.43850891127394,218.80887127670914,105.4849
SBI Small Cap Fund - Direct Plan - Growth,119599,887,46.607299098754666,73.98785485640269,101.5104177050945,138.32714496463012,219.08792207973661,105.4849
SBI Small Cap Fund - Direct Plan - Growth,119599,888,46.61043610765234,74.1145365210716,101.52559370775748,138.55699961103466,219.56375978742773,105.4849
SBI Small Cap Fund - Direct Plan - Growth,119599,889,46.56064585898649,74.16534362353462,101.58753193149516,138.8118183333304,219.49877513399358,105.4849
SBI Small Cap Fund - Direct Plan - Growth,119599,890,46.59937930725644,74.0685484225634,101.70052324440574,138.62864244322282,221.0612123866047,105.4849
SBI Small Cap Fund - Direct Plan - Growth,119599,891,46.6646838513569,74.12671006073401,101.64947406383814,138.43954214596636,220.09605659475244,105.4849
SBI Small Cap Fund - Direct Plan - Growth,119599,892,46.61425929578295,74.10952627910383,101.79001555390178,138.82358965851714,220.31309632455884,105.4849
SBI Small Cap Fund - Direct Plan - Growth,119599,893,46.721665184857855,74.17386262245546,101.81187059986203,138.63813163189462,219.87388129833633,105.4849
SBI Small Cap Fund - Direct Plan - Growth,119599,894,46.638341368140765,74.03192350356949,101.7656231483761,138.6056566418368,219.67864557380398,105.4849
SBI Small Cap Fund - Direct Plan - Growth,119599,895,46.512553936802775,73.90896145753578,101.60514105915212,138.7223129105628,219.36534550393324,105.4849
SBI Small Cap Fund - Direct Plan - Growth,119599,896,46.39956430203248,73.91808556749129,101.68565246784706,138.967256922545,218.86888144319516,105.4849
SBI Small Cap Fund - Direct Plan - Growth,119599,897,46.38185646642334,73.88414959567926,101.3816167764135,139.12860570704453,219.2179924420095,105.4849
SBI Small Cap Fund - Direct Plan - Growth,119599,898,46.443912260447505,73.76559622281349,101.50396605477138,138.97236786118137,219.17875437344856,105.4849
SBI Small Cap Fund - Direct Plan - Growth,119599,899,46.58814226420973,73.82582214882255,101.511329157575,139.20980454383357,220.33606911586156,105.4849
SBI Small Cap Fund - Direct Plan - Growth,119599,900,46.418962220361806,73.82152600054249,101.33047376627093,139.18767158017977,220.22021100375497,105.4849
SBI Small Cap Fund - Direct Plan - Growth,119599,901,46.51056927279134,73.84349055570542,101.35732310435637,139.0339177460308,221.14951660251842,105.4849
SBI Small Cap Fund - Direct Plan - Growth,119599,902,46.55205357651532,73.52900828538205,101.4644796482503,138.83669866662083,221.62776544771944,105.4849
SBI Small Cap Fund - Direct Plan - Growth,119599,903,46.60573195362284,73.65431608985071,101.39563707927115,138.85706825054194,221.57379417281572,105.4849
SBI Small Cap Fund - Direct Plan - Growth,119599,904,46.60753418714138,73.63892216221114,101.60010202995178,138.89541610419803,221.83036595917056,105.4849
SBI Small Cap Fund - Direct Plan - Growth,119599,905,46.38294923413365,73.61400178457392,101.5479187030457,139.01438879312065,222.35751063774137,105.4849
SBI Small Cap Fund - Direct Plan - Growth,119599,906,46.4334478232289,73.52270158219262,101.64608183060531,138.7890273865917,222.62266390666855,105.4849
SBI Small Cap Fund - Direct Plan - Growth,119599,907,46.39939752484147,73.38355746318521,101.50629511629973,138.570415186072,223.04594887311188,105.4849
SBI Small Cap Fund - Direct Plan - Growth,119599,908,46.255749358352816,73.51512461750028,101.58644566840249,138.95578915281266,222.45397302452275,105.4849
SBI Small Cap Fund - Direct Plan - Growth,119599,909,46.35291859102137,73.33611264997855,101.63484114075989,138.84512497278615,222.67395547010727,105.4849
SBI Small Cap Fund - Direct Plan - Growth,119599,910,46.37640993450952,73.42563235767074,101.59663686996431,138.71483041992877,222.990138089561,105.4849
SBI Small Cap Fund - Direct Plan - Growth,119599,911,46.26348475177275,73.37453575730405,101.65860081935426,138.87845360853754,223.23090989326084,105.4849
SBI Small Cap Fund - Direct Plan - Growth,119599,912,46.366869544291774,73.48064710329828,101.62640143492423,139.16814657400528,223.09471510347655,105.4849
SBI Small Cap Fund - Direct Plan - Growth,119599,913,46.20989539789568,73.43526630769344,101.65620867851223,139.0069095763822,223.39114993933273,105.4849
SBI Small Cap Fund - Direct Plan - Growth,119599,914,46.12166902605623,73.50575560451428,101.47576170140132,139.13912878965036,223.56922660614424,105.4849
SBI Small Cap Fund - Direct Plan - Growth,119599,915,46.19281528406651,73.67307615053147,101.59829839478661,139.50831723026118,222.95723318510863,105.4849
SBI Small Cap Fund - Direct Plan - Growth,119599,916,46.23008791032909,73.66809387072666,101.56117951827659,139.53448500393026,222.74404398403016,105.4849
SBI Small Cap Fund - Direct Plan - Growth,119599,917,46.32522992643315,73.65321177161371,101.492594490587,139.422777361585,223.16643712445466,105.4849
SBI Small Cap Fund - Direct Plan - Growth,119599,918,46.10602755228354,73.50462055074877,101.63281405470721,139.5315523229922,223.14130785741418,105.4849
SBI Small Cap Fund - Direct Plan - Growth,119599,919,46.24466417663122,73.57597900723877,101.62976805177641,139.60716859080566,222.84360991040043,105.4849
SBI Small Cap Fund - Direct Plan - Growth,119599,920,46.35745429823251,73.50763622539695,101.40978927702368,139.59884587806354,223.41699471787206,105.4849
SBI Small Cap Fund - Direct Plan - Growth,119599,921,46.42534274195196,73.51183241617954,101.24283882727326,139.46895732621311,224.12092965861095,105.4849
SBI Small Cap Fund - Direct Plan - Growth,119599,922,46.344104982669016,73.40302609287721,101.25856584166473,139.76660064866547,223.7742558809697,105.4849
SBI Small Cap Fund - Direct Plan - Growth,119599,923,46.351610132133544,73.47835763565315,101.30959390170202,139.64660627438138,224.5239805566953,105.4849
SBI Small Cap Fund - Direct Plan - Growth,119599,924,46.35411053171244,73.57979010369353,101.42691176187373,139.73472056657928,224.51212319695688,105.4849
SBI Small Cap Fund - Direct Plan - Growth,119599,925,46.36495119498137,73.57362266207622,101.21313581386684,139.39470399662062,224.525621912908,105.4849
SBI Small Cap Fund - Direct Plan - Growth,119599,926,46.347216365967576,73.56416579079792,101.16939828313285,139.50019992263285,224.27207530617568,105.4849
SBI Small Cap Fund - Direct Plan - Growth,119599,927,46.42504592213207,73.5024684026837,101.37472530793121,139.41934019694125,223.84580600278682,105.4849
SBI Small Cap Fund - Direct Plan - Growth,119599,928,46.4122034658122,73.62551999608444,101.30435511180943,139.45915774394064,224.11678703437033,105.4849
SBI Small Cap Fund - Direct Plan - Growth,119599,929,46.381935960789576,73.75651898808236,101.42118184203298,139.48742329902564,223.96437451125902,105.4849
SBI Small Cap Fund - Direct Plan - Growth,119599,930,46.345301637776416,73.78460154125872,101.223233269269,139.6685617039238,223.70112689877175,105.4849
SBI Small Cap Fund - Direct Plan - Growth,119599,931,46.12715018954155,73.87050073077587,101.1076810928252,139.38381280481502,223.7159518453703,105.4849
SBI Small Cap Fund - Direct Plan - Growth,119599,932,46.287175574541905,73.77876023441266,100.9907246321574,139.622513156639,223.6042514613339,105.4849
SBI Small Cap Fund - Direct Plan - Growth,119599,933,46.121669995943805,73.69247543219765,100.94040365780202,139.31085344469903,222.85964873144468,105.4849
SBI Small Cap Fund - Direct Plan - Growth,119599,934,45.958148484263965,73.67399258660666,101.10614317444629,139.6109173605272,223.78581018979114,105.4849
SBI Small Cap Fund - Direct Plan - Growth,119599,935,45.98293677852935,73.85600447914557,100.88461014243819,139.67312594630639,225.33374094550817,105.4849
SBI Small Cap Fund - Direct Plan - Growth,119599,936,46.06049980386819,73.67538065427439,100.94936403406268,139.77697647587522,224.55752570665732,105.4849
SBI Small Cap Fund - Direct Plan - Growth,119599,937,46.26386216909611,73.66967739623517,100.9377285188062,139.77163286084638,225.02528238939078,105.4849
SBI Small Cap Fund - Direct Plan - Growth,119599,938,46.196558696415046,73.7522118289811,100.81552087957064,139.77291300057908,225.96138103153282,105.4849
SBI Small Cap Fund - Direct Plan - Growth,119599,939,46.10196313911096,73.69209185424312,100.85872053243642,139.52569121178465,225.5356348555637,105.4849
SBI Small Cap Fund - Direct Plan - Growth,119599,940,46.19692301563,73.69584598803331,100.90282823457804,139.6190427664875,225.55639928192124,105.4849
SBI Small Cap Fund - Direct Plan - Growth,119599,941,46.020904291321564,73.59529797153368,100.80651489512672,139.71836162738393,225.42979017166232,105.4849
SBI Small Cap Fund - Direct Plan - Growth,119599,942,45.98064626527472,73.69030258417047,100.81688992021594,139.79214376850868,225.46310461924702,105.4849
SBI Small Cap Fund - Direct Plan - Growth,119599,943,45.977292925286676,73.58469297798544,100.83463975151622,139.91415275532287,226.24542897869915,105.4849
SBI Small Cap Fund - Direct Plan - Growth,119599,944,45.88620178670504,73.67353221926933,100.90709905610584,139.8478362182551,225.84155211270044,105.4849
SBI Small Cap Fund - Direct Plan - Growth,119599,945,45.772047005544884,73.59563058077896,100.84478035875529,139.95651761266845,225.21230837632993,105.4849
SBI Small Cap Fund - Direct Plan - Growth,119599,946,45.6713034813638,73.52250634099109,100.66890687815626,140.05442391456683,225.647389716646,105.4849
SBI Small Cap Fund - Direct Plan - Growth,119599,947,45.55339395311181,73.46688076002458,100.84909162478664,139.8046418203595,226.10105226090974,105.4849
SBI Small Cap Fund - Direct Plan - Growth,119599,948,45.77184570548828,73.44390327980184,100.83222254469888,140.0029706798819,226.49945460860073,105.4849
SBI Small Cap Fund - Direct Plan - Growth,119599,949,45.666363380499774,73.18927400588214,100.9067740296388,140.29098943169123,226.83773077825674,105.4849
SBI Small Cap Fund - Direct Plan - Growth,119599,950,45.57662490451086,73.34030840297339,100.76550551800233,140.31739805123613,226.74598320866517,105.4849
SBI Small Cap Fund - Direct Plan - Growth,119599,951,45.670899000697915,73.32654543288488,100.94545425218382,140.35674247250626,227.8693113077172,105.4849
SBI Small Cap Fund - Direct Plan - Growth,119599,952,45.66094610915076,73.32787791555151,100.94961090440431,140.740079504841,228.12728991598425,105.4849
SBI Small Cap Fund - Direct Plan - Growth,119599,953,45.62541804814984,73.33615049578987,101.02557989671598,140.36663998543645,227.805341635064,105.4849
SBI Small Cap Fund - Direct Plan - Growth,119599,954,45.75630973281795,73.39243438513668,100.90588100424807,140.49783962861582,227.69237244327346,105.4849
SBI Small Cap Fund - Direct Plan - Growth,119599,955,45.73457061186608,73.37765644319448,101.08096507559102,140.4519626986,228.17250217413337,105.4849
SBI Small Cap Fund - Direct Plan - Growth,119599,956,45.67887526483918,73.3784234763754,100.97006563954854,140.40858433676684,227.14948361269748,105.4849
SBI Small Cap Fund - Direct Plan - Growth,119599,957,45.689539766134104,73.31761847188957,100.89128314436866,140.64726532147475,227.00507261951518,105.4849
SBI Small Cap Fund - Direct Plan - Growth,119599,958,45.67194863330628,73.20155455587087,101.07628323755279,140.53013543517505,226.9516511273688,105.4849
SBI Small Cap Fund - Direct Plan - Growth,119599,959,45.53177786519627,73.3516421922354,101.04467290420719,140.64835259621955,226.90582630417111,105.4849
SBI Small Cap Fund - Direct Plan - Growth,119599,960,45.45693439636669,73.19229396167385,101.0229137152156,140.7059916354068,227.25756979184206,105.4849
SBI Small Cap Fund - Direct Plan - Growth,119599,961,45.31808174177619,73.1401598199241,100.98593459984338,140.95267385025633,227.51955554872347,105.4849
SBI Small Cap Fund - Direct Plan - Growth,119599,962,45.42384876116138,73.06511513997171,101.01214525978574,140.90198255763804,227.8605152062598,105.4849
SBI Small Cap Fund - Direct Plan - Growth,119599,963,45.26710780188437,73.19022366964786,101.08115712192145,141.0328066795134,227.64953461613928,105.4849
SBI Small Cap Fund - Direct Plan - Growth,119599,964,45.19227054870881,73.1020360138227,101.23660899715959,141.30905025572844,227.3893695734774,105.4849
SBI Small Cap Fund - Direct Plan - Growth,119599,965,45.09405575761972,73.104502113519,101.12307659965006,141.06202047817456,227.5934912849093,105.4849
SBI Small Cap Fund - Direct Plan - Growth,119599,966,45.20550069511254,72.8941431169344,101.06986189889861,141.01421420329834,226.92160393864057,105.4849
SBI Small Cap Fund - Direct Plan - Growth,119599,967,45.27218324617093,72.8173793987524,101.07264461091926,141.06050241440002,227.7247906604005,105.4849
SBI Small Cap Fund - Direct Plan - Growth,119599,968,45.23697915247779,72.91258574840963,100.99092406433329,140.87064750175134,228.03556823698372,105.4849
SBI Small Cap Fund - Direct Plan - Growth,119599,969,45.23481439934027,72.92824937017849,101.02365105377169,140.62802198592624,228.36529204767672,105.4849
SBI Small Cap Fund - Direct Plan - Growth,119599,970,45.32507774089289,72.91313070439172,101.0121154880914,140.36794554268448,228.12226974227133,105.4849
SBI Small Cap Fund - Direct Plan - Growth,119599,971,45.29443043816243,72.87566600733174,100.96682806358326,140.57956107607933,228.0186082069948,105.4849
SBI Small Cap Fund - Direct Plan - Growth,119599,972,45.21159780824733,72.83530853721257,100.92172791251731,140.5411886331968,227.81786796028473,105.4849
SBI Small Cap Fund - Direct Plan - Growth,119599,973,45.35921393213411,72.82379026863427,101.02903974288822,140.60414462849846,228.71774935283142,105.4849
SBI Small Cap Fund - Direct Plan - Growth,119599,974,45.356295297132974,72.86380098723942,101.07843858381653,140.5630415547842,228.6256745431935,105.4849
SBI Small Cap Fund - Direct Plan - Growth,119599,975,45.1247227214251,72.78190657417474,101.10911982984845,140.69635578331943,228.25569106981982,105.4849
SBI Small Cap Fund - Direct Plan - Growth,119599,976,45.16316040048337,72.85147635233342,100.82199743394173,140.5404549931544,229.13144899318738,105.4849
SBI Small Cap Fund - Direct Plan - Growth,119599,977,45.074761458246726,72.73279050771403,100.88700068784809,140.73160017110519,229.56578384099183,105.4849
SBI Small Cap Fund - Direct Plan - Growth,119599,978,45.19462274242834,72.89357362598322,100.80766923568856,140.77714336774585,229.134592542281,105.4849
SBI Small Cap Fund - Direct Plan - Growth,119599,979,45.03856567214027,72.92915472346324,100.83048606040443,140.9238612221166,230.07256998283526,105.4849
SBI Small Cap Fund - Direct Plan - Growth,119599,980,44.97636377846047,73.02331148393797,100.64380427094974,140.864280119224,230.19314096338778,105.4849
SBI Small Cap Fund - Direct Plan - Growth,119599,981,45.011537684711456,72.70767473645557,100.75918028314007,141.08606726017285,229.2381221902005,105.4849
SBI Small Cap Fund - Direct Plan - Growth,119599,982,44.7208804088628,72.65401074653715,100.9285713179223,141.27219242407756,229.69370538329605,105.4849
SBI Small Cap Fund - Direct Plan - Growth,119599,983,44.758044349400365,72.67105594683613,101.00520095152774,141.30490604475625,227.9082289406337,105.4849
SBI Small Cap Fund - Direct Plan - Growth,119599,984,44.875486261901855,72.77441214860717,100.76989341603635,141.23631183244865,228.8784737994296,105.4849
SBI Small Cap Fund - Direct Plan - Growth,119599,985,44.673985235906876,72.6612266926673,100.64083187531642,141.48338943360423,228.8628293458433,105.4849
SBI Small Cap Fund - Direct Plan - Growth,119599,986,44.84089881053341,72.64621557951168,100.60907613960019,141.65840149923457,228.7731467153028,105.4849
SBI Small Cap Fund - Direct Plan - Growth,119599,987,44.73872387189229,72.79422145541177,100.55252261362051,141.39245505045525,227.96507752868064,105.4849
SBI Small Cap Fund - Direct Plan - Growth,119599,988,44.649524689042195,72.84418043157848,100.68300528464133,141.43716603551565,227.99286568221675,105.4849
SBI Small Cap Fund - Direct Plan - Growth,119599,989,44.75845316557745,72.70732542590305,100.68520841783297,141.65790139531737,228.49993867923453,105.4849
SBI Small Cap Fund - Direct Plan - Growth,119599,990,44.76331235248235,72.73519243213016,100.6316199374609,141.42190338069395,229.59269840739427,105.4849
SBI Small Cap Fund - Direct Plan - Growth,119599,991,44.671253979122724,72.7077817056788,100.68021439156905,141.3322847527432,229.69567825576183,105.4849
SBI Small Cap Fund - Direct Plan - Growth,119599,992,44.65832202092458,72.67210019671961,100.81858098987459,141.08782255505642,229.35503160691397,105.4849
SBI Small Cap Fund - Direct Plan - Growth,119599,993,44.7645406177613,72.57388044341242,100.88170220188272,141.50370959208323,230.5615788642928,105.4849
SBI Small Cap Fund - Direct Plan - Growth,119599,994,44.63640004573191,72.67501223925811,100.72522210733068,141.3074801420199,230.16405103753547,105.4849
SBI Small Cap Fund - Direct Plan - Growth,119599,995,44.643892648689,72.68409144465548,100.9931879638772,141.7286381148719,230.822966275324,105.4849
SBI Small Cap Fund - Direct Plan - Growth,119599,996,44.57228308240904,72.67106906529395,100.96232079094597,141.44494351986373,230.46897120334424,105.4849
SBI Small Cap Fund - Direct Plan - Growth,119599,997,44.75662355006149,72.63049493869187,101.07966606432086,141.17294852490335,230.70463720248628,105.4849
SBI Small Cap Fund - Direct Plan - Growth,119599,998,44.77603421132168,72.68871521097216,100.96070116734472,141.37424938128026,230.4150611171049,105.4849
SBI Small Cap Fund - Direct Plan - Growth,119599,999,44.856785878062595,72.772457926416,100.84681025643607,141.53601574010207,230.70564190277278,105.4849
SBI Small Cap Fund - Direct Plan - Growth,119599,1000,44.77152841677823,72.52110066019597,100.94786464484397,141.7045944697444,230.22603994028884,105.4849
SBI Small Cap Fund - Direct Plan - Growth,119599,1001,44.85912320455551,72.59065420165673,100.96360043305704,141.69391350735003,231.7114628407349,105.4849
SBI Small Cap Fund - Direct Plan - Growth,119599,1002,44.903468055234114,72.44635165709752,100.88591180607696,141.78558015806175,231.42266261929964,105.4849
SBI Small Cap Fund - Direct Plan - Growth,119599,1003,44.8190953548814,72.4153690036091,100.7970668128742,141.92266648580764,231.49957172163752,105.4849
SBI Small Cap Fund - Direct Plan - Growth,119599,1004,44.9359668133223,72.56696335771663,100.91285972108261,141.79203979032184,231.55852815188715,105.4849
SBI Small Cap Fund - Direct Plan - Growth,119599,1005,44.815402544309,72.62114785088123,101.019168018871,141.95396946098654,231.26649925975292,105.4849
SBI Small Cap Fund - Direct Plan - Growth,119599,1006,44.80768342770125,72.62217156822078,101.00418213264294,141.7529184039353,231.89515782992842,105.4849
SBI Small Cap Fund - Direct Plan - Growth,119599,1007,44.697963756363954,72.70446253071194,101.07145699303807,142.09408649959192,230.79965637673777,105.4849
SBI Small Cap Fund - Direct Plan - Growth,119599,1008,44.76204933840121,72.76507464876228,101.06992564588818,142.2743679043591,231.34206143879413,105.4849
SBI Small Cap Fund - Direct Plan - Growth,119599,1009,44.752339674404816,72.67883944161053,101.07169048223423,142.4585265803888,231.19790982216003,105.4849
SBI Small Cap Fund - Direct Plan - Growth,119599,1010,44.69625418766738,72.59744096267397,101.1377580332201,142.14597657183356,231.18984052728374,105.4849
SBI Small Cap Fund - Direct Plan - Growth,119599,1011,44.66418209465603,72.7979103160101,101.12135083100836,141.9716823266792,231.10525105688623,105.4849
SBI Small Cap Fund - Direct Plan - Growth,119599,1012,44.68117531183027,72.60572108584115,100.99483196310928,142.27169630051242,231.59058737401116,105.4849
SBI Small Cap Fund - Direct Plan - Growth,119599,1013,44.53246834280235,72.60948223180146,100.94355769180595,141.96637761110873,231.30007101141348,105.4849
SBI Small Cap Fund - Direct Plan - Growth,119599,1014,44.69810072963437,72.33930394548992,100.85034790837874,141.8721279478554,231.71678220312424,105.4849
SBI Small Cap Fund - Direct Plan - Growth,119599,1015,44.710488214497225,72.3605701291009,101.1026703497044,141.90258352405928,231.82080219633386,105.4849
SBI Small Cap Fund - Direct Plan - Growth,119599,1016,44.72402903517895,72.19523031211244,101.208007321317,141.7296764048852,231.70778311868511,105.4849
SBI Small Cap Fund - Direct Plan - Growth,119599,1017,44.710238014768315,72.22059201815875,101.19117375785103,141.70176356668205,230.92191809600232,105.4849
SBI Small Cap Fund - Direct Plan - Growth,119599,1018,44.65616588675429,72.32183718473739,101.0959289041905,141.7148435315192,231.13932721276828,105.4849
SBI Small Cap Fund - Direct Plan - Growth,119599,1019,44.5601693046274,72.37794926229127,101.04774583935324,141.8605912691145,231.4329978790943,105.4849
SBI Small Cap Fund - Direct Plan - Growth,119599,1020,44.59678479317013,72.31669513232208,100.87560193112532,141.85641164155192,232.35111809579138,105.4849
SBI Small Cap Fund - Direct Plan - Growth,119599,1021,44.62351593661654,72.28098004867257,101.04560498230215,141.54008754973495,232.18814189424893,105.4849
SBI Small Cap Fund - Direct Plan - Growth,119599,1022,44.554854957677335,72.32627764016638,100.92079480113529,141.8535015135604,232.54684119255225,105.4849
SBI Small Cap Fund - Direct Plan - Growth,119599,1023,44.633211895346044,72.27561850730439,100.91300514793248,141.79659829663905,232.72932127554492,105.4849
SBI Small Cap Fund - Direct Plan - Growth,119599,1024,44.55031917669106,72.1861566517647,101.05911231320556,141.64980367867554,233.5376875726781,105.4849
SBI Small Cap Fund - Direct Plan - Growth,119599,1025,44.57753568553433,72.29898948543664,101.11828313166087,141.71818470493113,233.0956950438455,105.4849
SBI Small Cap Fund - Direct Plan - Growth,119599,1026,44.478875590441284,72.22822122803726,101.15421082390205,142.03816714144108,233.8722091701711,105.4849
SBI Small Cap Fund - Direct Plan - Growth,119599,1027,44.35694999129544,72.17406187753531,100.92957901911862,142.11428355880582,233.424350324543,105.4849
SBI Small Cap Fund - Direct Plan - Growth,119599,1028,44.41219096092738,72.22997831680956,101.08280944216571,142.0333405493277,233.29952471682753,105.4849
SBI Small Cap Fund - Direct Plan - Growth,119599,1029,44.549669280575856,72.21427828117314,101.0102465837694,142.16974312213677,233.18394995645596,105.4849
SBI Small Cap Fund - Direct Plan - Growth,119599,1030,44.37484452657593,72.06243548323785,101.08637887162119,141.96107417203908,233.07433828435722,105.4849
SBI Small Cap Fund - Direct Plan - Growth,119599,1031,44.549994085357724,72.00565276563496,100.97440723269835,142.14001013569083,232.94088006377476,105.4849
SBI Small Cap Fund - Direct Plan - Growth,119599,1032,44.46864968917377,72.06071231382418,101.25965058029566,142.12275631505838,232.88093919138748,105.4849
SBI Small Cap Fund - Direct Plan - Growth,119599,1033,44.57603062447452,72.17073125891108,101.1650551837227,142.10184557573317,233.71640935614843,105.4849
SBI Small Cap Fund - Direct Plan - Growth,119599,1034,44.50838718764376,72.29257238146417,101.10789993694284,141.81932091935158,232.72551849636454,105.4849
SBI Small Cap Fund - Direct Plan - Growth,119599,1035,44.54007462280713,72.1878432860737,101.11859425309171,142.43505295422676,232.94564116385268,105.4849
SBI Small Cap Fund - Direct Plan - Growth,119599,1036,44.6001272248135,72.18574337029594,101.07220741558368,142.22490119769202,233.79778926718058,105.4849
SBI Small Cap Fund - Direct Plan - Growth,119599,1037,44.55652724958361,72.2157402655981,101.14457719805736,141.96520794656195,233.7915092776308,105.4849
SBI Small Cap Fund - Direct Plan - Growth,119599,1038,44.43618178006663,72.0945664964382,101.06646291674596,142.1282185358663,234.8064480029223,105.4849
SBI Small Cap Fund - Direct Plan - Growth,119599,1039,44.40706869582086,72.05758287857451,100.9807049091748,142.45109237025298,234.8829181333024,105.4849
SBI Small Cap Fund - Direct Plan - Growth,119599,1040,44.31069232901583,71.93289657236572,100.74964806266728,142.3966063268976,234.263414707166,105.4849
SBI Small Cap Fund - Direct Plan - Growth,119599,1041,44.21867048852996,72.09566398129327,100.92643720571013,142.49395858258967,233.98706442408323,105.4849
SBI Small Cap Fund - Direct Plan - Growth,119599,1042,44.15066222437901,72.08009596744355,100.87998544252777,142.3102464890531,233.9044281193103,105.4849
SBI Small Cap Fund - Direct Plan - Growth,119599,1043,44.249459246595855,72.08188941090256,100.9875963281231,142.35867382651122,233.16577792364347,105.4849
SBI Small Cap Fund - Direct Plan - Growth,119599,1044,44.24592857133319,72.06140223263456,100.90680157558964,142.23325755616855,233.29105114891505,105.4849
SBI Small Cap Fund - Direct Plan - Growth,119599,1045,44.0884998177727,72.05411828998783,100.92080734638226,142.4462959899716,233.8283362646532,105.4849
SBI Small Cap Fund - Direct Plan - Growth,119599,1046,44.14776391358056,71.94249759624319,100.8130988313969,142.47811153898866,235.20707458483318,105.4849
SBI Small Cap Fund - Direct Plan - Growth,119599,1047,44.19296040407928,72.07479238131253,100.87850808438395,142.51773578267085,235.50955882850604,105.4849
SBI Small Cap Fund - Direct Plan - Growth,119599,1048,44.110050362919296,72.02273489114225,100.79843916729507,142.54723279192356,234.87946156124508,105.4849
SBI Small Cap Fund - Direct Plan - Growth,119599,1049,43.90637764584018,72.01963765230583,100.73677888532427,142.35887307129263,233.3095822822631,105.4849
SBI Small Cap Fund - Direct Plan - Growth,119599,1050,43.949835524887234,72.10417219490128,100.8487930969363,142.56588635397082,234.21424240307383,105.4849
SBI Small Cap Fund - Direct Plan - Growth,119599,1051,44.14153458443749,71.83063452408601,100.93928587420731,142.47900084801307,234.1145171376712,105.4849
SBI Small Cap Fund - Direct Plan - Growth,119599,1052,44.01044478824617,71.86982812957959,100.70287842922676,142.47082363906733,235.8199930047435,105.4849
SBI Small Cap Fund - Direct Plan - Growth,119599,1053,43.995407731303786,71.90782450193132,100.72209724921012,142.4179898131099,234.81864561186484,105.4849
SBI Small Cap Fund - Direct Plan - Growth,119599,1054,44.02814136956489,71.8405364711633,100.83782635912283,142.26796348546625,234.33163557392817,105.4849
SBI Small Cap Fund - Direct Plan - Growth,119599,1055,44.06883375143567,71.75895111598703,100.96786622369234,142.30293681926275,235.40023763601565,105.4849
SBI Small Cap Fund - Direct Plan - Growth,119599,1056,44.19363947950272,71.73533952291909,101.01063890466014,142.39371910898493,236.33698082660092,105.4849
SBI Small Cap Fund - Direct Plan - Growth,119599,1057,44.0602653793158,71.75817812055611,101.17122043798389,142.49489029173665,236.51283292230116,105.4849
SBI Small Cap Fund - Direct Plan - Growth,119599,1058,44.06398586641117,71.60551313042856,100.86185586763958,142.74474324173408,236.6528329263675,105.4849
SBI Small Cap Fund - Direct Plan - Growth,119599,1059,44.153649376681116,71.71629051544164,100.89463092118135,142.69308077716542,237.14055671692478,105.4849
SBI Small Cap Fund - Direct Plan - Growth,119599,1060,44.149733215052024,71.6785635790981,100.71175228787362,142.68102558173544,236.98407542880543,105.4849
SBI Small Cap Fund - Direct Plan - Growth,119599,1061,44.1152823228629,71.76248676745355,100.58783091936164,142.72514128367243,236.35473857868058,105.4849
SBI Small Cap Fund - Direct Plan - Growth,119599,1062,44.08557260165028,71.73745856393201,100.64908653203082,142.6376241956919,236.20715067212802,105.4849
SBI Small Cap Fund - Direct Plan - Growth,119599,1063,43.996006994211136,71.69656544778574,100.72744503093672,142.59560591258145,236.45379224790418,105.4849
SBI Small Cap Fund - Direct Plan - Growth,119599,1064,43.862899117887274,71.85087531400642,100.83589228196246,142.67128054263077,236.47800570351134,105.4849
SBI Small Cap Fund - Direct Plan - Growth,119599,1065,44.02918313629995,71.85497433904604,100.83942384080026,142.60999795251712,236.3396547862821,105.4849
SBI Small Cap Fund - Direct Plan - Growth,119599,1066,44.13380543639634,71.72228612689989,100.79111681140951,142.5806307831716,236.63212677192521,105.4849
SBI Small Cap Fund - Direct Plan - Growth,119599,1067,44.06892883099383,71.74868164181143,100.8736460610318,142.70496487346108,237.00729802081645,105.4849
SBI Small Cap Fund - Direct Plan - Growth,119599,1068,43.96197867452268,71.79411232031036,100.71941435299547,142.4535825129999,236.5710490559971,105.4849
SBI Small Cap Fund - Direct Plan - Growth,119599,1069,43.98768649122372,71.61860600750649,100.70331525945949,142.47710656907418,236.41452826286687,105.4849
SBI Small Cap Fund - Direct Plan - Growth,119599,1070,44.04617761856327,71.53775752147159,100.9908053828571,142.23295447320186,237.27288392898225,105.4849
SBI Small Cap Fund - Direct Plan - Growth,119599,1071,43.90783565310674,71.45272633145271,100.89799017979426,142.4932827069037,237.4647194901027,105.4849
SBI Small Cap Fund - Direct Plan - Growth,119599,1072,43.88875290797864,71.47914437803557,100.87187852538285,142.6211306579063,238.13184294434726,105.4849
SBI Small Cap Fund - Direct Plan - Growth,119599,1073,43.75451202144346,71.40739571216479,100.94668409326147,142.77464686373892,238.06058875859588,105.4849
SBI Small Cap Fund - Direct Plan - Growth,119599,1074,43.8835369107232,71.3522055433185,100.86103006425773,142.75147399819994,238.43562680301042,105.4849
SBI Small Cap Fund - Direct Plan - Growth,119599,1075,43.795567710613355,71.34097151212731,101.10728735894881,142.77136320782205,237.02396148846685,105.4849
SBI Small Cap Fund - Direct Plan - Growth,119599,1076,43.939578072486334,71.31286682270125,101.01288363789587,142.8537180754334,238.30316358968219,105.4849
SBI Small Cap Fund - Direct Plan - Growth,119599,1077,43.835690553252526,71.28706978047342,100.90029499043834,142.99843354880315,238.16650599349498,105.4849
SBI Small Cap Fund - Direct Plan - Growth,119599,1078,43.83936461425853,71.23717717877138,101.0906033112156,142.93982184764675,238.35869766607738,105.4849
SBI Small Cap Fund - Direct Plan - Growth,119599,1079,43.76155224777183,71.26159142881109,100.99115642360957,143.0591388097983,237.7860113902223,105.4849
SBI Small Cap Fund - Direct Plan - Growth,119599,1080,43.65348611053737,71.31383257305747,101.14064322483836,142.94989602868407,238.0518068382269,105.4849
SBI Small Cap Fund - Direct Plan - Growth,119599,1081,43.52578005086606,71.24332723341276,100.84585814550401,142.65311742536576,238.27103753516076,105.4849
SBI Small Cap Fund - Direct Plan - Growth,119599,1082,43.52248634646366,71.14959006333592,101.01880605033901,142.49753455690387,239.2560682850332,105.4849
SBI Small Cap Fund - Direct Plan - Growth,119599,1083,43.42499480249415,71.28192642388879,101.12837083559472,142.83610701387542,238.7064271404634,105.4849
SBI Small Cap Fund - Direct Plan - Growth,119599,1084,43.35590276213216,71.28427885277289,101.38610469292468,142.72462547566573,238.62498141187405,105.4849
SBI Small Cap Fund - Direct Plan - Growth,119599,1085,43.459968267181345,71.38110497085131,101.25686329988277,142.77006856901392,238.7765169412561,105.4849
SBI Small Cap Fund - Direct Plan - Growth,119599,1086,43.58471308402754,71.3380691359466,101.19055112601666,142.44810921763826,238.04587475241232,105.4849
SBI Small Cap Fund - Direct Plan - Growth,119599,1087,43.55304615711281,71.17475473049312,101.04518231501703,142.97104175295402,237.51486404303665,105.4849
SBI Small Cap Fund - Direct Plan - Growth,119599,1088,43.446163224593036,71.12670606325551,100.85694459121291,143.14020227450823,237.60616167007942,105.4849
SBI Small Cap Fund - Direct Plan - Growth,119599,1089,43.379771261254085,71.38340361647548,100.7596153988354,143.11278563520074,238.22414574319237,105.4849
SBI Small Cap Fund - Direct Plan - Growth,119599,1090,43.12259885426275,71.16056052469574,100.84623530581577,143.48353943481524,239.01860433715922,105.4849
SBI Small Cap Fund - Direct Plan - Growth,119599,1091,43.059091688559995,71.17455548672667,100.94944572129138,143.2121342136268,239.16521149896926,105.4849
SBI Small Cap Fund - Direct Plan - Growth,119599,1092,42.99181647640591,71.13362593615821,100.81818403666598,143.30151255360397,238.45739804468138,105.4849
SBI Small Cap Fund - Direct Plan - Growth,119599,1093,42.92642883451261,71.15879161492174,100.77310640178621,143.1116285261554,238.64451055123465,105.4849
SBI Small Cap Fund - Direct Plan - Growth,119599,1094,43.03805667621346,71.1813252657124,100.77622536091883,143.25199750765557,238.3421460553754,105.4849
SBI Small Cap Fund - Direct Plan - Growth,119599,1095,43.08731841012402,71.08592294260426,100.74858262876883,143.30680814465677,238.54288700453236,105.4849
SBI Small Cap Fund - Direct Plan - Growth,119599,1096,43.131283292926064,71.0979767759601,100.94550211522372,143.3318016518138,239.77675279215202,105.4849
SBI Small Cap Fund - Direct Plan - Growth,119599,1097,43.11342694386723,71.18104496208227,100.9219451781355,143.48771410095964,239.4817667430217,105.4849
SBI Small Cap Fund - Direct Plan - Growth,119599,1098,43.1563443893568,71.16227326734804,100.7744281516967,143.45539791591617,240.00548332868237,105.4849
SBI Small Cap Fund - Direct Plan - Growth,119599,1099,43.01819964056011,71.13694585917081,100.65106809178502,143.45842836073552,240.46988596918683,105.4849
SBI Small Cap Fund - Direct Plan - Growth,119599,1100,42.91614567563759,71.0826317230563,100.76635646546745,143.25264470914533,240.02364455173392,105.4849
SBI Small Cap Fund - Direct Plan - Growth,119599,1101,42.885585219670176,71.15075567764049,100.44830485988189,143.57729761759373,241.04721761216342,105.4849
SBI Small Cap Fund - Direct Plan - Growth,119599,1102,42.927647479996786,71.11031353867675,100.55865554189018,143.99898663681236,240.63493750741682,105.4849
SBI Small Cap Fund - Direct Plan - Growth,119599,1103,43.11745900240656,71.12586344894088,100.6412036161503,143.68458803232141,240.37924729310424,105.4849
SBI Small Cap Fund - Direct Plan - Growth,119599,1104,42.931902398891566,71.14101125793533,100.62824274077317,143.71748655992917,240.59295259841423,105.4849
SBI Small Cap Fund - Direct Plan - Growth,119599,1105,42.84268344242742,70.95420470972246,100.61006924842067,143.93704364634885,240.37395320537496,105.4849
SBI Small Cap Fund - Direct Plan - Growth,119599,1106,42.723148670650865,71.04353196858732,100.49634967230917,143.5710627404774,241.00939556021336,105.4849
SBI Small Cap Fund - Direct Plan - Growth,119599,1107,42.70573734386677,70.8574979223619,100.57268530610676,143.40390995192564,241.1868705775822,105.4849
SBI Small Cap Fund - Direct Plan - Growth,119599,1108,42.84237097882852,70.99018632402154,100.79772482616136,143.52172176633584,241.55058276630504,105.4849
SBI Small Cap Fund - Direct Plan - Growth,119599,1109,42.76997642964236,71.03183720830836,100.35717477697608,143.13333054399916,240.95579613824125,105.4849
SBI Small Cap Fund - Direct Plan - Growth,119599,1110,42.830711040702774,71.01717875608249,100.51926466326748,143.01890908941382,241.0921519820472,105.4849
SBI Small Cap Fund - Direct Plan - Growth,119599,1111,42.7573634052161,70.91655038211044,100.55073828607655,143.11177431820528,241.40277566607003,105.4849
SBI Small Cap Fund - Direct Plan - Growth,119599,1112,42.7189614877263,71.11736932517196,100.51969309611243,143.6200351247298,241.41156532426515,105.4849
SBI Small Cap Fund - Direct Plan - Growth,119599,1113,42.728565211482405,71.12661170117929,100.70847110368376,143.64486076066086,240.26249785843802,105.4849
SBI Small Cap Fund - Direct Plan - Growth,119599,1114,42.66160867324404,71.0843902030379,100.56989206755857,143.88934712541715,239.93248883516628,105.4849
SBI Small Cap Fund - Direct Plan - Growth,119599,1115,42.67129986363313,71.19532742422707,100.43819614126136,143.30981383649768,239.6775423721176,105.4849
SBI Small Cap Fund - Direct Plan - Growth,119599,1116,42.66607038444703,71.11587450712058,100.38267270509402,143.4569860779854,240.06593194746657,105.4849
SBI Small Cap Fund - Direct Plan - Growth,119599,1117,42.643414868333096,71.0063968007552,100.44332622481821,143.17345857364552,239.91745285631006,105.4849
SBI Small Cap Fund - Direct Plan - Growth,119599,1118,42.46703733004339,71.11101207955761,100.48200207638031,143.4615700313117,239.62812876505654,105.4849
SBI Small Cap Fund - Direct Plan - Growth,119599,1119,42.54029092798375,70.97700563840317,100.32790575983154,143.3189082542008,239.33846263084445,105.4849
SBI Small Cap Fund - Direct Plan - Growth,119599,1120,42.657624067004264,71.19202583205283,100.46782097268049,143.34845260282492,238.96471273361502,105.4849
SBI Small Cap Fund - Direct Plan - Growth,119599,1121,42.667541546939134,71.16848687244318,100.45437786866356,143.49214305529358,239.0039445714237,105.4849
SBI Small Cap Fund - Direct Plan - Growth,119599,1122,42.74287851418349,71.19418866544625,100.3801331906675,143.40544461942005,240.03377585544243,105.4849
SBI Small Cap Fund - Direct Plan - Growth,119599,1123,42.79700931267428,71.19781305887834,100.2258497343322,143.28679719976898,239.7466675667966,105.4849
SBI Small Cap Fund - Direct Plan - Growth,119599,1124,42.61200487067865,71.13251307849332,100.38823874040582,143.38218254199853,240.17010654762504,105.4849
SBI Small Cap Fund - Direct Plan - Growth,119599,1125,42.46799725507952,71.13268295772379,100.34147434038977,143.2459815527282,240.26520213629115,105.4849
SBI Small Cap Fund - Direct Plan - Growth,119599,1126,42.76078108148046,71.16009088865563,100.52128390091619,143.31569414929442,240.91617987447952,105.4849
SBI Small Cap Fund - Direct Plan - Growth,119599,1127,42.743824471421725,71.19226966179866,100.49349203048314,143.1815486048482,240.6556617089889,105.4849
SBI Small Cap Fund - Direct Plan - Growth,119599,1128,42.6927159514799,71.08275972811941,100.70867745656776,143.27554975944796,240.69358007541976,105.4849
SBI Small Cap Fund - Direct Plan - Growth,119599,1129,42.425331893810984,71.05203633499096,100.59091544155223,143.3291445882375,240.90997561864754,105.4849
SBI Small Cap Fund - Direct Plan - Growth,119599,1130,42.43061665596992,71.08639078013894,100.49461537219992,143.1653550085764,239.7160044626268,105.4849
SBI Small Cap Fund - Direct Plan - Growth,119599,1131,42.45117418243984,71.06510544485266,100.47416633610007,143.4310482327843,240.16582500179214,105.4849
SBI Small Cap Fund - Direct Plan - Growth,119599,1132,42.31901921540613,71.05308141558363,100.35935366079418,143.30679851116344,239.64247299601004,105.4849
SBI Small Cap Fund - Direct Plan - Growth,119599,1133,42.298835910601184,70.96371429869633,100.4961411985891,143.79719602690955,240.18942407587983,105.4849
SBI Small Cap Fund - Direct Plan - Growth,119599,1134,42.43839598172813,70.82379869813128,100.51565286893523,143.56114206084266,241.43744742928365,105.4849
SBI Small Cap Fund - Direct Plan - Growth,119599,1135,42.401592338623345,70.79724287992168,100.18904506945799,143.5643316035737,241.5333829764784,105.4849
SBI Small Cap Fund - Direct Plan - Growth,119599,1136,42.34985234599521,70.90292829076766,100.307676593655,143.75050651707704,241.12644662239643,105.4849
SBI Small Cap Fund - Direct Plan - Growth,119599,1137,42.230707975488784,70.78270802856863,100.37947692040851,143.49275245890314,241.00189036834175,105.4849
SBI Small Cap Fund - Direct Plan - Growth,119599,1138,42.22572860406942,70.87030624276318,100.52104066780497,143.6680850084947,241.36087073337376,105.4849
SBI Small Cap Fund - Direct Plan - Growth,119599,1139,42.29671661090536,70.77825735775521,100.57220052206482,143.5242754048965,241.35090736080213,105.4849
SBI Small Cap Fund - Direct Plan - Growth,119599,1140,42.236542378567556,70.90920412423854,100.79515291105054,143.4051851443829,241.00390492088988,105.4849
SBI Small Cap Fund - Direct Plan - Growth,119599,1141,42.016487018997175,70.76540309285281,100.56751274839453,143.5870692423569,241.1706421447345,105.4849
SBI Small Cap Fund - Direct Plan - Growth,119599,1142,42.136601624750945,70.97961180682167,100.49775933638342,143.92384817600123,242.26892398268606,105.4849
SBI Small Cap Fund - Direct Plan - Growth,119599,1143,42.129187147469466,70.90482946641596,100.557861691221,143.81034531190684,241.41402937144133,105.4849
SBI Small Cap Fund - Direct Plan - Growth,119599,1144,42.07067420486798,70.84110833467793,100.68753130496354,144.04227832764946,241.56575618738933,105.4849
SBI Small Cap Fund - Direct Plan - Growth,119599,1145,42.07470225439169,70.91971228349897,100.48433119433845,143.79658105208853,241.79810269742828,105.4849
SBI Small Cap Fund - Direct Plan - Growth,119599,1146,42.07310739677429,70.71653461198483,100.65588584262267,143.92531579731394,241.99796401286747,105.4849
SBI Small Cap Fund - Direct Plan - Growth,119599,1147,42.21788560193081,70.82973505508774,100.50318786323749,143.91548393824928,242.41892680175752,105.4849
SBI Small Cap Fund - Direct Plan - Growth,119599,1148,41.96612898739568,70.6969777131711,100.53501345177932,144.11387858809718,242.4027724805539,105.4849
SBI Small Cap Fund - Direct Plan - Growth,119599,1149,41.92048367214509,70.73882998772325,100.63931631337398,143.82758221894161,242.60178662188648,105.4849
SBI Small Cap Fund - Direct Plan - Growth,119599,1150,41.901537724198256,70.67666569425009,100.52343470883322,143.83379420806625,243.34591363276348,105.4849
SBI Small Cap Fund - Direct Plan - Growth,119599,1151,41.845356977145805,70.71586120744001,100.52323232109595,143.93364065778144,243.43148542651477,105.4849
SBI Small Cap Fund - Direct Plan - Growth,119599,1152,41.69521808997896,70.62269623835135,100.52357506797745,143.96718701983414,243.00533694048997,105.4849
SBI Small Cap Fund - Direct Plan - Growth,119599,1153,41.87947028923796,70.61892377150622,100.71630247712201,143.83455833702843,242.29926139496422,105.4849
SBI Small Cap Fund - Direct Plan - Growth,119599,1154,41.69242772702179,70.59681779697989,100.54284174134028,143.90704332891588,242.31798512021643,105.4849
SBI Small Cap Fund - Direct Plan - Growth,119599,1155,41.89776747510005,70.5528931802157,100.72544226701726,143.94764779817754,242.96288869833603,105.4849
SBI Small Cap Fund - Direct Plan - Growth,119599,1156,41.988970746814495,70.64656224360289,100.56417900655347,144.0484466528461,242.55988335395273,105.4849
SBI Small Cap Fund - Direct Plan - Growth,119599,1157,41.80589906907513,70.74454222905538,100.86666354514313,144.08960237912606,242.0271067571361,105.4849
SBI Small Cap Fund - Direct Plan - Growth,119599,1158,41.946519763416205,70.7287667385968,100.93392649865999,143.91286040625914,241.8545601290431,105.4849
SBI Small Cap Fund - Direct Plan - Growth,119599,1159,41.7887934108814,70.5408191984937,100.78778615594416,143.7047391362927,241.7923707385175,105.4849
SBI Small Cap Fund - Direct Plan - Growth,119599,1160,41.77667310535506,70.52804026488772,100.72219046165337,143.62923107598186,242.547950317109,105.4849
SBI Small Cap Fund - Direct Plan - Growth,119599,1161,41.95061154555422,70.52151832868934,100.57655030164605,143.79047445635365,242.84866267014402,105.4849
SBI Small Cap Fund - Direct Plan - Growth,119599,1162,41.93386099728563,70.45037695171753,100.75505672827106,143.3088499545954,243.52918883494786,105.4849
SBI Small Cap Fund - Direct Plan - Growth,119599,1163,41.92222516122739,70.58327387618283,100.63073897389052,143.68458454319872,242.9732685569317,105.4849
SBI Small Cap Fund - Direct Plan - Growth,119599,1164,41.92017629764215,70.68624873904758,100.5092469312185,143.60776022898568,244.35850926785562,105.4849
SBI Small Cap Fund - Direct Plan - Growth,119599,1165,41.873254787156085,70.58779249233086,100.27122559252598,143.62181398194625,244.22864663691243,105.4849
SBI Small Cap Fund - Direct Plan - Growth,119599,1166,41.95495993182438,70.54450335274632,100.36148558156012,143.65587531939215,243.41541873840634,105.4849
SBI Small Cap Fund - Direct Plan - Growth,119599,1167,41.886256881317024,70.53703610052821,100.50389429770564,143.35182831082062,243.8631657127674,105.4849
SBI Small Cap Fund - Direct Plan - Growth,119599,1168,41.734591672385605,70.37319974282225,100.47940779631014,143.38714928792837,243.4401136248859,105.4849
SBI Small Cap Fund - Direct Plan - Growth,119599,1169,41.75189616362582,70.4254096077741,100.44209888261653,143.72427182501445,243.54536061381256,105.4849
SBI Small Cap Fund - Direct Plan - Growth,119599,1170,41.648465963141284,70.32611024924664,100.510612691564,143.35530218616952,244.0302899070135,105.4849
SBI Small Cap Fund - Direct Plan - Growth,119599,1171,41.68708768123316,70.30363261661832,100.54817589477031,143.53744079498304,243.41856296350215,105.4849
SBI Small Cap Fund - Direct Plan - Growth,119599,1172,41.46924695367857,70.4128430083374,100.63306197131698,143.45792351424117,243.50011922442712,105.4849
SBI Small Cap Fund - Direct Plan - Growth,119599,1173,41.443435757309544,70.27364345502663,100.63888408768943,143.57781402593739,243.949004680917,105.4849
SBI Small Cap Fund - Direct Plan - Growth,119599,1174,41.39044472215373,70.24945986481416,100.6552869924109,143.79571416807445,243.62639695535304,105.4849
SBI Small Cap Fund - Direct Plan - Growth,119599,1175,41.41886299701337,70.16293236347198,100.5976141700869,143.945101666467,243.88629272557708,105.4849
SBI Small Cap Fund - Direct Plan - Growth,119599,1176,41.326245230820206,70.14483734742576,100.91176686509974,143.98796802783068,243.2523026124589,105.4849
SBI Small Cap Fund - Direct Plan - Growth,119599,1177,41.184205694691975,69.9817007233284,100.92590315470915,144.1585649636871,244.34216162345663,105.4849
SBI Small Cap Fund - Direct Plan - Growth,119599,1178,41.28379239408263,70.04605697173044,100.8079534335698,143.86257642291292,245.13606972635446,105.4849
SBI Small Cap Fund - Direct Plan - Growth,119599,1179,41.32610823036434,69.98137438287637,100.95619828763832,144.32133714100195,244.7962745403028,105.4849
SBI Small Cap Fund - Direct Plan - Growth,119599,1180,41.21434126433456,69.87638508068268,100.83101096847066,144.15628551569958,243.6567266929732,105.4849
SBI Small Cap Fund - Direct Plan - Growth,119599,1181,41.318162370648814,70.04680688672512,100.77238904539307,144.39695223539803,244.04188784670947,105.4849
SBI Small Cap Fund - Direct Plan - Growth,119599,1182,41.34740537823935,69.91481866165495,100.6867578915103,144.47513853868764,244.49808622240013,105.4849
SBI Small Cap Fund - Direct Plan - Growth,119599,1183,41.32212436204131,69.90772080867026,100.65904994033593,144.39444053662868,244.62772126949724,105.4849
SBI Small Cap Fund - Direct Plan - Growth,119599,1184,41.159321298186526,70.02888700267759,100.69054813819169,144.72348347599046,245.1984614708745,105.4849
SBI Small Cap Fund - Direct Plan - Growth,119599,1185,41.2111619833504,70.16362555604027,100.57477565546068,144.59170780321045,244.10484249013118,105.4849
SBI Small Cap Fund - Direct Plan - Growth,119599,1186,41.12937910952442,69.91225876486966,100.67608032922871,144.80722735471662,244.2022610821625,105.4849
SBI Small Cap Fund - Direct Plan - Growth,119599,1187,41.04874815655768,69.84429465579066,100.653741411851,144.66021626258632,244.7559851609425,105.4849
SBI Small Cap Fund - Direct Plan - Growth,119599,1188,41.1863681866287,69.85927663156211,100.76926378744147,144.4206754573169,244.81771313328568,105.4849
SBI Small Cap Fund - Direct Plan - Growth,119599,1189,41.196228336293686,69.90160531981053,100.46567347945847,144.60516775533907,245.04315726935909,105.4849
SBI Small Cap Fund - Direct Plan - Growth,119599,1190,41.13969333678796,69.7326649296058,100.43765877462499,144.3672100702992,245.52900737095118,105.4849
SBI Small Cap Fund - Direct Plan - Growth,119599,1191,41.170557468983105,69.77450774489523,100.451600824098,144.79333537933422,245.6301149039969,105.4849
SBI Small Cap Fund - Direct Plan - Growth,119599,1192,41.103038180416696,69.85096631565796,100.52606172939912,144.8820556947975,245.49844748052456,105.4849
SBI Small Cap Fund - Direct Plan - Growth,119599,1193,41.17457138106645,69.81295760446635,100.55312740406008,145.0353984028634,246.59390856878537,105.4849
SBI Small Cap Fund - Direct Plan - Growth,119599,1194,41.18033337525654,69.74300039408885,100.49223916533612,144.38664354959533,246.20495515568481,105.4849
SBI Small Cap Fund - Direct Plan - Growth,119599,1195,41.051571071766034,69.76758428472242,100.46449178065112,144.7149270341055,246.18476138013853,105.4849
SBI Small Cap Fund - Direct Plan - Growth,119599,1196,41.21232649341264,69.83275572682459,100.42280270700824,145.0227082216764,246.87425558017725,105.4849
SBI Small Cap Fund - Direct Plan - Growth,119599,1197,41.12259247805149,69.88424570039479,100.60696957495685,144.81571611571408,245.38892256332628,105.4849
SBI Small Cap Fund - Direct Plan - Growth,119599,1198,41.10426172800071,70.11172488976548,100.25952597474829,144.91435888866516,246.72405336528286,105.4849
SBI Small Cap Fund - Direct Plan - Growth,119599,1199,41.129527214402344,69.97163210880032,100.13615375206666,144.79124132633538,246.49141837232347,105.4849
SBI Small Cap Fund - Direct Plan - Growth,119599,1200,41.15121375447066,69.90368397055704,100.17160608845967,145.12727955434073,246.9007778922233,105.4849
SBI Small Cap Fund - Direct Plan - Growth,119599,1201,41.00170069932764,69.97950145258208,100.2022926425599,144.92150516169153,247.3462643379959,105.4849
SBI Small Cap Fund - Direct Plan - Growth,119599,1202,41.00299131782754,69.92036083492329,100.15664239982925,145.0825234846579,247.2606233712841,105.4849
SBI Small Cap Fund - Direct Plan - Growth,119599,1203,41.10174740096876,69.99520885602088,100.25812539722061,145.0175259434518,246.9215499221227,105.4849
SBI Small Cap Fund - Direct Plan - Growth,119599,1204,41.23595596192621,69.9685962115799,100.30087965634948,145.12440554865253,246.50971410492616,105.4849
SBI Small Cap Fund - Direct Plan - Growth,119599,1205,41.19855981308166,69.98485820022306,100.21935684094245,145.22649950113365,245.6516282346453,105.4849
SBI Small Cap Fund - Direct Plan - Growth,119599,1206,41.152333984441,69.9403669575733,100.45652030360142,144.77732569457214,246.22939343989924,105.4849
SBI Small Cap Fund - Direct Plan - Growth,119599,1207,41.103188047019124,69.99631452817431,100.49150374372729,144.36994652730408,245.70227899911956,105.4849
SBI Small Cap Fund - Direct Plan - Growth,119599,1208,40.866646379834705,70.1851955050864,100.6004542626058,144.88396148082364,246.220384775612,105.4849
SBI Small Cap Fund - Direct Plan - Growth,119599,1209,40.91975193631597,70.06791824029497,100.23845867195487,145.32706912387252,246.66418288499358,105.4849
SBI Small Cap Fund - Direct Plan - Growth,119599,1210,41.001451111897765,70.05066124137596,100.39129657858521,145.1486068417244,246.84873304995156,105.4849
SBI Small Cap Fund - Direct Plan - Growth,119599,1211,41.06228542888982,70.13585038241848,100.30462281961637,145.16700051611213,246.42659514022597,105.4849
SBI Small Cap Fund - Direct Plan - Growth,119599,1212,41.19744593497793,70.07065874890647,100.48895212597077,144.61881684776247,246.0840437630125,105.4849
SBI Small Cap Fund - Direct Plan - Growth,119599,1213,40.999132615771835,70.15220853222996,100.5628737456449,144.87789034024263,246.16967795276017,105.4849
SBI Small Cap Fund - Direct Plan - Growth,119599,1214,40.93263229722868,70.22491887056519,100.643919268656,144.7738446180299,246.9512337196958,105.4849
SBI Small Cap Fund - Direct Plan - Growth,119599,1215,40.823835374647295,70.22974079201333,100.50412129312382,145.03392581712444,246.687160380907,105.4849
SBI Small Cap Fund - Direct Plan - Growth,119599,1216,40.96208313806948,70.03163897066193,100.43049899717735,145.0813700623481,247.5069578947572,105.4849
SBI Small Cap Fund - Direct Plan - Growth,119599,1217,40.8704803771295,70.06078524729975,100.37634674669042,144.77989766438185,247.13940338348309,105.4849
SBI Small Cap Fund - Direct Plan - Growth,119599,1218,40.87807889681604,70.02590821189621,100.57920326797125,144.92689402472004,246.73307410516003,105.4849
SBI Small Cap Fund - Direct Plan - Growth,119599,1219,40.73759832429356,70.07780898851703,100.3102632674015,144.8719029166159,247.13210049417305,105.4849
SBI Small Cap Fund - Direct Plan - Growth,119599,1220,40.71133267930932,69.91204837950914,100.44300117937338,144.81521801112845,247.16822905744067,105.4849
SBI Small Cap Fund - Direct Plan - Growth,119599,1221,40.620602053685666,69.83682534277396,100.23572198746291,145.28642930019376,247.20776387022292,105.4849
SBI Small Cap Fund - Direct Plan - Growth,119599,1222,40.67852568183829,69.98073039508701,100.1696138782853,145.46045613059178,246.66826729092338,105.4849
SBI Small Cap Fund - Direct Plan - Growth,119599,1223,40.719505756139846,69.71179195776838,100.15810362687282,145.1548416330302,247.5296459812094,105.4849
SBI Small Cap Fund - Direct Plan - Growth,119599,1224,40.641028603470915,69.70519400899128,100.12471080736816,145.21068255907375,247.63829716230765,105.4849
SBI Small Cap Fund - Direct Plan - Growth,119599,1225,40.6421676358931,69.69116835558421,100.300758295133,145.03058603225594,247.69273381267675,105.4849
SBI Small Cap Fund - Direct Plan - Growth,119599,1226,40.61531056362022,69.71680075222665,99.99671595030952,145.48100803603154,247.8375883755196,105.4849
SBI Small Cap Fund - Direct Plan - Growth,119599,1227,40.61999756786297,69.7142434046066,99.77613705784162,145.158682554535,247.7052386177277,105.4849
SBI Small Cap Fund - Direct Plan - Growth,119599,1228,40.54280969522702,69.7130237609916,99.95759620111203,145.39377048452664,247.37285112394065,105.4849
SBI Small Cap Fund - Direct Plan - Growth,119599,1229,40.63001049326992,69.65490114281592,100.03029208509025,145.47891681462335,248.08226422493388,105.4849
SBI Small Cap Fund - Direct Plan - Growth,119599,1230,40.606303225234456,69.63360994956489,99.91173335123773,145.31181665702798,247.7250945395655,105.4849
SBI Small Cap Fund - Direct Plan - Growth,119599,1231,40.68948434009171,69.55549866649098,100.08765824303674,145.46670058989665,248.4769731878804,105.4849
SBI Small Cap Fund - Direct Plan - Growth,119599,1232,40.59769979394107,69.6767748186829,100.00007746267518,145.18643858155784,249.39384371548934,105.4849
SBI Small Cap Fund - Direct Plan - Growth,119599,1233,40.47617193152901,69.71276924559368,100.01812907149151,145.43672608771925,249.0522687040891,105.4849
SBI Small Cap Fund - Direct Plan - Growth,119599,1234,40.5882873527522,69.66464363555733,100.10354676965011,145.41785813757215,248.87048949522833,105.4849
SBI Small Cap Fund - Direct Plan - Growth,119599,1235,40.462194704588086,69.5626281003705,100.14447645764069,145.60000912027238,248.82739611600968,105.4849
SBI Small Cap Fund - Direct Plan - Growth,119599,1236,40.44681586534759,69.74239332180278,100.01639433405137,145.82981583313654,249.43143269666936,105.4849
SBI Small Cap Fund - Direct Plan - Growth,119599,1237,40.322764047811354,69.37677744573698,100.00350795143493,146.18205163566125,249.8433755332347,105.4849
SBI Small Cap Fund - Direct Plan - Growth,119599,1238,40.28851682598394,69.55250509459846,100.1830716492181,145.4780903186943,250.47603111977824,105.4849
SBI Small Cap Fund - Direct Plan - Growth,119599,1239,40.39215493837221,69.48182304027675,100.19329979690075,145.74845331903035,250.6406865785116,105.4849
SBI Small Cap Fund - Direct Plan - Growth,119599,1240,40.36207785717768,69.66728383418166,100.07381639250492,145.8258489604127,249.01414289511817,105.4849
SBI Small Cap Fund - Direct Plan - Growth,119599,1241,40.42514468873862,69.7493098949024,100.13539175577415,146.12969371181774,249.22898848006267,105.4849
SBI Small Cap Fund - Direct Plan - Growth,119599,1242,40.32049291573937,69.67509647643323,100.15942304118063,146.05445517981462,248.68567731495182,105.4849
SBI Small Cap Fund - Direct Plan - Growth,119599,1243,40.30403623021,69.66417717327832,100.15170030747765,146.0509288528976,248.5401223040707,105.4849
SBI Small Cap Fund - Direct Plan - Growth,119599,1244,40.2714360988119,69.81252765687259,99.9858278153705,145.9813038034244,248.37691864483998,105.4849
SBI Small Cap Fund - Direct Plan - Growth,119599,1245,40.18516837944501,69.58228433676953,100.01905194857073,145.6444330206003,249.01730849975482,105.4849
SBI Small Cap Fund - Direct Plan - Growth,119599,1246,40.17212525362827,69.62047083848725,100.1387803649312,145.74228233922395,249.29881565286217,105.4849
SBI Small Cap Fund - Direct Plan - Growth,119599,1247,40.090603472291626,69.6725660759019,100.20550039685227,145.50980965828163,249.48655126663942,105.4849
SBI Small Cap Fund - Direct Plan - Growth,119599,1248,40.06311432839904,69.73552854995177,100.11300483908303,145.80515818531643,249.19437526803003,105.4849
SBI Small Cap Fund - Direct Plan - Growth,119599,1249,39.92248443716449,69.79656144301752,100.02036365612287,145.87050485339165,248.98102870513347,105.4849
SBI Small Cap Fund - Direct Plan - Growth,119599,1250,39.83526625548272,69.63228695402282,100.03726913521109,146.07089612215708,248.50944942049995,105.4849
SBI Small Cap Fund - Direct Plan - Growth,119599,1251,39.893768625092946,69.69963113035772,100.13019227071115,145.61756711642636,249.58355399632637,105.4849
SBI Small Cap Fund - Direct Plan - Growth,119599,1252,39.89619023964721,69.70196799144338,100.26100595494896,145.5128464849668,249.99747368523992,105.4849
SBI Small Cap Fund - Direct Plan - Growth,119599,1253,39.93219291529844,69.58583212971484,100.05375087745391,145.5704797178787,250.0333489939831,105.4849
SBI Small Cap Fund - Direct Plan - Growth,119599,1254,39.97321933698131,69.74934844536158,99.76742475266231,145.53036769882394,250.02875750142462,105.4849
SBI Small Cap Fund - Direct Plan - Growth,119599,1255,40.07592419478542,69.78023079494314,99.79494457215623,145.47901527026943,250.03532253876602,105.4849
SBI Small Cap Fund - Direct Plan - Growth,119599,1256,39.969816786859965,69.67650151648978,99.71247649607088,145.44290755474208,250.71389701849887,105.4849
SBI Small Cap Fund - Direct Plan - Growth,119599,1257,40.01176193961614,69.65890208661031,99.83832232448628,145.73477171473428,250.9506284110757,105.4849
SBI Small Cap Fund - Direct Plan - Growth,119599,1258,40.04126177626058,69.72460410253476,99.86045903326993,145.72176642909335,251.30861565501178,105.4849
SBI Small Cap Fund - Direct Plan - Growth,119599,1259,40.03644621847631,69.48840033783513,99.80048136858531,145.75638262870336,251.97347711567718,105.4849
SBI Small Cap Fund - Direct Plan - Growth,119599,1260,40.0735792724512,69.483696529879,99.66397672876752,145.60640190687974,250.97681275020412,105.4849
SBI Small Cap Fund - Regular Plan - Growth,119598,0,309.205,309.205,309.205,309.205,309.205,309.205
SBI Small Cap Fund - Regular Plan - Growth,119598,1,301.61165056185064,306.2491695238205,309.50045677104936,312.6628075469087,317.40983297309134,309.205
SBI Small Cap Fund - Regular Plan - Growth,119598,2,298.638170351897,305.133209071743,309.65532385903487,314.38759539777027,321.0216813118764,309.205
SBI Small Cap Fund - Regular Plan - Growth,119598,3,296.31818211651535,304.42180862482286,310.0309299497445,315.7631918722647,324.1146530221984,309.205
SBI Small Cap Fund - Regular Plan - Growth,119598,4,294.7094226999869,303.813658710355,310.3220383077792,316.9638962678614,326.98722646370015,309.205
SBI Small Cap Fund - Regular Plan - Growth,119598,5,293.06433038945096,303.4059826488286,310.4539802900472,317.96008919771316,328.9812937338113,309.205
SBI Small Cap Fund - Regular Plan - Growth,119598,6,291.7995211667533,302.97505004529546,310.9614976370047,318.92921612123325,331.0839991086892,309.205
SBI Small Cap Fund - Regular Plan - Growth,119598,7,290.4691601679034,302.70491700459365,311.1872044403906,319.7271437808099,333.040923975031,309.205
SBI Small Cap Fund - Regular Plan - Growth,119598,8,289.4098850849365,302.2471701909142,311.4692638562807,320.7594681045389,335.2185069208109,309.205
SBI Small Cap Fund - Regular Plan - Growth,119598,9,288.3380090461993,301.9902893426329,311.76097450606414,321.5240899902135,336.77625466522056,309.205
SBI Small Cap Fund - Regular Plan - Growth,119598,10,287.4601596548428,301.657500906853,311.97666293993956,322.29211570317733,338.53137031244717,309.205
SBI Small Cap Fund - Regular Plan - Growth,119598,11,286.68388064664674,301.4300979974437,312.1757777467155,323.05331866511284,339.73419741882003,309.205
SBI Small Cap Fund - Regular Plan - Growth,119598,12,285.64128046516083,301.14704381557544,312.3435703868359,323.9281143498757,341.6516874793324,309.205
SBI Small Cap Fund - Regular Plan - Growth,119598,13,284.8630104488464,301.17208804138147,312.6713212472265,324.6933789315175,343.2945276329141,309.205
SBI Small Cap Fund - Regular Plan - Growth,119598,14,284.2155019267802,300.9638347706888,312.7393628079289,325.8352720804273,344.7682362478768,309.205
SBI Small Cap Fund - Regular Plan - Growth,119598,15,283.467694898338,300.5844678711877,313.3498450326888,326.3521623308746,345.99791220639304,309.205
SBI Small Cap Fund - Regular Plan - Growth,119598,16,282.62196286789055,300.4770700655567,313.5354405454192,327.24381045364095,347.9945707853002,309.205
SBI Small Cap Fund - Regular Plan - Growth,119598,17,282.1181268433901,300.29097790787534,313.91633468924357,327.8629111468406,349.16453105463415,309.205
SBI Small Cap Fund - Regular Plan - Growth,119598,18,281.27311423013964,300.5627761955261,314.4261236660466,328.6097758736246,350.50126264861933,309.205
SBI Small Cap Fund - Regular Plan - Growth,119598,19,281.02973897729254,300.3865837588681,314.810324314473,329.39900931878367,351.81547498185245,309.205
SBI Small Cap Fund - Regular Plan - Growth,119598,20,280.36693498301645,300.2797904553472,314.85465655871315,330.28697543070535,353.49604930882253,309.205
SBI Small Cap Fund - Regular Plan - Growth,119598,21,279.3956009588018,300.04585736384615,315.3345972134529,330.9562220719747,354.93938083750464,309.205
SBI Small Cap Fund - Regular Plan - Growth,119598,22,278.91714840466767,299.7257941844013,315.46645122221616,331.81131410345506,356.1763786155661,309.205
SBI Small Cap Fund - Regular Plan - Growth,119598,23,278.9002573858039,299.6059010945556,315.8686055788661,332.6546298728449,357.0249954852521,309.205
SBI Small Cap Fund - Regular Plan - Growth,119598,24,278.09752067324973,299.7862727197269,316.2189085584873,332.9589120870494,358.31908758534297,309.205
SBI Small Cap Fund - Regular Plan - Growth,119598,25,277.1932447608742,299.7691273544396,316.41630176064314,333.74472550484495,359.7106553026023,309.205
SBI Small Cap Fund - Regular Plan - Growth,119598,26,276.73456409306056,299.65107976501105,316.65943462676523,334.4862389659161,361.63068717251883,309.205
SBI Small Cap Fund - Regular Plan - Growth,119598,27,276.1964412474421,299.55576040571077,317.0488123785573,335.2135533532374,362.472636881,309.205
SBI Small Cap Fund - Regular Plan - Growth,119598,28,275.8593995153449,299.2868584749688,317.4149683991544,336.08722264038164,363.92401503284805,309.205
SBI Small Cap Fund - Regular Plan - Growth,119598,29,275.40374295163554,299.4805765265091,317.5896747867062,336.48035827932034,365.47851218715704,309.205
SBI Small Cap Fund - Regular Plan - Growth,119598,30,274.9471554856299,299.3869787131068,317.98564457899323,337.3361533930929,366.4246451469803,309.205
SBI Small Cap Fund - Regular Plan - Growth,119598,31,274.60651843338735,299.5381210090792,318.1148422471328,337.7562067994315,367.72985700892445,309.205
SBI Small Cap Fund - Regular Plan - Growth,119598,32,274.3491845892742,299.7045193773299,318.3660791966503,338.29391346336274,369.41589018500775,309.205
SBI Small Cap Fund - Regular Plan - Growth,119598,33,273.95796033164964,299.57110546819234,318.68696908005654,338.9122703068302,370.2827851808113,309.205
SBI Small Cap Fund - Regular Plan - Growth,119598,34,273.67881854738886,299.5137735565713,318.7746143331299,339.4383261553064,371.39321936795477,309.205
SBI Small Cap Fund - Regular Plan - Growth,119598,35,273.53898368453025,299.5412317063882,319.1975797561472,340.3737977847734,372.95104117024124,309.205
SBI Small Cap Fund - Regular Plan - Growth,119598,36,273.28205208346594,299.6302682399685,319.69274952701505,340.81544749608923,373.54828733106484,309.205
SBI Small Cap Fund - Regular Plan - Growth,119598,37,272.67046187917134,299.76908297108133,319.95870228541685,341.5135836456128,374.5684453469745,309.205
SBI Small Cap Fund - Regular Plan - Growth,119598,38,272.389790751807,299.98036474251955,320.21274586934186,341.9533393765269,375.2882162386726,309.205
SBI Small Cap Fund - Regular Plan - Growth,119598,39,271.8884078517058,299.8215354024809,320.48700125469543,342.38618172953284,376.35397361528663,309.205
SBI Small Cap Fund - Regular Plan - Growth,119598,40,271.7390972058791,300.10554028480016,320.5438345898764,342.8427472110667,377.6064013585645,309.205
SBI Small Cap Fund - Regular Plan - Growth,119598,41,271.3907567798731,299.82961616837684,321.15372217368963,343.35978569040947,379.19122921181145,309.205
SBI Small Cap Fund - Regular Plan - Growth,119598,42,270.7728457746431,300.00354099654794,321.5339597663075,344.1113958313679,380.43389797701064,309.205
SBI Small Cap Fund - Regular Plan - Growth,119598,43,270.33437210208814,299.99461256357927,321.8967757594453,344.7860138179989,381.87651663574854,309.205
SBI Small Cap Fund - Regular Plan - Growth,119598,44,269.7310489591093,300.2086422722639,322.0795647133686,345.3786607580332,382.3251891420643,309.205
SBI Small Cap Fund - Regular Plan - Growth,119598,45,269.6731219822914,300.3011906849246,322.29186324780596,345.7108245984158,382.9535984416474,309.205
SBI Small Cap Fund - Regular Plan - Growth,119598,46,269.34971354051925,300.18380663489245,322.45430644921487,346.66407169366175,384.3006231042852,309.205
SBI Small Cap Fund - Regular Plan - Growth,119598,47,269.5571442795345,300.3490308059314,322.7452944768562,347.34447289138774,385.4094041940068,309.205
SBI Small Cap Fund - Regular Plan - Growth,119598,48,269.7454668918986,300.6186248720667,323.27233953673664,348.0100635725485,386.6541169191554,309.205
SBI Small Cap Fund - Regular Plan - Growth,119598,49,269.2817301528033,300.663775305361,323.49616585090246,348.9078681855209,387.54751729669806,309.205
SBI Small Cap Fund - Regular Plan - Growth,119598,50,268.8238929340337,300.6939633555409,323.60924967137805,349.51679751747434,388.3981478335404,309.205
SBI Small Cap Fund - Regular Plan - Growth,119598,51,268.5368223049499,300.61216066097114,323.86840233660917,349.78699025768924,389.9909445084315,309.205
SBI Small Cap Fund - Regular Plan - Growth,119598,52,269.13879266917695,300.42912683725007,324.4224747716082,350.7284749706211,390.6128247574772,309.205
SBI Small Cap Fund - Regular Plan - Growth,119598,53,269.0985770556969,300.6876577799145,325.1059673282268,351.0155839145493,391.9407163708921,309.205
SBI Small Cap Fund - Regular Plan - Growth,119598,54,268.7829918490912,300.9815260183673,324.97679956179934,351.54500944315885,393.03925728556453,309.205
SBI Small Cap Fund - Regular Plan - Growth,119598,55,268.39012664196616,300.99009725247714,325.3961211342636,352.0282667365345,393.901975233301,309.205
SBI Small Cap Fund - Regular Plan - Growth,119598,56,268.2617598349332,300.82102597514006,325.6136346388722,353.0242376766477,395.0358885461876,309.205
SBI Small Cap Fund - Regular Plan - Growth,119598,57,268.0462057271618,301.0381422912062,326.28945186832675,353.0278768211037,395.99879092900403,309.205
SBI Small Cap Fund - Regular Plan - Growth,119598,58,267.754503030163,301.06991893032614,326.7538479694264,353.68447590991315,397.16777844390737,309.205
SBI Small Cap Fund - Regular Plan - Growth,119598,59,267.83620981968767,301.1361104336448,326.61455120310154,354.1101127611383,397.7699159269764,309.205
SBI Small Cap Fund - Regular Plan - Growth,119598,60,267.66000401244645,301.24973936053965,327.0229306841476,354.0400535905471,398.61725292563756,309.205
SBI Small Cap Fund - Regular Plan - Growth,119598,61,267.4337706849882,301.29473964761996,327.1188298463311,355.02632222834353,399.98377802446515,309.205
SBI Small Cap Fund - Regular Plan - Growth,119598,62,267.08167427672413,301.02960554412806,327.7103514009544,355.5606886312603,401.23300399799257,309.205
SBI Small Cap Fund - Regular Plan - Growth,119598,63,266.86538139518353,301.2898191717418,328.2638779247685,356.2875041175127,402.3419277620499,309.205
SBI Small Cap Fund - Regular Plan - Growth,119598,64,267.0024605957446,301.50635111403966,328.4735587271306,356.7979063265792,403.8559276138292,309.205
SBI Small Cap Fund - Regular Plan - Growth,119598,65,266.4494783978694,301.41348868722093,328.7828859603206,357.5210720386989,404.3782749412941,309.205
SBI Small Cap Fund - Regular Plan - Growth,119598,66,266.57145119514075,301.3450790385183,328.979584325765,357.96740845427723,404.9989269599331,309.205
SBI Small Cap Fund - Regular Plan - Growth,119598,67,266.3873085109944,301.578046377588,329.29711086780105,358.78102130585063,406.4394082250769,309.205
SBI Small Cap Fund - Regular Plan - Growth,119598,68,266.2705831670789,301.2972886219286,329.512785084496,359.5011446690745,407.84504132663795,309.205
SBI Small Cap Fund - Regular Plan - Growth,119598,69,266.29561547145164,301.3503684190474,329.53644206006885,359.9338857782949,408.8418927801699,309.205
SBI Small Cap Fund - Regular Plan - Growth,119598,70,265.9835332826916,301.67193545798216,329.63905510167126,360.561985158928,409.5937313147697,309.205
SBI Small Cap Fund - Regular Plan - Growth,119598,71,265.466858602698,301.90938268629816,330.2412867537922,360.93574916071054,409.73897841781223,309.205
SBI Small Cap Fund - Regular Plan - Growth,119598,72,265.45486696801356,301.93977818414976,330.4530749793828,361.3261879893543,411.02452035977757,309.205
SBI Small Cap Fund - Regular Plan - Growth,119598,73,265.12578376948153,302.050180073448,330.84949016106106,362.4038918038257,411.7402528321415,309.205
SBI Small Cap Fund - Regular Plan - Growth,119598,74,265.2020656010159,302.37167707180305,331.2517464942237,363.1545085891736,412.9739643953837,309.205
SBI Small Cap Fund - Regular Plan - Growth,119598,75,264.95805223877653,302.4564829602791,331.6913756931109,363.54835399915663,414.1346118838033,309.205
SBI Small Cap Fund - Regular Plan - Growth,119598,76,264.27355361901175,302.4474781694886,332.04685926305774,363.5829700009083,414.6287764214566,309.205
SBI Small Cap Fund - Regular Plan - Growth,119598,77,264.0830910228603,302.8017316481497,332.3386446637395,364.5120459419211,415.22385447790674,309.205
SBI Small Cap Fund - Regular Plan - Growth,119598,78,264.3051863474664,303.34373568195304,332.7302047699576,365.62407629529287,416.8374817496301,309.205
SBI Small Cap Fund - Regular Plan - Growth,119598,79,264.27120755228674,303.1979612126961,332.79646481089196,366.0064692249533,418.11632796996906,309.205
SBI Small Cap Fund - Regular Plan - Growth,119598,80,264.7325360707063,302.9464679145209,333.2506468192656,366.38275961946584,418.8910888392141,309.205
SBI Small Cap Fund - Regular Plan - Growth,119598,81,264.12614119003945,303.48200939534394,333.8482255649009,366.84674280359957,420.34158391035027,309.205
SBI Small Cap Fund - Regular Plan - Growth,119598,82,263.7498642226183,303.53378649626137,333.80888851896566,366.96497340889664,421.72126487097586,309.205
SBI Small Cap Fund - Regular Plan - Growth,119598,83,263.4612251394755,303.5083744219389,334.2767160935348,367.5053542218603,421.9626116478378,309.205
SBI Small Cap Fund - Regular Plan - Growth,119598,84,263.720574715336,303.7033590303861,334.62132328882905,367.7709355350721,422.64785379218085,309.205
SBI Small Cap Fund - Regular Plan - Growth,119598,85,263.31092149069354,303.7967423755686,335.0557702534888,368.69072930628107,423.71704428093864,309.205
SBI Small Cap Fund - Regular Plan - Growth,119598,86,263.7541376931278,303.7244877954756,335.0472556045764,369.0449292665676,424.9031516514661,309.205
SBI Small Cap Fund - Regular Plan - Growth,119598,87,263.0422606271516,303.94413584663073,335.6232514849496,369.41026033885737,425.530653516133,309.205
SBI Small Cap Fund - Regular Plan - Growth,119598,88,262.7153260611857,303.91094016022066,335.6451324843806,370.1347033773211,427.7383442071859,309.205
SBI Small Cap Fund - Regular Plan - Growth,119598,89,262.01794613068546,304.3934833155216,336.01488192159064,370.5292766112944,429.6828846062573,309.205
SBI Small Cap Fund - Regular Plan - Growth,119598,90,262.61246486100526,304.8334623248481,336.7149150790681,371.1942432089214,429.0988288369821,309.205
SBI Small Cap Fund - Regular Plan - Growth,119598,91,262.451950789305,304.93169745241323,336.8317294869155,371.7106941369252,430.3039344152818,309.205
SBI Small Cap Fund - Regular Plan - Growth,119598,92,261.06677883654544,305.4563051608461,337.35345090079613,371.9097448666167,430.7300377471704,309.205
SBI Small Cap Fund - Regular Plan - Growth,119598,93,261.74631806267695,305.6538707315974,337.4760056089002,372.5319402358017,431.6614406714346,309.205
SBI Small Cap Fund - Regular Plan - Growth,119598,94,262.1309973269032,305.6252084395286,337.8532403702133,373.7107539614736,432.0520340467334,309.205
SBI Small Cap Fund - Regular Plan - Growth,119598,95,261.9970118802585,305.93989086136116,338.2146924180329,374.23951242619694,433.65774959835505,309.205
SBI Small Cap Fund - Regular Plan - Growth,119598,96,262.1545513398086,305.8003762296891,338.72394678529827,374.6452224554584,434.8562795817162,309.205
SBI Small Cap Fund - Regular Plan - Growth,119598,97,262.6833672342077,305.86939821160865,338.79344294635496,375.3383269414849,435.73788571430634,309.205
SBI Small Cap Fund - Regular Plan - Growth,119598,98,262.2835237280616,305.8824198987566,339.1696202583807,375.92849119440075,436.1149139415092,309.205
SBI Small Cap Fund - Regular Plan - Growth,119598,99,262.30963487276654,305.90662839080204,339.57487063685613,376.96420768059113,437.3859000233902,309.205
SBI Small Cap Fund - Regular Plan - Growth,119598,100,261.5794354493521,306.08646719692695,340.1022566191165,377.34161349185547,438.87592617022744,309.205
SBI Small Cap Fund - Regular Plan - Growth,119598,101,261.9807719309355,305.90601884716676,340.6116901420104,377.9626279537786,440.2012987580826,309.205
SBI Small Cap Fund - Regular Plan - Growth,119598,102,261.98613782081804,306.23356894869795,340.7366916550701,378.46796861414543,441.7333733017946,309.205
SBI Small Cap Fund - Regular Plan - Growth,119598,103,261.2308876529699,306.42022793483795,340.7677864410488,378.990550256617,443.6752059421597,309.205
SBI Small Cap Fund - Regular Plan - Growth,119598,104,260.5896579979852,306.54262801001363,341.12698035432663,379.97963599198954,444.60521796294626,309.205
SBI Small Cap Fund - Regular Plan - Growth,119598,105,260.5976631977346,306.63399153096344,341.57558647729843,380.4918936412948,446.31526310391916,309.205
SBI Small Cap Fund - Regular Plan - Growth,119598,106,261.3597161519245,306.84854608463434,341.6265413605006,380.86671777470417,446.98725101769463,309.205
SBI Small Cap Fund - Regular Plan - Growth,119598,107,261.51969924563934,306.311786338062,341.9558440972902,381.2468486600761,447.0710682079972,309.205
SBI Small Cap Fund - Regular Plan - Growth,119598,108,261.1586705309535,306.7924105017792,342.0927811879736,382.0417025848724,446.97856061709183,309.205
SBI Small Cap Fund - Regular Plan - Growth,119598,109,261.11867297120534,306.8420514734778,342.0930169726246,382.7231657172109,448.75586210086396,309.205
SBI Small Cap Fund - Regular Plan - Growth,119598,110,260.54016841006353,307.3148767265401,342.62934866544924,383.1559458190471,450.02569415148787,309.205
SBI Small Cap Fund - Regular Plan - Growth,119598,111,260.4028835738796,307.4540056760464,342.78310815695204,384.11771808514254,449.83241748218904,309.205
SBI Small Cap Fund - Regular Plan - Growth,119598,112,260.251992389197,307.6704817358371,343.08087239424106,384.24943127458613,451.9840767733036,309.205
SBI Small Cap Fund - Regular Plan - Growth,119598,113,260.8774651995979,307.68407422438077,343.9585139899805,384.61283346045724,451.81644958946214,309.205
SBI Small Cap Fund - Regular Plan - Growth,119598,114,259.6991096956333,307.57851524971176,344.42245984048543,385.46766453374175,453.57855853511916,309.205
SBI Small Cap Fund - Regular Plan - Growth,119598,115,260.0513768059884,307.6982553588033,344.79026682835615,386.04505363281754,453.82924103975,309.205
SBI Small Cap Fund - Regular Plan - Growth,119598,116,260.3367011524237,308.0718891251734,345.2298184965268,385.9109693783084,454.9150360503656,309.205
SBI Small Cap Fund - Regular Plan - Growth,119598,117,260.6254410321119,308.4475033917611,345.9104131014351,386.6180741254492,456.2863669685465,309.205
SBI Small Cap Fund - Regular Plan - Growth,119598,118,260.3092770294616,308.6827438404975,346.23747375670746,387.204578432007,457.7486558845988,309.205
SBI Small Cap Fund - Regular Plan - Growth,119598,119,260.77909695700555,308.56086102956874,346.64695700746023,387.76742913847943,458.51033811152314,309.205
SBI Small Cap Fund - Regular Plan - Growth,119598,120,260.00603588262965,308.8463253933938,346.8706098138056,388.1345612204804,458.6428019517582,309.205
SBI Small Cap Fund - Regular Plan - Growth,119598,121,260.5558654963845,308.7676600400374,347.02773037108284,388.5279225190293,459.9920184837659,309.205
SBI Small Cap Fund - Regular Plan - Growth,119598,122,260.53368520998424,308.59864536484645,348.0195046927519,389.72690421851775,460.99960709542773,309.205
SBI Small Cap Fund - Regular Plan - Growth,119598,123,260.2708806733811,308.78641020441154,348.04023012644575,390.1543842630541,462.05619930273775,309.205
SBI Small Cap Fund - Regular Plan - Growth,119598,124,260.13614687852703,308.607530911373,348.7721296539873,390.95159823949245,463.1596044597344,309.205
SBI Small Cap Fund - Regular Plan - Growth,119598,125,259.71487561313836,308.61460046806525,349.0475429562163,391.8893791708648,463.6450302316298,309.205
SBI Small Cap Fund - Regular Plan - Growth,119598,126,259.85265037648355,308.4388391730313,349.3366988685855,392.2660595279242,465.1632724182559,309.205
SBI Small Cap Fund - Regular Plan - Growth,119598,127,259.8028000816929,308.3156895137985,349.7263358638953,393.48998711606373,465.38415627714096,309.205
SBI Small Cap Fund - Regular Plan - Growth,119598,128,259.82402436579946,308.6570730519728,350.123260108967,393.81138779016624,466.14316249481436,309.205
SBI Small Cap Fund - Regular Plan - Growth,119598,129,259.2428686115854,309.16632577681753,350.13118003594957,394.79479688820425,468.230174087232,309.205
SBI Small Cap Fund - Regular Plan - Growth,119598,130,259.2389440239322,309.343491269642,350.57432272877924,395.38561528843525,468.29458325017043,309.205
SBI Small Cap Fund - Regular Plan - Growth,119598,131,259.0127605035421,309.98451952939126,350.65909236944833,396.08041617915853,470.2802155507949,309.205
SBI Small Cap Fund - Regular Plan - Growth,119598,132,258.65679966701333,310.16576192177445,350.6272843882342,396.692831026552,471.7211298700843,309.205
SBI Small Cap Fund - Regular Plan - Growth,119598,133,258.7741859655272,310.7285881682503,350.65153162076433,396.83539834969145,472.09760706244106,309.205
SBI Small Cap Fund - Regular Plan - Growth,119598,134,258.4855201117707,310.4664895557786,351.1680609801208,397.6009936856825,473.64737489700735,309.205
SBI Small Cap Fund - Regular Plan - Growth,119598,135,258.8554572144698,310.7011812660533,351.5079604967534,398.1940582871309,474.24972437183277,309.205
SBI Small Cap Fund - Regular Plan - Growth,119598,136,258.4062229522478,311.0347755364792,352.1452917681379,398.2624474115534,473.3157905224908,309.205
SBI Small Cap Fund - Regular Plan - Growth,119598,137,259.3298387595687,310.79708563334384,352.5966434633439,398.69382192251487,474.6520573288783,309.205
SBI Small Cap Fund - Regular Plan - Growth,119598,138,259.9063751591962,311.1445073759159,352.6459650418001,399.76182066589377,475.4097465766455,309.205
SBI Small Cap Fund - Regular Plan - Growth,119598,139,259.442378406009,311.17175579187597,353.5448393658173,400.0146386054148,476.3466364451968,309.205
SBI Small Cap Fund - Regular Plan - Growth,119598,140,259.2034140763991,311.58337228646076,353.6534846121516,400.6825085535468,477.14632905252273,309.205
SBI Small Cap Fund - Regular Plan - Growth,119598,141,259.2785877855194,311.59297864877726,353.49311000094656,401.1299466429257,477.7448311605853,309.205
SBI Small Cap Fund - Regular Plan - Growth,119598,142,259.2445286625078,311.9929325086144,353.8550046669365,401.8800184998141,479.5077038076256,309.205
SBI Small Cap Fund - Regular Plan - Growth,119598,143,259.0948356808786,312.51323119150527,354.59897573877845,402.9122915309562,480.46002472164946,309.205
SBI Small Cap Fund - Regular Plan - Growth,119598,144,258.6307283973693,312.36415232461115,354.55568342078993,403.1687746459843,481.38149411221826,309.205
SBI Small Cap Fund - Regular Plan - Growth,119598,145,259.1695470416422,312.3700781938422,354.60768146442547,403.93680030830103,482.52600609979885,309.205
SBI Small Cap Fund - Regular Plan - Growth,119598,146,259.00867227998714,312.49336819830245,355.17200404677527,404.6062793919794,483.02335748969045,309.205
SBI Small Cap Fund - Regular Plan - Growth,119598,147,258.36388616755124,312.29529709316137,355.56235014606125,404.85898568582445,484.6154570796457,309.205
SBI Small Cap Fund - Regular Plan - Growth,119598,148,258.748738307444,313.11857690983413,356.0440936330492,405.4691541098773,487.15718857819786,309.205
SBI Small Cap Fund - Regular Plan - Growth,119598,149,259.04177219100245,312.88545467795507,356.59146297226505,406.1475933712275,487.8735245916814,309.205
SBI Small Cap Fund - Regular Plan - Growth,119598,150,258.7622957157045,313.13703059186696,356.6480974727065,406.7600108420288,489.34322001207596,309.205
SBI Small Cap Fund - Regular Plan - Growth,119598,151,259.2746557935702,313.18470016107716,357.03788427397103,407.23374575344553,489.9639956415828,309.205
SBI Small Cap Fund - Regular Plan - Growth,119598,152,258.8319018882041,313.0066261633879,357.3240576930019,407.3456515139078,491.2451799935015,309.205
SBI Small Cap Fund - Regular Plan - Growth,119598,153,259.01461973427973,312.99630440120137,357.35348553269836,408.2940427385188,491.13005307286284,309.205
SBI Small Cap Fund - Regular Plan - Growth,119598,154,259.44730737662314,313.0077606212534,357.89229730518446,408.9112029879401,492.52519551318267,309.205
SBI Small Cap Fund - Regular Plan - Growth,119598,155,258.9061033718211,313.07833493618716,358.4500420447974,409.96020355799135,493.20515671949323,309.205
SBI Small Cap Fund - Regular Plan - Growth,119598,156,258.92359621311226,313.5849035118207,358.74669556064185,410.63937543215275,494.91063828715784,309.205
SBI Small Cap Fund - Regular Plan - Growth,119598,157,259.1990245444375,313.76194375209695,359.46155983719933,410.80192469227177,495.7824644260873,309.205
SBI Small Cap Fund - Regular Plan - Growth,119598,158,259.312479379156,313.74228867736866,359.942224864526,410.9701444174483,498.27265787230925,309.205
SBI Small Cap Fund - Regular Plan - Growth,119598,159,258.943805223552,313.6333874860137,360.57114371395284,411.6975558654997,498.6598226261819,309.205
SBI Small Cap Fund - Regular Plan - Growth,119598,160,259.19771740930986,314.170397815358,360.5043390976625,412.51443264571117,499.77052581670796,309.205
SBI Small Cap Fund - Regular Plan - Growth,119598,161,258.68856950652184,314.75586173200804,360.99339555981953,413.2850351519801,500.2424755795196,309.205
SBI Small Cap Fund - Regular Plan - Growth,119598,162,258.93299315895007,314.33281232196066,361.6185963898714,413.8459126759719,501.67035248043425,309.205
SBI Small Cap Fund - Regular Plan - Growth,119598,163,259.0247355315919,314.5898533246409,361.1755577052147,414.2537639221039,504.25849605669515,309.205
SBI Small Cap Fund - Regular Plan - Growth,119598,164,259.1181492271268,314.8917291269791,361.5804234094728,414.4587877214581,505.96761992618144,309.205
SBI Small Cap Fund - Regular Plan - Growth,119598,165,259.2559158057886,315.34798787515206,362.5150699244371,415.27914203834257,506.7835578594599,309.205
SBI Small Cap Fund - Regular Plan - Growth,119598,166,259.3427870668003,315.3828834861941,362.9584846102067,415.4443030951674,507.3638495856453,309.205
SBI Small Cap Fund - Regular Plan - Growth,119598,167,258.85908364899336,315.6476937320393,363.5439363055582,416.11009511993757,507.0802638612182,309.205
SBI Small Cap Fund - Regular Plan - Growth,119598,168,259.01521660627947,315.8740956020867,363.7615761684194,417.3267978813602,507.82409170887087,309.205
SBI Small Cap Fund - Regular Plan - Growth,119598,169,258.45162096691615,316.25273138287093,363.92738188385044,417.6914694878117,508.1907898242133,309.205
SBI Small Cap Fund - Regular Plan - Growth,119598,170,258.585685351051,316.29207271931284,364.2536644084598,418.1673140545968,509.46562661575035,309.205
SBI Small Cap Fund - Regular Plan - Growth,119598,171,258.43821392366965,316.0516547738431,364.4502173326331,419.017494976954,510.84235312720085,309.205
SBI Small Cap Fund - Regular Plan - Growth,119598,172,258.6470253135891,316.4135637347716,365.0750648575938,419.2997695275707,511.41364812361377,309.205
SBI Small Cap Fund - Regular Plan - Growth,119598,173,258.15319830455564,316.69071871669223,364.8667427562707,419.5426550989917,514.0743937927625,309.205
SBI Small Cap Fund - Regular Plan - Growth,119598,174,258.17126192728244,316.96236462655725,365.39844114728345,420.0057915546767,514.4822717459258,309.205
SBI Small Cap Fund - Regular Plan - Growth,119598,175,258.1973341759963,317.0500438281678,365.90144213745316,420.7501037367331,515.3570343388336,309.205
SBI Small Cap Fund - Regular Plan - Growth,119598,176,258.1333293404044,317.7262421060244,366.36460899192485,421.87205393427456,516.5295385669411,309.205
SBI Small Cap Fund - Regular Plan - Growth,119598,177,257.6393241185589,317.4308436780359,366.61157082611487,421.81414137836373,517.5387779799249,309.205
SBI Small Cap Fund - Regular Plan - Growth,119598,178,258.0241891023286,316.9789676780668,366.7748743832144,422.3151997258873,518.5020616355855,309.205
SBI Small Cap Fund - Regular Plan - Growth,119598,179,258.21287323267927,317.3731022359573,366.8851187151481,422.94344679582593,519.2706731636459,309.205
SBI Small Cap Fund - Regular Plan - Growth,119598,180,258.3712443464709,317.45999315811173,367.3089454670196,423.8804904167765,521.4646636470974,309.205
SBI Small Cap Fund - Regular Plan - Growth,119598,181,257.8173060878977,317.99636608714695,367.76022124245503,424.28601034439134,522.3486994161675,309.205
SBI Small Cap Fund - Regular Plan - Growth,119598,182,257.9756481284683,318.00260446838774,367.77260206279175,424.8937197320022,523.1181205701992,309.205
SBI Small Cap Fund - Regular Plan - Growth,119598,183,257.5739098981737,317.67791964081704,368.25061243720245,424.97541084180114,524.3794315867732,309.205
SBI Small Cap Fund - Regular Plan - Growth,119598,184,257.7122112851407,318.0451839897498,369.0943498548439,426.48857927851316,525.6063444901094,309.205
SBI Small Cap Fund - Regular Plan - Growth,119598,185,257.1494321229677,318.27789285960836,369.76378034444645,426.8489767700969,526.4849942157363,309.205
SBI Small Cap Fund - Regular Plan - Growth,119598,186,257.2016471455725,318.8406130766101,370.0293722458826,427.3126646785641,526.9733529668534,309.205
SBI Small Cap Fund - Regular Plan - Growth,119598,187,256.744792484586,318.5809600482287,370.04231042042034,427.98193001097854,527.0479055416777,309.205
SBI Small Cap Fund - Regular Plan - Growth,119598,188,256.8138524993341,318.7371327004727,370.50272715149646,427.6460458146003,528.173797073968,309.205
SBI Small Cap Fund - Regular Plan - Growth,119598,189,256.3094708128508,318.2033334191053,370.7788407887129,428.7086948725585,528.8992956450629,309.205
SBI Small Cap Fund - Regular Plan - Growth,119598,190,256.82356691733366,318.9206157840124,370.5487379508428,429.4529744713541,531.395853728389,309.205
SBI Small Cap Fund - Regular Plan - Growth,119598,191,257.0122838759795,318.8378199243004,371.3781835583371,429.30012395758644,532.9827351833057,309.205
SBI Small Cap Fund - Regular Plan - Growth,119598,192,256.7911061853561,318.9024705001193,371.6317334856859,429.66601306512445,534.2092094685528,309.205
SBI Small Cap Fund - Regular Plan - Growth,119598,193,257.20678583746434,319.3684803483852,371.83355673225935,430.86569204011454,534.2418941525845,309.205
SBI Small Cap Fund - Regular Plan - Growth,119598,194,257.3001673460811,319.47895809039113,372.308441086583,431.3603336690426,533.9670324261732,309.205
SBI Small Cap Fund - Regular Plan - Growth,119598,195,256.9954024136057,319.851527188889,372.8468697670103,431.42462208838447,536.9494356621215,309.205
SBI Small Cap Fund - Regular Plan - Growth,119598,196,256.6447941080008,320.03888095776426,373.0370534272088,431.31913341176755,537.7046554360174,309.205
SBI Small Cap Fund - Regular Plan - Growth,119598,197,256.39411872306175,320.44894463288506,373.0401472246674,432.11948242822893,538.246294633881,309.205
SBI Small Cap Fund - Regular Plan - Growth,119598,198,256.949579020772,321.10783154739426,373.5669686787536,432.9100813181991,539.6029388815957,309.205
SBI Small Cap Fund - Regular Plan - Growth,119598,199,257.3505422840262,320.6954652003544,374.07815008409204,434.12720112741806,542.7740537743234,309.205
SBI Small Cap Fund - Regular Plan - Growth,119598,200,256.4299782246792,320.6634868931744,374.5244154512872,434.95802410995447,542.4718048086047,309.205
SBI Small Cap Fund - Regular Plan - Growth,119598,201,256.75332294660654,321.112124514633,375.256508260714,435.2245487612123,543.9448790438302,309.205
SBI Small Cap Fund - Regular Plan - Growth,119598,202,256.9934498105771,321.7154950552508,375.25108968323843,435.2692272786331,544.4086459913417,309.205
SBI Small Cap Fund - Regular Plan - Growth,119598,203,256.87361215274393,321.8529294401541,375.8593973216719,436.82082750793955,544.368423418561,309.205
SBI Small Cap Fund - Regular Plan - Growth,119598,204,256.78320902943886,322.0218143513631,376.5533045788469,436.67947729915284,547.1845774728798,309.205
SBI Small Cap Fund - Regular Plan - Growth,119598,205,256.55907795911344,322.5512911041291,376.5752210664308,437.8863638109781,549.0088483758029,309.205
SBI Small Cap Fund - Regular Plan - Growth,119598,206,256.8142047701964,322.39468622129107,376.91003641783607,438.22727744883974,548.7872869649357,309.205
SBI Small Cap Fund - Regular Plan - Growth,119598,207,257.0650318506481,322.86178265844404,377.02124666580426,438.72907279227957,549.5197545119171,309.205
SBI Small Cap Fund - Regular Plan - Growth,119598,208,257.22595598870595,322.94477274180997,377.71769115495965,439.03720543762756,552.1694089789604,309.205
SBI Small Cap Fund - Regular Plan - Growth,119598,209,257.0562969984613,323.21765383936736,377.3970389497441,440.19372950793223,553.1752965720526,309.205
SBI Small Cap Fund - Regular Plan - Growth,119598,210,257.6514720047166,323.39347157652423,378.5889066132484,440.44815230456004,553.6801857413599,309.205
SBI Small Cap Fund - Regular Plan - Growth,119598,211,257.31126974003536,323.79948112619604,378.78075054210296,441.5160038709862,554.4449401929222,309.205
SBI Small Cap Fund - Regular Plan - Growth,119598,212,257.1494120257005,323.8095501828635,379.23224854100226,442.2721460043356,555.0145293750375,309.205
SBI Small Cap Fund - Regular Plan - Growth,119598,213,258.45048677321466,323.80400007833407,379.1912815318456,442.8547167904079,556.1704759315242,309.205
SBI Small Cap Fund - Regular Plan - Growth,119598,214,257.7197519296647,323.81558815102574,379.7105494976465,443.21280354823205,557.0579922657515,309.205
SBI Small Cap Fund - Regular Plan - Growth,119598,215,258.20156982081767,323.92134381793903,379.70902523199146,444.3276419918898,558.5171585401126,309.205
SBI Small Cap Fund - Regular Plan - Growth,119598,216,258.3895582725753,323.90227614426533,380.2252570585775,445.01563736736284,560.073965560108,309.205
SBI Small Cap Fund - Regular Plan - Growth,119598,217,257.5064277955364,324.07031891705026,380.4030019174236,444.71206131650615,560.8149594417747,309.205
SBI Small Cap Fund - Regular Plan - Growth,119598,218,257.34804648300315,323.9907885702926,380.6382680727644,445.4905450234414,561.9602400380368,309.205
SBI Small Cap Fund - Regular Plan - Growth,119598,219,257.2396585103648,324.3032702194573,381.1482021814886,446.1356179142378,563.1842567476644,309.205
SBI Small Cap Fund - Regular Plan - Growth,119598,220,258.0263893472279,324.4090225110157,381.240019191913,447.6681895375869,563.5502684181141,309.205
SBI Small Cap Fund - Regular Plan - Growth,119598,221,258.21149370315476,324.6002625381991,381.55245590011725,448.32375716537837,565.7513897474175,309.205
SBI Small Cap Fund - Regular Plan - Growth,119598,222,258.3974424550026,324.59842197429435,381.94018389775516,448.38571893388126,566.7607257569551,309.205
SBI Small Cap Fund - Regular Plan - Growth,119598,223,258.6493380487809,325.1209394880607,382.5489794007564,448.1751536467558,566.3364055751669,309.205
SBI Small Cap Fund - Regular Plan - Growth,119598,224,258.5434388838723,325.3447686863801,382.76559335466743,448.9602426429473,568.3241535087658,309.205
SBI Small Cap Fund - Regular Plan - Growth,119598,225,258.84117031156654,325.4717422554327,383.3009451758585,450.02274842609415,569.5280716661325,309.205
SBI Small Cap Fund - Regular Plan - Growth,119598,226,258.3205243074487,325.4582512088857,383.2263380645628,450.34286469362064,569.531281717286,309.205
SBI Small Cap Fund - Regular Plan - Growth,119598,227,258.20405528863694,325.8923793706723,384.02766019199,451.490808008771,569.6217549097236,309.205
SBI Small Cap Fund - Regular Plan - Growth,119598,228,258.6181459022792,326.0068254734287,384.41582942821765,451.93869958541734,572.1254114176098,309.205
SBI Small Cap Fund - Regular Plan - Growth,119598,229,258.6997625130293,326.6992692444548,384.5737074687055,451.4820783260726,571.811749215816,309.205
SBI Small Cap Fund - Regular Plan - Growth,119598,230,258.2458503914546,326.21155406037974,384.8943633679621,452.2443647768743,572.966488502059,309.205
SBI Small Cap Fund - Regular Plan - Growth,119598,231,258.45779455710726,326.2519339119523,384.7683521325164,453.0118556737502,573.462733340872,309.205
SBI Small Cap Fund - Regular Plan - Growth,119598,232,259.32170617779667,326.6629100098711,385.31617282910736,453.19290134359187,574.7729272141028,309.205
SBI Small Cap Fund - Regular Plan - Growth,119598,233,259.82331498148415,326.7975785601378,385.8208812897747,453.83726532238154,576.3558546777315,309.205
SBI Small Cap Fund - Regular Plan - Growth,119598,234,259.527172531582,327.3700305488806,386.2602176730062,454.4603411106096,575.9774295514013,309.205
SBI Small Cap Fund - Regular Plan - Growth,119598,235,259.5254577115601,327.60489013394454,386.364560046429,455.73357347047005,576.7311005176798,309.205
SBI Small Cap Fund - Regular Plan - Growth,119598,236,259.66040843005004,328.00150013705036,386.38694463130673,455.30451298384764,577.3415469429483,309.205
SBI Small Cap Fund - Regular Plan - Growth,119598,237,259.60675623103265,328.00502837820477,386.78399305505695,456.4590940271868,579.4231912855637,309.205
SBI Small Cap Fund - Regular Plan - Growth,119598,238,260.0323472819775,328.21182107312995,386.9921534266699,457.497877442373,578.9077037204198,309.205
SBI Small Cap Fund - Regular Plan - Growth,119598,239,260.5329578846815,328.4092256488618,387.0022789335716,458.2660300675579,581.1425303003479,309.205
SBI Small Cap Fund - Regular Plan - Growth,119598,240,259.99771351232215,328.79592315436594,387.4584284450864,459.0807233910228,581.4662506952095,309.205
SBI Small Cap Fund - Regular Plan - Growth,119598,241,259.8444015509398,329.23096977725976,387.7839229147377,460.0018949083489,583.0924306553975,309.205
SBI Small Cap Fund - Regular Plan - Growth,119598,242,259.4964467404339,328.8840902026156,388.60907577037574,460.0506549962928,584.3768202253286,309.205
SBI Small Cap Fund - Regular Plan - Growth,119598,243,260.69778319720706,328.71902612701024,388.6952416491939,460.89245339640684,584.1231628484178,309.205
SBI Small Cap Fund - Regular Plan - Growth,119598,244,259.92427226306756,329.2046538169107,388.578011417135,461.17832553593445,585.8070543873159,309.205
SBI Small Cap Fund - Regular Plan - Growth,119598,245,260.03952157005983,329.59306112046727,389.3536021117045,462.3072422170401,586.864602631101,309.205
SBI Small Cap Fund - Regular Plan - Growth,119598,246,259.9748355968402,329.74790723392255,390.0071256852136,463.4003726327717,586.9999023705836,309.205
SBI Small Cap Fund - Regular Plan - Growth,119598,247,259.86028775963257,329.731139895667,389.66726545738334,464.127565574057,587.7898475913938,309.205
SBI Small Cap Fund - Regular Plan - Growth,119598,248,259.8415666324898,329.6897929410874,390.0902652163238,464.739197844893,588.7915893207992,309.205
SBI Small Cap Fund - Regular Plan - Growth,119598,249,260.7732956727852,330.2327030871552,390.2552723980401,464.6148329333204,590.2691320968443,309.205
SBI Small Cap Fund - Regular Plan - Growth,119598,250,260.3263647909039,330.391845040803,390.3082073854903,465.4202486304881,591.6501144841346,309.205
SBI Small Cap Fund - Regular Plan - Growth,119598,251,261.1367874060295,330.7739641457383,391.3000989417286,465.96704089383843,592.3947890473096,309.205
SBI Small Cap Fund - Regular Plan - Growth,119598,252,261.17523360483636,331.0959706544862,391.65690241856646,465.6130185995355,592.8603322501818,309.205
SBI Small Cap Fund - Regular Plan - Growth,119598,253,260.8458800524823,331.4626542247421,391.9861237805454,465.9162501947628,595.264989941375,309.205
SBI Small Cap Fund - Regular Plan - Growth,119598,254,261.1658588294545,331.2467915579315,392.5536631349929,466.87976313257,596.9726903476394,309.205
SBI Small Cap Fund - Regular Plan - Growth,119598,255,260.93911017787826,331.40096099472555,392.59451976167566,467.7046083331559,596.4513663945094,309.205
SBI Small Cap Fund - Regular Plan - Growth,119598,256,261.1785224190337,331.10342852094436,393.2267267329812,468.6418532182986,596.6662829155197,309.205
SBI Small Cap Fund - Regular Plan - Growth,119598,257,261.78793211890763,331.6525779423186,393.883868426708,468.6073505189258,599.3901143783817,309.205
SBI Small Cap Fund - Regular Plan - Growth,119598,258,261.24280621035695,331.8191582860811,393.88178847727954,469.59558178490704,599.8021772231191,309.205
SBI Small Cap Fund - Regular Plan - Growth,119598,259,260.56794448773843,332.17415643492143,394.34717813355326,469.80229493372775,601.3492449713111,309.205
SBI Small Cap Fund - Regular Plan - Growth,119598,260,260.92799773397616,332.43020652303693,394.34386306615323,470.0330551323633,602.2275165445867,309.205
SBI Small Cap Fund - Regular Plan - Growth,119598,261,261.32847281574533,332.50517733064953,395.50958179259334,471.04237572443117,602.7040959288087,309.205
SBI Small Cap Fund - Regular Plan - Growth,119598,262,261.736692151138,332.72236993153274,395.67312347870376,471.1598191676148,606.2219121933579,309.205
SBI Small Cap Fund - Regular Plan - Growth,119598,263,261.5662844660982,332.8465647591095,396.230291848734,471.5505756801663,605.6968883713711,309.205
SBI Small Cap Fund - Regular Plan - Growth,119598,264,261.2562127152361,333.4274391713074,396.27867827290675,472.059007256005,606.9125983333234,309.205
SBI Small Cap Fund - Regular Plan - Growth,119598,265,260.65032853237534,333.77992276602095,397.0091858502781,472.6555479011907,608.8713366242936,309.205
SBI Small Cap Fund - Regular Plan - Growth,119598,266,261.0132003930988,333.8131078942436,397.5264259965238,473.3793640064777,609.1902257886507,309.205
SBI Small Cap Fund - Regular Plan - Growth,119598,267,260.7581607567774,334.2484800344539,397.50525864840233,473.4029015537094,611.9591185136718,309.205
SBI Small Cap Fund - Regular Plan - Growth,119598,268,260.52033098398897,334.330754939933,398.0141202495498,474.9209804077704,612.4131658965339,309.205
SBI Small Cap Fund - Regular Plan - Growth,119598,269,260.57335251883813,334.6436125087211,397.9185312479852,475.01757945712876,612.9424896290573,309.205
SBI Small Cap Fund - Regular Plan - Growth,119598,270,260.8397012864705,335.0754246242159,398.49963388449453,475.9003803822043,614.7843732925579,309.205
SBI Small Cap Fund - Regular Plan - Growth,119598,271,261.4497517661346,335.25945624409286,398.3194262363879,477.0124807113111,616.0052378299885,309.205
SBI Small Cap Fund - Regular Plan - Growth,119598,272,261.7246514827273,335.0566857967916,399.1381609141755,477.5235036603816,616.2824628746605,309.205
SBI Small Cap Fund - Regular Plan - Growth,119598,273,260.7778500715531,335.3221008824146,399.94292626375113,478.39048117815406,617.8806124633854,309.205
SBI Small Cap Fund - Regular Plan - Growth,119598,274,260.56938117869385,335.7453162193924,400.1157849436945,478.3477034314322,619.2667988186222,309.205
SBI Small Cap Fund - Regular Plan - Growth,119598,275,261.0946250597143,335.7495185111231,400.75674838789246,479.44010361186497,619.8482638651828,309.205
SBI Small Cap Fund - Regular Plan - Growth,119598,276,261.82403317859325,336.0393333912709,400.910914148802,480.53775312045565,622.2319071041825,309.205
SBI Small Cap Fund - Regular Plan - Growth,119598,277,261.8285532312588,336.09382530342486,401.29946849787814,480.38423281796867,622.3978148416289,309.205
SBI Small Cap Fund - Regular Plan - Growth,119598,278,262.09304291539934,336.4081477743492,402.1873852931086,480.1230072231943,624.3185713403783,309.205
SBI Small Cap Fund - Regular Plan - Growth,119598,279,261.8145228184113,336.8606621260803,402.03214397909005,481.23333084752585,624.9641738035929,309.205
SBI Small Cap Fund - Regular Plan - Growth,119598,280,261.4879868056471,336.9698363120091,403.2262039267947,481.5339947464245,626.2202285831993,309.205
SBI Small Cap Fund - Regular Plan - Growth,119598,281,261.56338494955384,337.11204728091116,403.5114911016668,482.8602266621255,627.271602428441,309.205
SBI Small Cap Fund - Regular Plan - Growth,119598,282,261.74498364957054,337.7458423049123,404.2114972552281,482.70438626890166,628.0353205648614,309.205
SBI Small Cap Fund - Regular Plan - Growth,119598,283,262.46627026664714,337.4983382451783,403.74790515114626,483.1597510623084,629.1586128220082,309.205
SBI Small Cap Fund - Regular Plan - Growth,119598,284,261.9913958543269,337.45711474135965,404.038469280581,483.872362050378,630.8651714747654,309.205
SBI Small Cap Fund - Regular Plan - Growth,119598,285,261.9393716976827,337.85626093835344,403.9309288609668,484.63069689367506,632.4947258223827,309.205
SBI Small Cap Fund - Regular Plan - Growth,119598,286,261.94171505042465,337.7840662377601,404.62519355448705,485.71909218871383,633.6385667059568,309.205
SBI Small Cap Fund - Regular Plan - Growth,119598,287,261.75646986103567,338.43864759369654,405.4383802366615,485.92621717093317,633.6326057810106,309.205
SBI Small Cap Fund - Regular Plan - Growth,119598,288,262.1761704577635,339.0266453138726,405.27748599707365,486.19255879851846,634.6045915079244,309.205
SBI Small Cap Fund - Regular Plan - Growth,119598,289,261.8171625160446,339.1383857949768,406.06453247629446,487.0866698019904,637.0900244500533,309.205
SBI Small Cap Fund - Regular Plan - Growth,119598,290,261.77365628460626,339.51519737634345,407.10668952445326,487.96200855996545,638.2097416041594,309.205
SBI Small Cap Fund - Regular Plan - Growth,119598,291,261.24047899657836,339.3441929061853,407.06784344301565,487.8189677286352,639.7857818795433,309.205
SBI Small Cap Fund - Regular Plan - Growth,119598,292,261.5546344825681,339.18725370590886,407.9364622560867,488.81308854010035,640.6518765150216,309.205
SBI Small Cap Fund - Regular Plan - Growth,119598,293,261.6607683366026,338.8749920411458,408.7701729831211,489.36427132490974,641.0746632821159,309.205
SBI Small Cap Fund - Regular Plan - Growth,119598,294,262.4925463470774,339.44859610507024,408.8967711797644,490.57573907748383,638.7419671756672,309.205
SBI Small Cap Fund - Regular Plan - Growth,119598,295,261.9706855729587,339.3013717938777,409.688502539559,492.0465867615034,640.3840756440482,309.205
SBI Small Cap Fund - Regular Plan - Growth,119598,296,262.1023911883828,339.85208881907374,409.1818756673847,492.88556719973826,642.9647552805292,309.205
SBI Small Cap Fund - Regular Plan - Growth,119598,297,262.42502675312943,340.2531183672545,410.3536654296904,493.3543467920198,641.9020078948246,309.205
SBI Small Cap Fund - Regular Plan - Growth,119598,298,263.09036171651866,340.57205139489656,410.4033986123282,493.5377653011867,645.0659309656664,309.205
SBI Small Cap Fund - Regular Plan - Growth,119598,299,262.5598604690888,340.3428644462841,410.80312499783076,493.69915873207054,645.5026705674558,309.205
SBI Small Cap Fund - Regular Plan - Growth,119598,300,263.0154518685987,340.32603020795085,411.49777608607434,494.3886562343627,646.653829495684,309.205
SBI Small Cap Fund - Regular Plan - Growth,119598,301,262.6318277281316,340.78408325217924,411.7601408763388,495.51167015172916,649.16721046031,309.205
SBI Small Cap Fund - Regular Plan - Growth,119598,302,262.8479202516809,341.11177609621893,412.2517527809372,495.1801748277113,648.1617139834572,309.205
SBI Small Cap Fund - Regular Plan - Growth,119598,303,261.9782398759698,341.7200971784412,412.73464146335994,495.53880430115385,650.6938933800619,309.205
SBI Small Cap Fund - Regular Plan - Growth,119598,304,262.52522514983417,342.15420925030423,412.58716510653807,496.6200923084608,653.2751377787755,309.205
SBI Small Cap Fund - Regular Plan - Growth,119598,305,262.08209791229035,342.28646579887135,412.5352720940864,497.08753798250893,654.3595872558801,309.205
SBI Small Cap Fund - Regular Plan - Growth,119598,306,262.0720726564691,342.3128733918059,412.78049539317425,498.89184515890446,654.7571665821735,309.205
SBI Small Cap Fund - Regular Plan - Growth,119598,307,261.986012409392,342.58466401985345,413.53822360084143,498.6234120966955,655.9847101134853,309.205
SBI Small Cap Fund - Regular Plan - Growth,119598,308,261.72093426542426,342.46951639583665,414.4279132689246,499.1312571491349,656.1571637761789,309.205
SBI Small Cap Fund - Regular Plan - Growth,119598,309,262.26886486828226,343.32825811000043,414.70257697625993,499.5521005051524,657.1331031393763,309.205
SBI Small Cap Fund - Regular Plan - Growth,119598,310,262.40965255070546,343.0722383517964,415.2435030215812,499.9311569010355,657.1584927733327,309.205
SBI Small Cap Fund - Regular Plan - Growth,119598,311,262.7478861980875,343.3185759626661,415.4835073930018,500.80866483090176,659.5728475161767,309.205
SBI Small Cap Fund - Regular Plan - Growth,119598,312,262.51842908115776,343.4124560020796,415.8620297886,500.94591499735975,660.5541749056268,309.205
SBI Small Cap Fund - Regular Plan - Growth,119598,313,262.2064046249697,343.63119218039543,416.47535008321637,502.8439766147617,662.2046586482343,309.205
SBI Small Cap Fund - Regular Plan - Growth,119598,314,261.9118426146582,344.5142458647118,416.2689565901894,503.5171249035535,662.3994548746638,309.205
SBI Small Cap Fund - Regular Plan - Growth,119598,315,262.1573641577479,344.9514978361507,416.8930677119928,504.754877888547,662.8571004708707,309.205
SBI Small Cap Fund - Regular Plan - Growth,119598,316,263.41735198638946,345.21173385899573,418.0666900468548,505.05848667695426,664.6203345608626,309.205
SBI Small Cap Fund - Regular Plan - Growth,119598,317,262.74122973220034,344.93164232692044,418.2344846251426,504.8861288440093,665.3903214508068,309.205
SBI Small Cap Fund - Regular Plan - Growth,119598,318,263.5102433689576,345.4841133625197,418.5783375992587,505.87322529101544,663.8658517872152,309.205
SBI Small Cap Fund - Regular Plan - Growth,119598,319,263.68898324962663,345.8825371928429,418.65866657232715,506.6542092589667,667.0207091736735,309.205
SBI Small Cap Fund - Regular Plan - Growth,119598,320,264.2069074771167,345.4916013788762,418.4324500652522,507.37047669698177,667.8467475980418,309.205
SBI Small Cap Fund - Regular Plan - Growth,119598,321,264.3094913009294,346.55736834602953,419.4904878787096,507.8494017039433,668.8399019717899,309.205
SBI Small Cap Fund - Regular Plan - Growth,119598,322,264.1570272136296,346.7202384064682,420.5204363583006,508.8175526850995,669.1117865944052,309.205
SBI Small Cap Fund - Regular Plan - Growth,119598,323,264.4599443899033,346.7316955014187,421.1166957021377,509.39017624423064,671.0701027048184,309.205
SBI Small Cap Fund - Regular Plan - Growth,119598,324,264.2438433761277,347.0011331231785,421.5452748332817,510.49676865545194,673.0213569474986,309.205
SBI Small Cap Fund - Regular Plan - Growth,119598,325,264.6402312357016,346.8467996856757,421.76431653517557,512.2075675307256,674.9163215641613,309.205
SBI Small Cap Fund - Regular Plan - Growth,119598,326,263.97886721480035,347.55693583675895,422.16472606999156,512.3048000636005,675.8428399445132,309.205
SBI Small Cap Fund - Regular Plan - Growth,119598,327,264.5927203569079,347.74305649999735,422.9904492164517,513.1090708186057,678.4724155850752,309.205
SBI Small Cap Fund - Regular Plan - Growth,119598,328,265.16638023864795,347.78477902810897,422.9041513556175,512.1493646870387,679.7604141284482,309.205
SBI Small Cap Fund - Regular Plan - Growth,119598,329,265.42545488944654,347.75505364322885,423.1829909278257,512.6793980567937,681.0423667376078,309.205
SBI Small Cap Fund - Regular Plan - Growth,119598,330,265.430615554841,348.32238878345873,424.3008583594467,513.1513466960253,679.1891630993707,309.205
SBI Small Cap Fund - Regular Plan - Growth,119598,331,266.04406287712453,348.3337169905581,424.05358225732857,513.7115860318659,680.684877310508,309.205
SBI Small Cap Fund - Regular Plan - Growth,119598,332,265.78236475591694,349.26148727109717,424.0651265232611,514.7853522942019,679.4072124017077,309.205
SBI Small Cap Fund - Regular Plan - Growth,119598,333,265.16512252967027,349.2187936652166,424.3041271414214,515.5267114932253,680.0029208131618,309.205
SBI Small Cap Fund - Regular Plan - Growth,119598,334,264.8433188598241,349.32683804874074,425.1909818391162,516.1760247522225,681.401877650157,309.205
SBI Small Cap Fund - Regular Plan - Growth,119598,335,265.42787940228914,349.9828713844279,425.174188791442,516.3523671432323,682.449208319678,309.205
SBI Small Cap Fund - Regular Plan - Growth,119598,336,265.2988753800018,350.86953765048406,425.85794687792526,518.1528347787734,682.9064423491029,309.205
SBI Small Cap Fund - Regular Plan - Growth,119598,337,265.2450422234899,351.15948702903006,426.5672223078255,519.2521067037909,683.6804074086491,309.205
SBI Small Cap Fund - Regular Plan - Growth,119598,338,265.0829340879966,351.47752333976837,427.07503945484734,519.3034311585566,684.8993701179539,309.205
SBI Small Cap Fund - Regular Plan - Growth,119598,339,265.41168814308463,352.3025863904306,427.28355287307784,519.9129504077986,685.069694904568,309.205
SBI Small Cap Fund - Regular Plan - Growth,119598,340,265.2409980786303,352.49883872236427,427.6428768321483,520.4528834938202,687.9790724342124,309.205
SBI Small Cap Fund - Regular Plan - Growth,119598,341,264.67412995317954,352.3710599832531,427.6151555165021,521.391395617726,688.4114918813932,309.205
SBI Small Cap Fund - Regular Plan - Growth,119598,342,264.87435855951503,352.61452927267135,428.10468938630186,521.711292965046,690.924378877648,309.205
SBI Small Cap Fund - Regular Plan - Growth,119598,343,264.04815434712754,353.2688981819616,428.64320548177915,521.8960671116855,693.6437813407013,309.205
SBI Small Cap Fund - Regular Plan - Growth,119598,344,264.2692484755822,353.438147498596,428.5776715733132,522.9702471281765,695.1491857486315,309.205
SBI Small Cap Fund - Regular Plan - Growth,119598,345,263.65365433993327,353.4412985133152,428.7800691441022,524.1537929979141,696.6586425350577,309.205
SBI Small Cap Fund - Regular Plan - Growth,119598,346,264.2932118731422,353.568455495239,429.6137796380027,525.0329808356387,697.2797596216707,309.205
SBI Small Cap Fund - Regular Plan - Growth,119598,347,264.940233807247,353.48673635937496,430.0649697709826,525.6394598037723,697.9471963300801,309.205
SBI Small Cap Fund - Regular Plan - Growth,119598,348,265.23714903106946,353.37453720320167,431.1416966859474,526.3015606579198,700.0730451168946,309.205
SBI Small Cap Fund - Regular Plan - Growth,119598,349,265.16830257625395,353.9644522702049,431.4068029793732,527.7884445082464,701.1431137615309,309.205
SBI Small Cap Fund - Regular Plan - Growth,119598,350,265.3690057006371,353.8759719008406,432.2328072076131,528.8051813668649,702.9263264511094,309.205
SBI Small Cap Fund - Regular Plan - Growth,119598,351,265.84036341914884,354.51409836083167,431.80700002215485,529.7519486919284,702.9955958631703,309.205
SBI Small Cap Fund - Regular Plan - Growth,119598,352,264.75005326779603,355.0906850742046,432.05478109595583,529.4551407152023,705.2745112331761,309.205
SBI Small Cap Fund - Regular Plan - Growth,119598,353,264.9898690838679,354.81028079155044,432.16500144171937,528.57127982761,703.5957666421365,309.205
SBI Small Cap Fund - Regular Plan - Growth,119598,354,264.93360856299535,354.84040474609657,431.78976486023146,529.3093665264364,707.8233585916217,309.205
SBI Small Cap Fund - Regular Plan - Growth,119598,355,264.86731331506604,355.53627430193126,432.93920338165753,529.6681646079456,709.2211935591547,309.205
SBI Small Cap Fund - Regular Plan - Growth,119598,356,265.48904220684796,355.72708787432646,433.8949542890515,529.5262410020052,708.7731155425361,309.205
SBI Small Cap Fund - Regular Plan - Growth,119598,357,265.5392970416716,355.75744580895883,434.65686122334216,529.751766850074,709.9597724781879,309.205
SBI Small Cap Fund - Regular Plan - Growth,119598,358,266.04753153585403,355.91114610045827,434.62597551552415,530.6451201754448,711.6967343094187,309.205
SBI Small Cap Fund - Regular Plan - Growth,119598,359,266.71845265969256,355.7421236386906,435.015938539924,531.1688537503767,714.5565418856189,309.205
SBI Small Cap Fund - Regular Plan - Growth,119598,360,266.8292296727059,355.5691535276584,435.07406563643156,532.319878480809,715.0530414074537,309.205
SBI Small Cap Fund - Regular Plan - Growth,119598,361,265.8168424036767,355.76579490929066,435.2501310832505,532.8640102294519,716.8719911550564,309.205
SBI Small Cap Fund - Regular Plan - Growth,119598,362,265.9501474294292,356.21833001360574,436.32853726552975,534.0228740300746,716.613830620344,309.205
SBI Small Cap Fund - Regular Plan - Growth,119598,363,265.91884381163163,356.1590560295787,436.99110628897984,534.500649999578,719.7355305036134,309.205
SBI Small Cap Fund - Regular Plan - Growth,119598,364,265.8526851016824,356.5267634456062,437.8164203014559,535.1080849715587,718.7423483594146,309.205
SBI Small Cap Fund - Regular Plan - Growth,119598,365,266.8250255452854,356.838108974811,438.47232708119424,534.5047309072497,719.8796612879015,309.205
SBI Small Cap Fund - Regular Plan - Growth,119598,366,266.9229171667213,357.03051536615624,439.2020166871695,535.1657544594784,721.544729541712,309.205
SBI Small Cap Fund - Regular Plan - Growth,119598,367,265.8829061629697,357.563643267687,439.93553173653663,536.3118221571256,722.1056347295886,309.205
SBI Small Cap Fund - Regular Plan - Growth,119598,368,266.41811844704523,358.2505885643012,439.5340447657379,537.1920714987239,724.2333244927316,309.205
SBI Small Cap Fund - Regular Plan - Growth,119598,369,266.30199703588863,358.1933215258509,440.3159066155382,538.5693977060063,725.264057312373,309.205
SBI Small Cap Fund - Regular Plan - Growth,119598,370,266.2011013820438,358.37998151579404,440.53165155762434,538.4163214608814,727.2202446431937,309.205
SBI Small Cap Fund - Regular Plan - Growth,119598,371,266.59319894246806,359.07441443728874,440.37845789304384,540.0790498015022,728.2192458008615,309.205
SBI Small Cap Fund - Regular Plan - Growth,119598,372,266.45598062285313,359.5857637885488,440.50563588028376,540.4032987185215,728.6396883179364,309.205
SBI Small Cap Fund - Regular Plan - Growth,119598,373,267.1144969177,359.4976911757971,441.1192195427668,540.5204186787281,733.9610333919007,309.205
SBI Small Cap Fund - Regular Plan - Growth,119598,374,267.2523806884474,359.8615237185095,441.83738425527287,540.3929863901935,735.7191815997528,309.205
SBI Small Cap Fund - Regular Plan - Growth,119598,375,266.6072374934105,359.7192152918257,442.40426289973334,541.1186229650467,737.2795239063388,309.205
SBI Small Cap Fund - Regular Plan - Growth,119598,376,266.8892138751466,360.0690889766196,443.06490786205825,541.1821847739423,736.1645882543778,309.205
SBI Small Cap Fund - Regular Plan - Growth,119598,377,266.4419099279504,360.23455002464146,442.88515921853275,541.9987915906855,736.8778729045396,309.205
SBI Small Cap Fund - Regular Plan - Growth,119598,378,266.5127087511652,360.29071132592986,444.2796789702388,543.3887838741371,735.9872893427848,309.205
SBI Small Cap Fund - Regular Plan - Growth,119598,379,266.729279329705,360.59962895843745,445.52672829883954,544.1243695341624,739.2454287474774,309.205
SBI Small Cap Fund - Regular Plan - Growth,119598,380,267.2319087482734,360.7101557346346,445.4455599980148,545.4285474760817,739.8606038023197,309.205
SBI Small Cap Fund - Regular Plan - Growth,119598,381,267.8918030646774,361.2126988026544,445.82895962587884,546.270240640705,740.3904075496464,309.205
SBI Small Cap Fund - Regular Plan - Growth,119598,382,268.194956485363,361.49356672954383,446.1111734291122,546.8483433941335,741.5069984788079,309.205
SBI Small Cap Fund - Regular Plan - Growth,119598,383,267.959111857893,361.5213817510244,446.4435781201976,547.9054240689595,744.2776282923503,309.205
SBI Small Cap Fund - Regular Plan - Growth,119598,384,267.12576669404626,361.65640101804786,446.41339248280883,549.2017323897493,745.5768642263586,309.205
SBI Small Cap Fund - Regular Plan - Growth,119598,385,266.99578181286614,361.8928654164263,446.6722246727149,549.8336574695916,748.1851492655803,309.205
SBI Small Cap Fund - Regular Plan - Growth,119598,386,267.9114106408684,362.11075853322313,447.07853600668636,550.4779472334917,749.3874372954663,309.205
SBI Small Cap Fund - Regular Plan - Growth,119598,387,267.65242109522757,361.8768732054878,448.0952533457955,550.906957009757,753.6980373350044,309.205
SBI Small Cap Fund - Regular Plan - Growth,119598,388,269.23465185898567,361.74738230118766,448.6513157624256,551.6303229267585,754.1703683333913,309.205
SBI Small Cap Fund - Regular Plan - Growth,119598,389,268.2884404841354,362.072376873719,449.10147866233467,552.1999894547079,753.305764497997,309.205
SBI Small Cap Fund - Regular Plan - Growth,119598,390,267.85254587034984,362.3861112686068,449.7179080332108,552.6664447895603,752.9741801894004,309.205
SBI Small Cap Fund - Regular Plan - Growth,119598,391,268.8780777771268,363.04042313561945,450.09978066004976,552.6944923412584,754.701466074308,309.205
SBI Small Cap Fund - Regular Plan - Growth,119598,392,269.40559374595875,363.59448019932466,450.2991409690341,553.8060710262068,753.8008972032237,309.205
SBI Small Cap Fund - Regular Plan - Growth,119598,393,269.11870836161984,363.3032166372752,450.6312370205248,554.0057116498,757.3113935888927,309.205
SBI Small Cap Fund - Regular Plan - Growth,119598,394,269.93482678381736,363.51308266865624,450.97804314170776,555.4560368808175,756.8561433444671,309.205
SBI Small Cap Fund - Regular Plan - Growth,119598,395,269.7787381115135,363.6385123802229,451.6104329493551,555.4501021442329,758.121281910802,309.205
SBI Small Cap Fund - Regular Plan - Growth,119598,396,270.40108400813426,364.36153366920445,451.52691732527404,554.9844492811607,759.1470180965,309.205
SBI Small Cap Fund - Regular Plan - Growth,119598,397,270.02825879934556,364.92632501663354,451.78961674255856,556.6680140415931,760.2790673699172,309.205
SBI Small Cap Fund - Regular Plan - Growth,119598,398,269.98500933798607,365.67314960190095,452.4178017719799,556.8495903316043,764.1499208112903,309.205
SBI Small Cap Fund - Regular Plan - Growth,119598,399,270.69587368979273,365.7740255773133,453.07723068522796,557.2298572942175,765.4570805189845,309.205
SBI Small Cap Fund - Regular Plan - Growth,119598,400,270.6652788734483,364.9923030884639,453.50128160099945,557.8754920733955,765.2046657634476,309.205
SBI Small Cap Fund - Regular Plan - Growth,119598,401,271.23210787738327,365.93358424366994,453.59636412451397,559.7991710311774,769.883994079871,309.205
SBI Small Cap Fund - Regular Plan - Growth,119598,402,271.5998916362161,366.0234643618369,453.48542209769346,559.1617785689643,768.8413181856819,309.205
SBI Small Cap Fund - Regular Plan - Growth,119598,403,271.0435918519271,366.04198829628007,454.2915671071492,561.1610826592746,770.4624416286698,309.205
SBI Small Cap Fund - Regular Plan - Growth,119598,404,270.6636326251809,366.3911064085372,454.46765899859884,561.1416991033516,772.5548153469715,309.205
SBI Small Cap Fund - Regular Plan - Growth,119598,405,271.77754044349547,366.54471146602265,454.9413936423691,561.7041430893848,773.1530870243505,309.205
SBI Small Cap Fund - Regular Plan - Growth,119598,406,271.29342306914015,366.56171554437407,455.41727162236066,562.7959042586089,773.0311112477548,309.205
SBI Small Cap Fund - Regular Plan - Growth,119598,407,271.6021252803789,366.65683321544384,455.7667901649089,562.8324665218594,775.665017881329,309.205
SBI Small Cap Fund - Regular Plan - Growth,119598,408,271.67498724108856,367.23213099655266,456.48790498250406,564.5728610655187,774.2566199425996,309.205
SBI Small Cap Fund - Regular Plan - Growth,119598,409,272.23989244945784,367.46399759459774,457.1124351201878,565.258362434075,775.2493392213304,309.205
SBI Small Cap Fund - Regular Plan - Growth,119598,410,272.0037444864912,367.71614123228375,458.13202287891704,566.730828585756,777.3392248904519,309.205
SBI Small Cap Fund - Regular Plan - Growth,119598,411,272.23557827956364,368.76775459556194,458.0560968810686,567.3816649224877,778.3528799921642,309.205
SBI Small Cap Fund - Regular Plan - Growth,119598,412,272.0769054373182,368.8147474886476,458.48024179788933,568.1917252412675,780.2310965010904,309.205
SBI Small Cap Fund - Regular Plan - Growth,119598,413,272.02457343073894,369.5870991408036,458.35834967214413,569.2905435620578,781.9073118245378,309.205
SBI Small Cap Fund - Regular Plan - Growth,119598,414,272.2252386549741,369.38712711848484,458.96508688704716,569.5327026013279,782.4606810048531,309.205
SBI Small Cap Fund - Regular Plan - Growth,119598,415,272.5011262949569,369.86602659340053,459.1534346205274,569.6008593088302,781.0662797426132,309.205
SBI Small Cap Fund - Regular Plan - Growth,119598,416,272.2385282721385,369.67142923672236,460.0764351476058,570.3341851271364,780.4279905020023,309.205
SBI Small Cap Fund - Regular Plan - Growth,119598,417,271.359727799692,370.0409606754595,460.8088834853927,571.6730183450603,782.7034991918737,309.205
SBI Small Cap Fund - Regular Plan - Growth,119598,418,271.67565237584444,370.6437908121407,461.7742277666449,572.7953898257379,785.5092198518039,309.205
SBI Small Cap Fund - Regular Plan - Growth,119598,419,271.9894435867069,369.92931030165323,461.77225328884396,572.8822963140173,783.4752040349813,309.205
SBI Small Cap Fund - Regular Plan - Growth,119598,420,272.04433908637867,370.29543447454716,462.0770052996944,572.4437184942053,786.8642059692392,309.205
SBI Small Cap Fund - Regular Plan - Growth,119598,421,272.059359263525,370.8445866461522,462.7236865074092,573.4477595335741,789.0376301382723,309.205
SBI Small Cap Fund - Regular Plan - Growth,119598,422,271.7804776592776,371.1933311131016,462.56758007477396,574.9154033720876,790.7206353234571,309.205
SBI Small Cap Fund - Regular Plan - Growth,119598,423,272.30412917336,370.5126587584299,463.0794518656113,574.97759776376,790.7144646826931,309.205
SBI Small Cap Fund - Regular Plan - Growth,119598,424,271.66673115135023,371.8430114203498,463.86234223385645,575.9965826116654,791.3376112518386,309.205
SBI Small Cap Fund - Regular Plan - Growth,119598,425,272.1976238104038,372.68395492786436,463.3022958072857,577.114268960001,793.0650972684035,309.205
SBI Small Cap Fund - Regular Plan - Growth,119598,426,272.01039818333,372.91983669716427,464.4559954327289,577.5029988942357,795.9848947809974,309.205
SBI Small Cap Fund - Regular Plan - Growth,119598,427,271.59830245042883,373.27911556353325,464.9353473472545,577.9912852089022,797.2414873275372,309.205
SBI Small Cap Fund - Regular Plan - Growth,119598,428,271.1366647201404,373.42666638831764,464.90640982752836,578.5529076144209,797.1167770231817,309.205
SBI Small Cap Fund - Regular Plan - Growth,119598,429,271.5135014959295,373.35306122482166,465.8348600584219,579.0853289811944,798.5043086276945,309.205
SBI Small Cap Fund - Regular Plan - Growth,119598,430,271.132633188207,373.6118719013407,465.9444911686486,579.1527463065045,798.3682051081273,309.205
SBI Small Cap Fund - Regular Plan - Growth,119598,431,271.7517417636109,374.52481096030334,466.50487359396783,579.9011403958103,800.6874908650176,309.205
SBI Small Cap Fund - Regular Plan - Growth,119598,432,271.3847136785547,374.64870193378107,467.30689791482416,581.3975155355846,802.6619572398212,309.205
SBI Small Cap Fund - Regular Plan - Growth,119598,433,271.99077435488266,374.75261772521173,467.76440255245734,582.0885016832483,801.0723010873903,309.205
SBI Small Cap Fund - Regular Plan - Growth,119598,434,271.6746596886047,374.67247422673904,467.87445810066544,581.5437510723127,804.9153839425172,309.205
SBI Small Cap Fund - Regular Plan - Growth,119598,435,271.43442924971896,374.294043110246,468.2294962856208,583.0180331023463,806.9510692036229,309.205
SBI Small Cap Fund - Regular Plan - Growth,119598,436,271.23262776885633,374.88145681484,468.763673390818,582.8434822039968,806.5507569862339,309.205
SBI Small Cap Fund - Regular Plan - Growth,119598,437,272.03423468390986,375.2417165441878,469.6521354700842,583.8401068753941,806.8618796220688,309.205
SBI Small Cap Fund - Regular Plan - Growth,119598,438,272.16081049843916,375.2573322412453,470.0664964307688,583.747331755925,808.1140105307627,309.205
SBI Small Cap Fund - Regular Plan - Growth,119598,439,272.38861766453164,375.5964256869786,470.12402512665733,584.8489774386376,810.4974061296675,309.205
SBI Small Cap Fund - Regular Plan - Growth,119598,440,272.3348629222487,376.0069781600673,469.9659852386276,585.571762359951,811.7785811993805,309.205
SBI Small Cap Fund - Regular Plan - Growth,119598,441,273.6385322482415,376.3435584529172,470.9920398012222,586.9531925380564,811.4315532930834,309.205
SBI Small Cap Fund - Regular Plan - Growth,119598,442,272.9221703712742,376.23991934126053,471.0986727713008,586.958875682044,814.4544850682131,309.205
SBI Small Cap Fund - Regular Plan - Growth,119598,443,273.2059638386086,377.1102150715001,472.0237691448524,588.2260618571433,815.0361878896107,309.205
SBI Small Cap Fund - Regular Plan - Growth,119598,444,273.5147412210514,376.94045970444245,473.2725117547596,588.3878663692775,816.9174403093657,309.205
SBI Small Cap Fund - Regular Plan - Growth,119598,445,273.1447691831636,377.677481182727,472.5169493422778,589.638376871347,818.5266287131519,309.205
SBI Small Cap Fund - Regular Plan - Growth,119598,446,272.6579973957489,377.65578454985933,472.5322771247753,590.7700724531967,823.9409849872667,309.205
SBI Small Cap Fund - Regular Plan - Growth,119598,447,273.1006007136461,377.5764938943748,473.28471475920634,591.7759813213123,824.5269204949007,309.205
SBI Small Cap Fund - Regular Plan - Growth,119598,448,273.6065294534184,378.7145975276683,474.0881378287111,591.3731153557089,827.6479646504368,309.205
SBI Small Cap Fund - Regular Plan - Growth,119598,449,274.3319359311873,378.6657444270105,475.17034146375,593.1226427466524,827.9857213309272,309.205
SBI Small Cap Fund - Regular Plan - Growth,119598,450,273.55148351614275,379.6503962291383,475.7185504514564,593.3101550623709,830.0147961572324,309.205
SBI Small Cap Fund - Regular Plan - Growth,119598,451,274.0118731053799,379.8140876689838,475.9284576233438,594.0653838771509,829.4470869980199,309.205
SBI Small Cap Fund - Regular Plan - Growth,119598,452,273.9402027387756,380.1372160826973,477.42565201009256,596.0054811885244,831.4918809715881,309.205
SBI Small Cap Fund - Regular Plan - Growth,119598,453,273.9490797844449,379.3997655723209,477.14809312264913,596.9759681616077,830.603879618819,309.205
SBI Small Cap Fund - Regular Plan - Growth,119598,454,273.86234085634675,379.1290032217377,477.46202424036323,598.1005259538151,834.1424468274558,309.205
SBI Small Cap Fund - Regular Plan - Growth,119598,455,273.98130044769357,380.06639527015955,478.6256538429957,598.5911418204711,837.9420922838128,309.205
SBI Small Cap Fund - Regular Plan - Growth,119598,456,274.23540529253154,380.0502337637159,478.26855193607275,598.9158921522197,837.3979946299366,309.205
SBI Small Cap Fund - Regular Plan - Growth,119598,457,274.6143275886079,380.6566320186752,478.99748439653865,599.7624877674441,840.3579129513209,309.205
SBI Small Cap Fund - Regular Plan - Growth,119598,458,274.71571596433455,381.36928905341705,479.1319106107032,600.4970567503615,840.9326750984314,309.205
SBI Small Cap Fund - Regular Plan - Growth,119598,459,274.90121116585715,382.234385825275,479.95746744146254,599.6581890635543,842.9148090018195,309.205
SBI Small Cap Fund - Regular Plan - Growth,119598,460,274.20907059773333,382.1061665386177,479.56980060433625,601.8093253018615,846.951973978655,309.205
SBI Small Cap Fund - Regular Plan - Growth,119598,461,274.3670881170596,381.8069268430972,480.0794126994906,602.414855984076,847.9814894309084,309.205
SBI Small Cap Fund - Regular Plan - Growth,119598,462,274.0019354182863,381.722807278055,480.9263167804046,602.6687324436498,846.5156100114317,309.205
SBI Small Cap Fund - Regular Plan - Growth,119598,463,274.79513221990896,382.7236689040504,481.7236660095683,603.427023741517,848.8196401789654,309.205
SBI Small Cap Fund - Regular Plan - Growth,119598,464,274.72856242983715,382.83301481333643,481.7743139326801,604.1183924213416,850.6240830127365,309.205
SBI Small Cap Fund - Regular Plan - Growth,119598,465,275.6671859213305,383.90485883955535,482.5311428144279,605.6393805591281,851.0925511820532,309.205
SBI Small Cap Fund - Regular Plan - Growth,119598,466,275.34382524243824,384.9251452883616,482.7665151847999,606.7543938569816,847.4190112671603,309.205
SBI Small Cap Fund - Regular Plan - Growth,119598,467,275.70556436952023,384.48394522973416,483.542789966683,608.3272818230989,851.0262844275071,309.205
SBI Small Cap Fund - Regular Plan - Growth,119598,468,275.7495971891777,385.55852997079586,483.3508666457739,609.4830489452708,853.5637492197203,309.205
SBI Small Cap Fund - Regular Plan - Growth,119598,469,274.9010395885912,385.2647400465982,483.31477425584455,609.8441812885408,855.3100657014688,309.205
SBI Small Cap Fund - Regular Plan - Growth,119598,470,275.1444564526593,385.2584250122482,483.8040725415607,610.4455528822676,855.6448271644314,309.205
SBI Small Cap Fund - Regular Plan - Growth,119598,471,274.74219521190065,385.6438029409714,484.64264514756735,610.3420431773151,859.991115973036,309.205
SBI Small Cap Fund - Regular Plan - Growth,119598,472,275.30303867971884,385.45855065102006,484.9799973610743,612.0071234828913,859.4229480908788,309.205
SBI Small Cap Fund - Regular Plan - Growth,119598,473,276.1183192201102,386.4094140848912,485.0331637725385,612.9907641550283,860.8402825260287,309.205
SBI Small Cap Fund - Regular Plan - Growth,119598,474,276.6916160302052,385.4955091219718,484.4199182704541,613.9078812581374,859.8826729462575,309.205
SBI Small Cap Fund - Regular Plan - Growth,119598,475,277.1787675135696,386.0861094741536,485.5963709354797,614.8104904578466,862.834454367253,309.205
SBI Small Cap Fund - Regular Plan - Growth,119598,476,276.22169569149537,387.42803796246903,486.28947100752987,615.414587598062,864.3289999767056,309.205
SBI Small Cap Fund - Regular Plan - Growth,119598,477,277.3645457009625,387.45225075138046,486.72215888157405,616.1273497791233,867.3034159993774,309.205
SBI Small Cap Fund - Regular Plan - Growth,119598,478,277.1113684562314,387.7028244588153,487.9049243486386,616.3124042523281,866.2754904590213,309.205
SBI Small Cap Fund - Regular Plan - Growth,119598,479,277.078278234312,387.1748132572123,488.15854762606773,618.297298082107,867.6925803064947,309.205
SBI Small Cap Fund - Regular Plan - Growth,119598,480,277.7995621303515,388.3874912052375,487.97083138537585,618.1786009452778,872.3270300698836,309.205
SBI Small Cap Fund - Regular Plan - Growth,119598,481,277.71221478124284,388.3218932847262,488.82101795560004,618.4601014597847,874.0163277931797,309.205
SBI Small Cap Fund - Regular Plan - Growth,119598,482,278.00313006458515,387.68835571606985,489.85711614832996,619.3442301812381,875.6903405690556,309.205
SBI Small Cap Fund - Regular Plan - Growth,119598,483,277.5670086212861,388.194327853014,490.10726707678793,620.1636385605852,875.6351975576298,309.205
SBI Small Cap Fund - Regular Plan - Growth,119598,484,277.5824180652162,388.6646844121641,490.2234147711023,620.809546841346,876.9796460334024,309.205
SBI Small Cap Fund - Regular Plan - Growth,119598,485,277.44847724696604,389.34752053850815,490.5685391546528,620.385402043767,877.7271775462297,309.205
SBI Small Cap Fund - Regular Plan - Growth,119598,486,276.7569088044876,389.35548512256474,490.8331096451334,621.2606356353338,878.1125382329373,309.205
SBI Small Cap Fund - Regular Plan - Growth,119598,487,277.1773191022098,390.03835620483795,491.9403098505177,622.5195319198065,879.7834477114931,309.205
SBI Small Cap Fund - Regular Plan - Growth,119598,488,278.00719587017574,389.7427804421845,492.18986931625886,622.4588228043534,877.4196293221156,309.205
SBI Small Cap Fund - Regular Plan - Growth,119598,489,278.6145862161374,390.4112843305339,492.83481657116954,621.8433196679757,877.3459898608522,309.205
SBI Small Cap Fund - Regular Plan - Growth,119598,490,278.21524935222914,390.7623556182799,493.50464442780674,623.2541459114002,879.7540496443764,309.205
SBI Small Cap Fund - Regular Plan - Growth,119598,491,278.22274627723834,391.18600267159934,493.9148097251658,624.9384626800863,881.1005126957244,309.205
SBI Small Cap Fund - Regular Plan - Growth,119598,492,278.2886452710674,390.81238722781046,495.12492372541385,625.7980558943603,881.678370583144,309.205
SBI Small Cap Fund - Regular Plan - Growth,119598,493,278.3832554765725,390.26001047600306,495.10724234197465,625.9112065005893,882.1631688926348,309.205
SBI Small Cap Fund - Regular Plan - Growth,119598,494,278.89224762238956,391.17810688024906,495.3937740592211,626.6806777556174,882.4375082745778,309.205
SBI Small Cap Fund - Regular Plan - Growth,119598,495,278.2644669376694,390.9976448361665,496.24447290309354,628.5539757224068,886.8111242014808,309.205
SBI Small Cap Fund - Regular Plan - Growth,119598,496,278.3872858613488,391.70412566114453,496.7299552364732,629.0702268590694,886.3040225457152,309.205
SBI Small Cap Fund - Regular Plan - Growth,119598,497,278.24866329712574,392.80449201500767,497.1750393034429,628.7002365967803,888.4316448671069,309.205
SBI Small Cap Fund - Regular Plan - Growth,119598,498,277.8400686504109,392.52117571520984,497.496079958485,630.1461966526979,889.3792248520708,309.205
SBI Small Cap Fund - Regular Plan - Growth,119598,499,279.3299871331733,392.9543535708944,497.60218638841366,631.1826904058755,892.2229020492351,309.205
SBI Small Cap Fund - Regular Plan - Growth,119598,500,278.9745777473676,392.84178092262016,498.89222066915045,631.0937070917303,891.8048926389212,309.205
SBI Small Cap Fund - Regular Plan - Growth,119598,501,278.63743456339927,392.8705224953516,498.67896689970905,632.1351193139443,891.8174236491485,309.205
SBI Small Cap Fund - Regular Plan - Growth,119598,502,279.7394419862754,393.17371859547796,499.1495788199291,632.8061423737541,895.4027182851,309.205
SBI Small Cap Fund - Regular Plan - Growth,119598,503,280.3755088506052,393.3373922318175,499.7508646536585,633.8463055164314,898.18377524624,309.205
SBI Small Cap Fund - Regular Plan - Growth,119598,504,280.3082774169838,393.49520709842955,499.92293294225954,634.8147688236118,898.962592286884,309.205
SBI Small Cap Fund - Regular Plan - Growth,119598,505,279.7921958933844,393.2103607899436,500.62511356904304,637.0531514782213,896.5313429793571,309.205
SBI Small Cap Fund - Regular Plan - Growth,119598,506,279.69751342596857,394.539083585392,501.60368818047965,636.9810622653937,897.2177788894929,309.205
SBI Small Cap Fund - Regular Plan - Growth,119598,507,280.6144736029577,395.4087683228027,502.1199176411095,637.5664358895087,898.3841400781639,309.205
SBI Small Cap Fund - Regular Plan - Growth,119598,508,281.3481504904636,395.2956377149037,503.62103772977764,638.1905882981915,901.5994694757635,309.205
SBI Small Cap Fund - Regular Plan - Growth,119598,509,281.1961639848212,396.20955203446766,503.36625020886646,638.4418087327268,904.3479121545735,309.205
SBI Small Cap Fund - Regular Plan - Growth,119598,510,282.07608930358316,397.17837875273153,504.32912931697473,639.1967848927618,903.6447078270155,309.205
SBI Small Cap Fund - Regular Plan - Growth,119598,511,282.38745842521587,396.6978818193518,504.4901989181013,640.0715264514951,902.2415391572678,309.205
SBI Small Cap Fund - Regular Plan - Growth,119598,512,282.68676277867326,396.85010650737183,504.1253388077894,639.748340403899,905.1160732600771,309.205
SBI Small Cap Fund - Regular Plan - Growth,119598,513,283.0307664608272,396.94511824008805,505.0370164792737,641.7096711151852,905.2128149562539,309.205
SBI Small Cap Fund - Regular Plan - Growth,119598,514,283.0655326827357,397.07093908425503,505.54941581338517,641.5417601278439,907.2451650372788,309.205
SBI Small Cap Fund - Regular Plan - Growth,119598,515,282.5031234904648,396.51891765532326,505.78383304562175,641.4060276404916,907.2961168737515,309.205
SBI Small Cap Fund - Regular Plan - Growth,119598,516,282.21008507205863,395.6164737931705,505.4631257828488,642.4745072431729,910.4396883663079,309.205
SBI Small Cap Fund - Regular Plan - Growth,119598,517,282.5283865279645,395.90422012133564,506.9377302971084,644.0029526763775,913.1945905503483,309.205
SBI Small Cap Fund - Regular Plan - Growth,119598,518,283.233916376367,396.1103410435863,507.1912928432408,644.2108418855912,911.4346552396355,309.205
SBI Small Cap Fund - Regular Plan - Growth,119598,519,283.49429319865493,397.3410343118361,507.71367232421085,646.091829912865,916.2487306890906,309.205
SBI Small Cap Fund - Regular Plan - Growth,119598,520,283.6702777964213,397.0003161680791,508.0830367811207,647.8203725512319,914.9914050542073,309.205
SBI Small Cap Fund - Regular Plan - Growth,119598,521,283.5589915740446,397.5787618693239,508.06430665691744,648.759180529421,919.3151175786248,309.205
SBI Small Cap Fund - Regular Plan - Growth,119598,522,282.16699246839283,398.15529348071306,508.952103385793,648.860249015665,915.7044945648307,309.205
SBI Small Cap Fund - Regular Plan - Growth,119598,523,283.7655892820475,398.99141960906235,509.77087345316374,649.2663832993123,918.5758548107979,309.205
SBI Small Cap Fund - Regular Plan - Growth,119598,524,283.8993029096007,398.9345247925198,510.0882283612268,650.2809033352243,920.1990415345485,309.205
SBI Small Cap Fund - Regular Plan - Growth,119598,525,285.10179997561045,399.4087752438524,510.39321318574883,650.1917167215693,922.3364881704762,309.205
SBI Small Cap Fund - Regular Plan - Growth,119598,526,283.83717870489784,398.94813099917764,510.48983367514234,652.2306048204838,922.6926175848463,309.205
SBI Small Cap Fund - Regular Plan - Growth,119598,527,284.59182853859653,399.64655323052455,511.7806681715523,652.59857869657,924.188454702324,309.205
SBI Small Cap Fund - Regular Plan - Growth,119598,528,284.37843114112496,400.02495533155025,512.556157605283,654.457106971945,927.3978934454772,309.205
SBI Small Cap Fund - Regular Plan - Growth,119598,529,285.0584131885327,400.4584950249136,513.2629780917817,655.6815452938542,925.4980742549104,309.205
SBI Small Cap Fund - Regular Plan - Growth,119598,530,285.49406856236857,400.3397275343589,513.0551845257787,656.227669772393,926.7448309562737,309.205
SBI Small Cap Fund - Regular Plan - Growth,119598,531,285.20642488215856,400.55238368714043,513.8660588614472,657.0288632593482,923.7199750387347,309.205
SBI Small Cap Fund - Regular Plan - Growth,119598,532,285.39406070596954,400.70568929055787,515.1444113701806,658.6297411819475,925.9594790139918,309.205
SBI Small Cap Fund - Regular Plan - Growth,119598,533,284.93124160625376,401.1208680134519,514.9712840599311,658.5344672556521,927.3646575071665,309.205
SBI Small Cap Fund - Regular Plan - Growth,119598,534,285.0065061660347,400.7935978449579,515.6158595285392,659.5370703618719,930.9823920695981,309.205
SBI Small Cap Fund - Regular Plan - Growth,119598,535,284.87428588543753,400.8486958291686,516.7628277083624,658.6396269834328,929.8262071246127,309.205
SBI Small Cap Fund - Regular Plan - Growth,119598,536,284.996143809865,401.07058122501013,516.3892055099006,660.5250757922245,929.6297209073081,309.205
SBI Small Cap Fund - Regular Plan - Growth,119598,537,285.5670711822161,401.7762884535166,517.471629641549,661.6554287572576,930.7253051776023,309.205
SBI Small Cap Fund - Regular Plan - Growth,119598,538,285.81460032013894,402.05577131691746,517.8435610935884,662.5091394964095,935.1542386965501,309.205
SBI Small Cap Fund - Regular Plan - Growth,119598,539,285.3287934847058,402.96696107364755,518.6588298347001,662.1872084721892,937.0711877238745,309.205
SBI Small Cap Fund - Regular Plan - Growth,119598,540,286.18047431250307,402.84036299354847,518.7288643239835,665.2145397409637,936.2669669639683,309.205
SBI Small Cap Fund - Regular Plan - Growth,119598,541,286.27282384088255,403.8694179590366,518.8661532880126,665.3074000454253,940.9361423413754,309.205
SBI Small Cap Fund - Regular Plan - Growth,119598,542,285.31491804166797,403.9651680160119,519.8779245898909,666.3344041422631,940.8494862367937,309.205
SBI Small Cap Fund - Regular Plan - Growth,119598,543,285.19342549679357,404.7137765272182,519.9789714063863,665.9244414289037,946.5529963028977,309.205
SBI Small Cap Fund - Regular Plan - Growth,119598,544,285.5305403793908,405.19992937282797,521.0345458795407,665.6888990798391,948.4957464186928,309.205
SBI Small Cap Fund - Regular Plan - Growth,119598,545,286.3461166213731,405.55027143812515,522.0044729795709,667.713322501136,947.7742477715971,309.205
SBI Small Cap Fund - Regular Plan - Growth,119598,546,285.2453745036686,406.04203333986817,522.6366745910555,668.5386004026268,947.1304092168652,309.205
SBI Small Cap Fund - Regular Plan - Growth,119598,547,284.93225892791907,406.115320880026,523.543602851619,668.2639332249269,951.0812156603979,309.205
SBI Small Cap Fund - Regular Plan - Growth,119598,548,284.9092343845664,406.51395889258276,523.5268049359698,667.8142709488001,952.4687909012995,309.205
SBI Small Cap Fund - Regular Plan - Growth,119598,549,286.3361858193534,406.4315637999654,524.2084828299763,667.7551427423783,952.2159932203267,309.205
SBI Small Cap Fund - Regular Plan - Growth,119598,550,286.08134338440965,406.7367356463971,524.6667939913647,669.3494622862382,953.0641360298877,309.205
SBI Small Cap Fund - Regular Plan - Growth,119598,551,286.41592925318986,406.65330056401706,524.7186873914162,669.3755896260295,955.2326819416552,309.205
SBI Small Cap Fund - Regular Plan - Growth,119598,552,286.146037148891,406.7314352219561,525.4871854175387,670.8580092415395,955.8054654465283,309.205
SBI Small Cap Fund - Regular Plan - Growth,119598,553,287.1854946423438,407.57096672781506,525.7281831237442,672.1757597568253,959.1033216977895,309.205
SBI Small Cap Fund - Regular Plan - Growth,119598,554,287.1787691136582,407.8318579419339,525.2012039721671,671.660313845606,960.0775004058221,309.205
SBI Small Cap Fund - Regular Plan - Growth,119598,555,287.00531623062074,408.75552906701216,526.199729769377,673.0043401886726,957.3120855960098,309.205
SBI Small Cap Fund - Regular Plan - Growth,119598,556,287.6874388690314,409.07629815442067,525.7047360863282,673.4289193144739,961.6069786665196,309.205
SBI Small Cap Fund - Regular Plan - Growth,119598,557,288.644543313771,409.59434007765867,526.1513056418676,675.8360055776486,966.9361344750981,309.205
SBI Small Cap Fund - Regular Plan - Growth,119598,558,289.7956655994792,408.7600326585383,527.065249440988,674.6970102451071,967.7499743674258,309.205
SBI Small Cap Fund - Regular Plan - Growth,119598,559,289.6787485284748,409.78002891763333,527.9542244666561,677.4842378733837,969.9943284059882,309.205
SBI Small Cap Fund - Regular Plan - Growth,119598,560,289.0776688896942,410.62471205558643,528.3727705123258,678.6836816303475,969.7854306342654,309.205
SBI Small Cap Fund - Regular Plan - Growth,119598,561,289.27533251174236,410.64633075779153,530.0251610066653,678.2747711522882,971.3443861506466,309.205
SBI Small Cap Fund - Regular Plan - Growth,119598,562,289.58020653313315,411.9937264587521,529.0924608096218,679.3679833711742,975.273095508557,309.205
SBI Small Cap Fund - Regular Plan - Growth,119598,563,290.1122427887496,411.71436462874567,530.1484673816406,680.9034995501477,974.2127133491075,309.205
SBI Small Cap Fund - Regular Plan - Growth,119598,564,289.7982844660535,411.46553094371967,530.4102764373101,680.722172440562,979.4782194040711,309.205
SBI Small Cap Fund - Regular Plan - Growth,119598,565,289.27180329885954,412.32929553017755,531.1971124259678,681.6259796477601,981.3851313112888,309.205
SBI Small Cap Fund - Regular Plan - Growth,119598,566,288.3846165677079,411.9894838624356,531.3726500258258,683.1516746455715,983.6856526876586,309.205
SBI Small Cap Fund - Regular Plan - Growth,119598,567,288.8603612425939,411.0233284862872,532.0866189147941,683.9085008685703,983.294598131371,309.205
SBI Small Cap Fund - Regular Plan - Growth,119598,568,289.6289302653036,411.8515148394159,532.368594106877,685.1424407816547,986.8664069676202,309.205
SBI Small Cap Fund - Regular Plan - Growth,119598,569,289.51929335033714,412.16169368855424,532.8964392086114,686.3004862183972,987.0066284875463,309.205
SBI Small Cap Fund - Regular Plan - Growth,119598,570,289.668621985839,412.40883775958446,533.3248372041224,685.4601544519162,990.8451077414247,309.205
SBI Small Cap Fund - Regular Plan - Growth,119598,571,289.6987381204251,412.8151465681547,534.3245852444293,686.9255468789115,991.6476306347749,309.205
SBI Small Cap Fund - Regular Plan - Growth,119598,572,289.68760907573215,413.1744313913853,534.4536995437381,688.4071155125398,992.7197062804358,309.205
SBI Small Cap Fund - Regular Plan - Growth,119598,573,289.8457233716442,413.62510189628847,534.9342179097243,687.2205444130539,992.0193927894769,309.205
SBI Small Cap Fund - Regular Plan - Growth,119598,574,289.8055155250758,414.00265444109255,536.1435141838817,688.5812191294042,997.41759379471,309.205
SBI Small Cap Fund - Regular Plan - Growth,119598,575,289.7201870864672,414.3322929487381,535.6002041357436,690.1822853198538,1001.046244383755,309.205
SBI Small Cap Fund - Regular Plan - Growth,119598,576,290.54219445320837,414.4769451003334,536.6263733167675,689.442826291637,1001.2656088815523,309.205
SBI Small Cap Fund - Regular Plan - Growth,119598,577,290.3489866386461,414.5601874778242,537.2233029367665,689.8351912073641,1000.9069283162776,309.205
SBI Small Cap Fund - Regular Plan - Growth,119598,578,290.22289882114103,415.49146397833954,537.2055134318086,690.1670599902513,1001.4660986574822,309.205
SBI Small Cap Fund - Regular Plan - Growth,119598,579,290.00061143654113,415.4757020038984,538.0441756065607,692.3815010471881,1002.4938534088067,309.205
SBI Small Cap Fund - Regular Plan - Growth,119598,580,290.4209180464207,415.775275033723,538.2035326088411,693.0617230137475,1006.7635269248033,309.205
SBI Small Cap Fund - Regular Plan - Growth,119598,581,290.88926694435196,416.58510464022714,538.3012967283173,694.7321479055249,1005.5805897844633,309.205
SBI Small Cap Fund - Regular Plan - Growth,119598,582,291.94866315772106,417.53567470999724,540.0571063427169,695.2945927764002,1010.4797994027402,309.205
SBI Small Cap Fund - Regular Plan - Growth,119598,583,291.42712018252683,417.7739654994141,540.3260607902857,697.8367723492426,1009.6556155367113,309.205
SBI Small Cap Fund - Regular Plan - Growth,119598,584,290.82680797183315,417.5430723463716,541.9178739365518,698.2372123273602,1013.858778143875,309.205
SBI Small Cap Fund - Regular Plan - Growth,119598,585,291.00446868008214,417.91708820806195,541.1065535484261,698.3231739348386,1014.6529993650357,309.205
SBI Small Cap Fund - Regular Plan - Growth,119598,586,291.73617841623565,418.1062856146224,542.787150952352,698.4940192714619,1019.2950779509619,309.205
SBI Small Cap Fund - Regular Plan - Growth,119598,587,290.90111085545107,418.7391193576145,543.6597191760955,699.8081100951026,1017.6900781785153,309.205
SBI Small Cap Fund - Regular Plan - Growth,119598,588,291.14370953463253,418.0103077263231,544.050145549834,700.2510560504401,1021.2263988107201,309.205
SBI Small Cap Fund - Regular Plan - Growth,119598,589,291.4814759652919,417.8285999027679,543.9219044028312,702.1495999150262,1019.1476240031261,309.205
SBI Small Cap Fund - Regular Plan - Growth,119598,590,291.758778623008,419.30490539853224,544.9416948402227,703.5409550945828,1018.3319431643386,309.205
SBI Small Cap Fund - Regular Plan - Growth,119598,591,292.184323686192,419.42134773571127,545.8593364520183,703.6095313891983,1022.653319367029,309.205
SBI Small Cap Fund - Regular Plan - Growth,119598,592,290.7938148986467,419.35265078802524,546.2303934330266,703.4306823952601,1021.1902548290005,309.205
SBI Small Cap Fund - Regular Plan - Growth,119598,593,290.7868290129777,419.148329547149,547.3404269769351,705.5411814892983,1024.2442179169232,309.205
SBI Small Cap Fund - Regular Plan - Growth,119598,594,291.93587224748325,418.9547759294133,547.1295867860297,706.3436182840728,1028.7230846518744,309.205
SBI Small Cap Fund - Regular Plan - Growth,119598,595,291.7146932654484,419.22475050237927,547.8097523652577,706.210602207217,1032.1099063700385,309.205
SBI Small Cap Fund - Regular Plan - Growth,119598,596,291.76855326083313,419.7411243776943,547.7493936160936,707.2236147872104,1034.6679324301695,309.205
SBI Small Cap Fund - Regular Plan - Growth,119598,597,292.57262913824314,419.56563337246985,549.6576881594904,708.5251150891082,1039.0750612731779,309.205
SBI Small Cap Fund - Regular Plan - Growth,119598,598,292.3273793424084,420.35772482404985,550.7486837370959,709.4107337930043,1039.0075133556572,309.205
SBI Small Cap Fund - Regular Plan - Growth,119598,599,292.6953897443114,421.0628265173555,549.7998876425804,710.3696997446491,1037.0662205231988,309.205
SBI Small Cap Fund - Regular Plan - Growth,119598,600,292.6321038270692,420.8169853779367,550.3601493268278,712.2777740395013,1038.9058109574216,309.205
SBI Small Cap Fund - Regular Plan - Growth,119598,601,292.23145284404194,422.09733555797317,550.5029468315304,713.0018088244329,1039.142448897681,309.205
SBI Small Cap Fund - Regular Plan - Growth,119598,602,292.4588946055477,421.67003323287315,550.736398692471,714.0513227026208,1044.8736633213239,309.205
SBI Small Cap Fund - Regular Plan - Growth,119598,603,292.5797114490712,422.9861314468049,551.2373111830043,714.6487742761047,1046.8898008880233,309.205
SBI Small Cap Fund - Regular Plan - Growth,119598,604,292.2203970968975,422.3051426277581,551.7083535056106,716.2546844303,1045.756234449974,309.205
SBI Small Cap Fund - Regular Plan - Growth,119598,605,292.85729199877505,422.6538745541451,552.3547851763068,716.9813415683163,1049.6223186983725,309.205
SBI Small Cap Fund - Regular Plan - Growth,119598,606,291.2338524345518,422.45278189986135,552.849369330553,718.4060527745143,1050.9811008093286,309.205
SBI Small Cap Fund - Regular Plan - Growth,119598,607,292.5685015977527,423.32452880208564,553.5581013547894,719.4729986373263,1048.6744091569408,309.205
SBI Small Cap Fund - Regular Plan - Growth,119598,608,292.6783332553082,422.73305602028336,554.3626827835543,718.8011236048646,1050.3185400798156,309.205
SBI Small Cap Fund - Regular Plan - Growth,119598,609,292.9569034429349,423.3711447896586,554.5360647183284,719.9573931854571,1049.253594317275,309.205
SBI Small Cap Fund - Regular Plan - Growth,119598,610,293.7571224245423,424.93040774946303,555.0475418122583,718.8241456294168,1050.0444010324047,309.205
SBI Small Cap Fund - Regular Plan - Growth,119598,611,293.1434950458288,424.78056505536824,556.1453297190722,721.0721798149345,1051.916882035323,309.205
SBI Small Cap Fund - Regular Plan - Growth,119598,612,295.24490843375247,424.1992382698372,556.9183422357074,722.0083922867068,1056.1254104217423,309.205
SBI Small Cap Fund - Regular Plan - Growth,119598,613,294.7505699195476,425.8881562376407,558.4067763810725,723.240099032511,1055.4274643765687,309.205
SBI Small Cap Fund - Regular Plan - Growth,119598,614,295.0206543006962,425.8782064742634,557.9411185466408,722.6692936414778,1055.480585275939,309.205
SBI Small Cap Fund - Regular Plan - Growth,119598,615,295.39329855087135,425.465630727968,557.322099933064,723.6949040078233,1061.9259958090793,309.205
SBI Small Cap Fund - Regular Plan - Growth,119598,616,295.45981371104733,426.3929680925436,558.3470019324654,725.7495364697394,1059.21558614169,309.205
SBI Small Cap Fund - Regular Plan - Growth,119598,617,295.40695547560813,427.42394464511005,559.1418581232894,726.3630574783231,1060.492916589561,309.205
SBI Small Cap Fund - Regular Plan - Growth,119598,618,295.2162622400021,427.3005216459275,559.9270123207575,727.9128650078233,1062.0744968976237,309.205
SBI Small Cap Fund - Regular Plan - Growth,119598,619,295.24670582550664,427.51165934471896,561.2917108931913,729.339432502421,1063.4629535342485,309.205
SBI Small Cap Fund - Regular Plan - Growth,119598,620,296.14975307224415,427.8367195277308,560.3945992655221,732.0594412765465,1061.5544893441959,309.205
SBI Small Cap Fund - Regular Plan - Growth,119598,621,295.198868577805,428.1678982787079,562.004376665894,731.5641876621463,1063.3616755200076,309.205
SBI Small Cap Fund - Regular Plan - Growth,119598,622,296.6627400140829,427.727148338515,562.1790188001075,732.5279372110813,1068.0338377599728,309.205
SBI Small Cap Fund - Regular Plan - Growth,119598,623,296.82475786385993,427.99150948634303,561.3710488115325,732.9133736076762,1068.435446062915,309.205
SBI Small Cap Fund - Regular Plan - Growth,119598,624,296.97113264415407,429.0976284207901,561.8059426651297,734.3469944602514,1071.2372153275273,309.205
SBI Small Cap Fund - Regular Plan - Growth,119598,625,297.0944757355788,429.24060087010747,563.3060359014482,735.1261558965737,1075.3413757750488,309.205
SBI Small Cap Fund - Regular Plan - Growth,119598,626,296.449477761001,430.128184303378,562.9402185354115,735.3993751423177,1078.1741800402037,309.205
SBI Small Cap Fund - Regular Plan - Growth,119598,627,295.62888639284034,430.2653310753269,563.4167975282476,734.9527229453319,1078.931784124473,309.205
SBI Small Cap Fund - Regular Plan - Growth,119598,628,296.48092303374733,430.30868530028783,564.1441626696188,735.2462892296126,1079.0816886538512,309.205
SBI Small Cap Fund - Regular Plan - Growth,119598,629,296.42379133172597,430.6333839764088,563.6276040293078,737.017205780634,1079.7404867978032,309.205
SBI Small Cap Fund - Regular Plan - Growth,119598,630,296.60163683973775,430.4995163329971,564.4274625220017,737.0248983762234,1084.6355950211394,309.205
SBI Small Cap Fund - Regular Plan - Growth,119598,631,296.4042346347542,431.04784745524586,564.3524941070318,737.9511099216163,1086.7969234029922,309.205
SBI Small Cap Fund - Regular Plan - Growth,119598,632,296.7279871194149,432.24512233564826,565.2317156469937,736.8493661119213,1085.3279082891056,309.205
SBI Small Cap Fund - Regular Plan - Growth,119598,633,296.9425433063504,432.6037465987586,566.8466450368255,738.8154616585082,1086.8561914790953,309.205
SBI Small Cap Fund - Regular Plan - Growth,119598,634,296.6914383493124,432.9727497874798,566.3188334665538,740.2318382264027,1088.794966251688,309.205
SBI Small Cap Fund - Regular Plan - Growth,119598,635,297.8317820198942,433.12371987600784,566.8986462714877,740.634083486252,1090.0768908913396,309.205
SBI Small Cap Fund - Regular Plan - Growth,119598,636,298.3358911670571,434.0006072194039,567.4057129086048,740.8305740822657,1094.433263285561,309.205
SBI Small Cap Fund - Regular Plan - Growth,119598,637,298.02309615323526,433.63139185480907,568.6864815531003,742.6949899716074,1095.2287527231513,309.205
SBI Small Cap Fund - Regular Plan - Growth,119598,638,298.4586039035005,433.34044207883323,569.5905163263003,744.222599449987,1098.6815580666905,309.205
SBI Small Cap Fund - Regular Plan - Growth,119598,639,299.11594830206167,433.68224791006423,570.3360023693572,743.3076508140258,1099.8085480883258,309.205
SBI Small Cap Fund - Regular Plan - Growth,119598,640,298.8821401129459,434.1810338096826,570.4865999109145,744.862710670768,1102.0865733107955,309.205
SBI Small Cap Fund - Regular Plan - Growth,119598,641,299.1594541086974,434.9908280971432,571.0271572729223,744.759010189973,1101.6282797826902,309.205
SBI Small Cap Fund - Regular Plan - Growth,119598,642,298.6000128223213,434.8130883659145,572.4808326359162,746.2726346766505,1102.1679279515588,309.205
SBI Small Cap Fund - Regular Plan - Growth,119598,643,299.80909902983495,435.9114068026592,572.8895141724845,748.7973213790881,1099.6680293272552,309.205
SBI Small Cap Fund - Regular Plan - Growth,119598,644,299.6552687397563,435.35726387017803,573.7511454005801,749.3345485363858,1103.328098781536,309.205
SBI Small Cap Fund - Regular Plan - Growth,119598,645,299.9533497800803,435.1913961371704,574.8511591531324,749.4827059888257,1104.5422585974716,309.205
SBI Small Cap Fund - Regular Plan - Growth,119598,646,301.1286869546067,437.40930925960527,574.6018621817485,749.6434902271848,1107.1634468270483,309.205
SBI Small Cap Fund - Regular Plan - Growth,119598,647,301.1677830601405,436.8432110478343,575.102710840594,751.1377364895534,1107.4434646444865,309.205
SBI Small Cap Fund - Regular Plan - Growth,119598,648,300.0744629636113,437.46247402530025,575.0673226347662,750.5601814949882,1106.3635929479651,309.205
SBI Small Cap Fund - Regular Plan - Growth,119598,649,300.2960892571808,437.5809706105447,575.571449518372,752.5949807892064,1107.8642361786788,309.205
SBI Small Cap Fund - Regular Plan - Growth,119598,650,300.27109162286155,437.6109961171052,575.4327272526732,751.1707295799689,1109.362818139581,309.205
SBI Small Cap Fund - Regular Plan - Growth,119598,651,298.82518607031204,437.4182629644263,576.1896943020758,752.2713460796888,1112.2960022458565,309.205
SBI Small Cap Fund - Regular Plan - Growth,119598,652,299.0215240482652,438.20851089964907,576.7092076686645,754.8325741580364,1113.4311447087084,309.205
SBI Small Cap Fund - Regular Plan - Growth,119598,653,299.44657861028315,438.5937820866278,578.0075213362203,755.3172052576782,1117.3402895896786,309.205
SBI Small Cap Fund - Regular Plan - Growth,119598,654,299.41137749847866,439.26731655057574,578.275251781889,756.2378893170139,1117.0906050289586,309.205
SBI Small Cap Fund - Regular Plan - Growth,119598,655,299.0896623572986,439.2782086851156,579.8617242991075,759.2490703301786,1121.4630536800103,309.205
SBI Small Cap Fund - Regular Plan - Growth,119598,656,299.4181948942606,440.0224911061023,580.2313925850262,759.4196841658858,1118.0963130604998,309.205
SBI Small Cap Fund - Regular Plan - Growth,119598,657,299.8475181206992,440.4102234467122,580.4026587694754,760.516048577582,1119.2529084407106,309.205
SBI Small Cap Fund - Regular Plan - Growth,119598,658,299.65457610495736,441.4388695053266,581.6432261424318,762.5964126525353,1125.977779960901,309.205
SBI Small Cap Fund - Regular Plan - Growth,119598,659,299.9260851746338,441.8734662252807,580.6749976532326,762.6566832747843,1127.369803784763,309.205
SBI Small Cap Fund - Regular Plan - Growth,119598,660,299.25770436818914,442.3009328176354,581.7249326910523,762.9948904206345,1128.1077272271577,309.205
SBI Small Cap Fund - Regular Plan - Growth,119598,661,299.8153020907408,442.8659589251381,582.3786146792061,764.9025064606744,1130.5133917142994,309.205
SBI Small Cap Fund - Regular Plan - Growth,119598,662,300.88451274315884,443.6834105948128,582.1675800487949,765.4602825570105,1132.1739286604209,309.205
SBI Small Cap Fund - Regular Plan - Growth,119598,663,300.54544703087106,444.4582688865339,582.4577840266513,765.3451256211481,1136.7536223031416,309.205
SBI Small Cap Fund - Regular Plan - Growth,119598,664,301.5883804538066,443.56462715766617,582.4695346247397,766.5588224931618,1133.1278519917346,309.205
SBI Small Cap Fund - Regular Plan - Growth,119598,665,301.3467959330704,444.5115830764826,584.9058892717542,769.1522600649246,1135.0914286618902,309.205
SBI Small Cap Fund - Regular Plan - Growth,119598,666,301.33870378212924,444.49467068999206,585.0949669863548,770.1547497011358,1137.275488712568,309.205
SBI Small Cap Fund - Regular Plan - Growth,119598,667,301.2304099646924,444.3864079699554,585.3390705220081,772.9486568992238,1137.5391567885717,309.205
SBI Small Cap Fund - Regular Plan - Growth,119598,668,301.5900718238048,445.67528636330593,585.7581630945397,773.2927542875163,1142.0776488400768,309.205
SBI Small Cap Fund - Regular Plan - Growth,119598,669,301.876926848628,445.1436558473166,586.429919233689,774.8854622206782,1144.2562060244525,309.205
SBI Small Cap Fund - Regular Plan - Growth,119598,670,301.27579677165636,445.9370183863434,586.2410377803049,775.3264605636089,1149.5043788710618,309.205
SBI Small Cap Fund - Regular Plan - Growth,119598,671,302.6348216649605,446.02458620946175,585.9611994386992,775.5669967399084,1152.5987459136586,309.205
SBI Small Cap Fund - Regular Plan - Growth,119598,672,302.59367079543375,446.8532151185637,587.9415518496033,776.0195674004577,1151.708194915628,309.205
SBI Small Cap Fund - Regular Plan - Growth,119598,673,301.80840710556174,446.8960047993276,588.3755410488751,777.8353870065959,1150.710502736566,309.205
SBI Small Cap Fund - Regular Plan - Growth,119598,674,302.4584351677178,447.88571006739323,589.4404075699949,779.6727397139439,1156.736013256264,309.205
SBI Small Cap Fund - Regular Plan - Growth,119598,675,302.03876734411665,446.6753267202557,589.0376337544903,781.2433303979079,1157.9537351673375,309.205
SBI Small Cap Fund - Regular Plan - Growth,119598,676,302.58416892962833,446.9213338724548,590.2104972760968,779.5480880632509,1159.7752450544153,309.205
SBI Small Cap Fund - Regular Plan - Growth,119598,677,300.9649968526064,447.7829104348332,590.1742121282696,780.4029942418961,1161.0054918225144,309.205
SBI Small Cap Fund - Regular Plan - Growth,119598,678,302.1413915608004,447.777896955176,590.353279429801,780.6103987426413,1157.4489398912929,309.205
SBI Small Cap Fund - Regular Plan - Growth,119598,679,302.77118913970077,448.7774876779541,592.2576143424245,784.0022821840737,1157.3892695177435,309.205
SBI Small Cap Fund - Regular Plan - Growth,119598,680,302.97519464580006,449.48209527840186,591.6173082133319,784.6032515673462,1158.2183098610178,309.205
SBI Small Cap Fund - Regular Plan - Growth,119598,681,302.1479462703819,449.85275515203716,592.5672835405289,784.4456878708943,1162.7845209480827,309.205
SBI Small Cap Fund - Regular Plan - Growth,119598,682,302.9365975251043,449.17636072675026,592.4424111569573,785.2308732520946,1164.9644318229045,309.205
SBI Small Cap Fund - Regular Plan - Growth,119598,683,303.84661818028,449.53620047050936,594.0425184385861,784.796064886356,1163.172742983133,309.205
SBI Small Cap Fund - Regular Plan - Growth,119598,684,302.74741961912605,449.88746330671466,595.0533777017679,785.9548305083977,1166.1799578728562,309.205
SBI Small Cap Fund - Regular Plan - Growth,119598,685,303.5818612509864,449.87868646585525,596.4353277627392,787.951465700187,1169.1387162749184,309.205
SBI Small Cap Fund - Regular Plan - Growth,119598,686,303.4214877891605,450.1329508340379,597.5853676945495,788.0523582523615,1172.5183680843306,309.205
SBI Small Cap Fund - Regular Plan - Growth,119598,687,303.4918599388491,451.3346371025078,597.410741150454,789.0967370168217,1176.5184007814566,309.205
SBI Small Cap Fund - Regular Plan - Growth,119598,688,305.2959022633421,451.22149939810987,596.7849240465471,789.691082681815,1182.3960968054334,309.205
SBI Small Cap Fund - Regular Plan - Growth,119598,689,305.65727263244804,451.81021576203204,598.2584813901267,790.8660370657155,1182.417728232364,309.205
SBI Small Cap Fund - Regular Plan - Growth,119598,690,305.85058331329213,452.3355251332149,598.5498750045035,793.404894117697,1182.743858300738,309.205
SBI Small Cap Fund - Regular Plan - Growth,119598,691,306.69214132865426,451.617255753802,599.486781565337,793.7632457553568,1184.790848794774,309.205
SBI Small Cap Fund - Regular Plan - Growth,119598,692,306.09090999784485,452.3045645212904,600.4717866535357,794.2666552911171,1182.9719976956565,309.205
SBI Small Cap Fund - Regular Plan - Growth,119598,693,305.7009398883846,451.0848355430754,600.438194657714,795.6594056702581,1187.7295328841417,309.205
SBI Small Cap Fund - Regular Plan - Growth,119598,694,304.90452048398356,452.19949184090194,599.749251523046,795.7683701435469,1188.7704584822875,309.205
SBI Small Cap Fund - Regular Plan - Growth,119598,695,304.66335625857977,452.8357339364478,600.5486840903279,796.6582372423503,1194.2782524172444,309.205
SBI Small Cap Fund - Regular Plan - Growth,119598,696,305.6546842628767,454.5916066793872,601.6258698275021,798.3893196825094,1191.566057382274,309.205
SBI Small Cap Fund - Regular Plan - Growth,119598,697,305.68140109020356,455.0032308923289,602.0147981877951,799.8429023034957,1192.005563286671,309.205
SBI Small Cap Fund - Regular Plan - Growth,119598,698,306.2592736661215,455.1841229858754,603.339048910944,802.017304536585,1192.6201478827265,309.205
SBI Small Cap Fund - Regular Plan - Growth,119598,699,307.12225187486735,456.2661246558888,603.7085367244869,802.1297517122995,1196.413331551696,309.205
SBI Small Cap Fund - Regular Plan - Growth,119598,700,306.60161595473716,456.672194698785,603.8043149602784,803.1131334630522,1193.923545457246,309.205
SBI Small Cap Fund - Regular Plan - Growth,119598,701,306.1931265883267,455.87951610262814,603.4535271808388,804.2274673332723,1194.3214228546803,309.205
SBI Small Cap Fund - Regular Plan - Growth,119598,702,306.82217913363723,457.40273189297295,604.0259146294584,804.019859604255,1201.8199177513789,309.205
SBI Small Cap Fund - Regular Plan - Growth,119598,703,307.31423321454747,457.20840682345874,606.2955209538534,804.4014237779462,1201.1300418663054,309.205
SBI Small Cap Fund - Regular Plan - Growth,119598,704,308.25826673561784,457.68366195631506,606.5199807379704,804.6380384076608,1203.1475244253834,309.205
SBI Small Cap Fund - Regular Plan - Growth,119598,705,307.84887748462495,458.05894386007793,606.7225778477824,805.4724291280048,1207.7646143752047,309.205
SBI Small Cap Fund - Regular Plan - Growth,119598,706,306.9533549901478,458.2039179887347,607.6688354141054,807.3739180119117,1208.7203691397283,309.205
SBI Small Cap Fund - Regular Plan - Growth,119598,707,307.41279678961837,458.2830282509815,607.8512988343643,807.2841095644596,1206.8122191109214,309.205
SBI Small Cap Fund - Regular Plan - Growth,119598,708,306.7818276105733,458.07059969097423,607.9691851890437,807.7625540696457,1211.6518746428173,309.205
SBI Small Cap Fund - Regular Plan - Growth,119598,709,306.5892376294529,458.6304558118684,608.9808060327632,809.6730513725549,1212.2889456882153,309.205
SBI Small Cap Fund - Regular Plan - Growth,119598,710,306.3309403112447,458.0858411216517,608.2802378293238,810.3040363646084,1216.9971691805604,309.205
SBI Small Cap Fund - Regular Plan - Growth,119598,711,307.8730483019293,458.42213399646624,610.3794526516515,809.2673021709479,1216.0532698112913,309.205
SBI Small Cap Fund - Regular Plan - Growth,119598,712,305.90885147555724,458.3713063551879,610.7568288965297,810.7574865233263,1220.524857077925,309.205
SBI Small Cap Fund - Regular Plan - Growth,119598,713,306.0993818871702,459.19997901154096,610.121819527792,811.726197724043,1220.8360093950475,309.205
SBI Small Cap Fund - Regular Plan - Growth,119598,714,306.56680071226725,459.6521275449297,611.5495525347428,812.7007127013031,1222.194742394942,309.205
SBI Small Cap Fund - Regular Plan - Growth,119598,715,307.05972757483966,460.0089330104964,611.8303279953327,813.0451604394009,1221.8976480689353,309.205
SBI Small Cap Fund - Regular Plan - Growth,119598,716,308.02158372204104,460.96906834244913,612.2116209881497,813.7130346341564,1224.265259595425,309.205
SBI Small Cap Fund - Regular Plan - Growth,119598,717,308.2823659310923,460.96623739648965,613.6338147128341,815.2076173797163,1222.279463946912,309.205
SBI Small Cap Fund - Regular Plan - Growth,119598,718,307.7776591447407,460.7354463214398,613.9680436677231,816.0274341808087,1227.641223492865,309.205
SBI Small Cap Fund - Regular Plan - Growth,119598,719,308.4649953564929,461.50280133123084,614.4529363777019,816.9115783908513,1229.8199554714654,309.205
SBI Small Cap Fund - Regular Plan - Growth,119598,720,307.4659559385526,461.74424423015955,615.0771020065608,816.6893444445668,1233.140832535378,309.205
SBI Small Cap Fund - Regular Plan - Growth,119598,721,308.1529754624272,462.24446383098757,616.1291857827381,818.0328354991569,1231.6832037314575,309.205
SBI Small Cap Fund - Regular Plan - Growth,119598,722,309.12971111403635,462.6222642653861,615.9516516819912,820.3854840696135,1234.5292649614464,309.205
SBI Small Cap Fund - Regular Plan - Growth,119598,723,309.2445718000363,462.1542077454012,616.2748349296473,821.0497300598953,1236.1686874218183,309.205
SBI Small Cap Fund - Regular Plan - Growth,119598,724,308.7764460803503,462.3451983975494,616.9828159245045,824.2018356130586,1240.8145338678203,309.205
SBI Small Cap Fund - Regular Plan - Growth,119598,725,308.4506578411131,464.70084315335447,616.6523400881094,825.1588276314387,1239.3354648742236,309.205
SBI Small Cap Fund - Regular Plan - Growth,119598,726,310.0770764055189,464.20495071199286,616.9719581334675,825.85212941471,1238.4589399076062,309.205
SBI Small Cap Fund - Regular Plan - Growth,119598,727,309.2864002199839,464.3477642511882,620.205016648765,827.679923029788,1239.6322468636479,309.205
SBI Small Cap Fund - Regular Plan - Growth,119598,728,310.27850817039115,464.78218152714027,621.1786468245035,828.4978099373051,1244.1524457325515,309.205
SBI Small Cap Fund - Regular Plan - Growth,119598,729,310.65009652619494,464.22188012463465,621.7323155159552,827.9772979757639,1245.7054908687508,309.205
SBI Small Cap Fund - Regular Plan - Growth,119598,730,310.67498701326554,464.80849552987684,623.0882918822692,828.5767127524888,1250.7184824067365,309.205
SBI Small Cap Fund - Regular Plan - Growth,119598,731,310.9593238376756,464.9589780204683,623.0784158378777,830.8759352417138,1252.172190676772,309.205
SBI Small Cap Fund - Regular Plan - Growth,119598,732,311.37876584851574,465.58227251348956,624.2377856646488,832.5012459938519,1254.9650719616284,309.205
SBI Small Cap Fund - Regular Plan - Growth,119598,733,312.28534319218693,465.58882008973046,625.1348730962462,832.3465177760969,1256.0735704454344,309.205
SBI Small Cap Fund - Regular Plan - Growth,119598,734,312.04115179609664,466.942480422342,624.0679531827702,831.6682800372708,1259.7042438103842,309.205
SBI Small Cap Fund - Regular Plan - Growth,119598,735,312.4489067216869,466.386578100472,624.4429629733131,835.5410117545988,1264.0046121292257,309.205
SBI Small Cap Fund - Regular Plan - Growth,119598,736,313.68160807169244,466.95024443961967,625.4782319400734,835.4887207203419,1266.7342438478595,309.205
SBI Small Cap Fund - Regular Plan - Growth,119598,737,312.7513234561147,467.4461849092749,625.6718746653644,837.4863289716407,1267.2127924982958,309.205
SBI Small Cap Fund - Regular Plan - Growth,119598,738,312.93150260585065,467.47783153586266,625.235033735139,837.1398358401228,1273.8624658846156,309.205
SBI Small Cap Fund - Regular Plan - Growth,119598,739,312.4104173914583,467.39366996763704,625.3686205439976,838.4864924029722,1275.8631673090788,309.205
SBI Small Cap Fund - Regular Plan - Growth,119598,740,314.5171811418337,469.2321215135759,626.8667160375414,839.3384135051394,1268.5265240791753,309.205
SBI Small Cap Fund - Regular Plan - Growth,119598,741,314.51788734933103,469.21160588058103,627.9639777681266,840.380273917864,1271.7783346928566,309.205
SBI Small Cap Fund - Regular Plan - Growth,119598,742,314.2145790606061,469.78884098282543,628.5009898281708,841.4736662792441,1274.9003132897399,309.205
SBI Small Cap Fund - Regular Plan - Growth,119598,743,313.53340407450474,469.6401942001701,629.2885568149864,842.6603796551559,1282.9364918527826,309.205
SBI Small Cap Fund - Regular Plan - Growth,119598,744,314.80227978241504,469.09659477768037,630.0355467078922,843.2701923802784,1277.7553368576328,309.205
SBI Small Cap Fund - Regular Plan - Growth,119598,745,313.7975095058606,469.00382014176,629.6198101851408,845.9213008666803,1280.6264611094452,309.205
SBI Small Cap Fund - Regular Plan - Growth,119598,746,313.5307125077777,469.9217706692671,630.4097570475094,845.9373504236996,1282.417545215337,309.205
SBI Small Cap Fund - Regular Plan - Growth,119598,747,313.1894460697733,470.5136097491619,632.046009335078,844.3891379568335,1288.7294623175685,309.205
SBI Small Cap Fund - Regular Plan - Growth,119598,748,314.0724829106907,470.36422381401906,633.3713205540399,847.2965866567223,1286.1989906726187,309.205
SBI Small Cap Fund - Regular Plan - Growth,119598,749,313.71698050556444,470.3399299311284,634.5637056268719,848.6191993901681,1290.07747456188,309.205
SBI Small Cap Fund - Regular Plan - Growth,119598,750,314.4804323670749,469.75682082150917,634.9821291673193,850.1466024120673,1290.2483770177464,309.205
SBI Small Cap Fund - Regular Plan - Growth,119598,751,314.69187848784895,470.4351093554479,635.8703692233678,849.9734679944725,1293.2612484068761,309.205
SBI Small Cap Fund - Regular Plan - Growth,119598,752,313.8879423959917,471.50104905000023,636.6619711058397,851.6816198398093,1297.0165164308135,309.205
SBI Small Cap Fund - Regular Plan - Growth,119598,753,314.2030988046353,471.54175492302073,636.7615729711168,852.2711428321411,1299.1786837292866,309.205
SBI Small Cap Fund - Regular Plan - Growth,119598,754,314.5181615602372,472.5207115076539,636.2369264615552,851.9980479984322,1299.1594573090003,309.205
SBI Small Cap Fund - Regular Plan - Growth,119598,755,315.53241717482564,472.8546252216808,636.6305332183697,854.416235770562,1304.195406927159,309.205
SBI Small Cap Fund - Regular Plan - Growth,119598,756,314.9687267660558,473.93321290119553,636.0457105153409,854.7518641741287,1310.4613589048863,309.205
SBI Small Cap Fund - Regular Plan - Growth,119598,757,315.4368980949574,474.25552887135717,636.9596543834718,856.154393408179,1310.9641600847988,309.205
SBI Small Cap Fund - Regular Plan - Growth,119598,758,314.87300764815205,474.353132663667,637.6990334742818,856.0282024600561,1313.7403829857594,309.205
SBI Small Cap Fund - Regular Plan - Growth,119598,759,315.4600336298359,474.282871046012,638.2268935468355,857.3872843294782,1315.952225824252,309.205
SBI Small Cap Fund - Regular Plan - Growth,119598,760,314.6892954123209,474.9033381678697,638.2418285767061,857.8850044059368,1315.8096718749207,309.205
SBI Small Cap Fund - Regular Plan - Growth,119598,761,314.45843464801555,475.0754316909595,639.5051192127189,858.9167320395069,1319.7254736245193,309.205
SBI Small Cap Fund - Regular Plan - Growth,119598,762,315.43020827045393,475.83090971552053,640.501494106222,860.417140063997,1318.6895222013752,309.205
SBI Small Cap Fund - Regular Plan - Growth,119598,763,316.287554148196,475.73689241571805,641.0703190552692,862.6726056505169,1321.5602234868013,309.205
SBI Small Cap Fund - Regular Plan - Growth,119598,764,316.52667780406296,476.4599226173258,642.1571143346545,865.0168637690646,1324.304911529534,309.205
SBI Small Cap Fund - Regular Plan - Growth,119598,765,316.4462218650782,477.38153711798407,641.0629261911406,865.3174214571478,1330.2728558595736,309.205
SBI Small Cap Fund - Regular Plan - Growth,119598,766,315.9342733900914,477.3858278060445,643.4303593578594,866.8030997077321,1329.7399481584391,309.205
SBI Small Cap Fund - Regular Plan - Growth,119598,767,315.56983676307135,478.2741874615081,643.9085232913149,868.154367499785,1329.0906851880868,309.205
SBI Small Cap Fund - Regular Plan - Growth,119598,768,315.50178693627794,478.51610918066274,642.4707243091018,868.2061955863812,1333.1744091393607,309.205
SBI Small Cap Fund - Regular Plan - Growth,119598,769,315.68044668896937,480.0669816188804,643.8123764280456,871.0779134358756,1334.9482253262747,309.205
SBI Small Cap Fund - Regular Plan - Growth,119598,770,316.0570219276879,479.7610935680723,645.2381098220712,872.3554636963872,1339.1554724591858,309.205
SBI Small Cap Fund - Regular Plan - Growth,119598,771,315.4496186888759,480.235911991815,644.5157822123715,873.8873661426896,1340.035696017762,309.205
SBI Small Cap Fund - Regular Plan - Growth,119598,772,316.8404357712512,480.2123413360462,644.3863523761006,875.4214539025418,1339.2184331760063,309.205
SBI Small Cap Fund - Regular Plan - Growth,119598,773,316.97521778457514,480.3871087266639,644.8074779937774,874.669790026358,1348.6118291316038,309.205
SBI Small Cap Fund - Regular Plan - Growth,119598,774,316.9283692626635,480.3529588160835,645.9663377070538,875.0920448408904,1347.1797889077382,309.205
SBI Small Cap Fund - Regular Plan - Growth,119598,775,318.50757375030946,480.286659688123,646.7011482333797,876.3564645719482,1347.0538551159045,309.205
SBI Small Cap Fund - Regular Plan - Growth,119598,776,318.74431389270944,480.5067658568724,646.9920596113184,877.4200697340223,1349.8327129200432,309.205
SBI Small Cap Fund - Regular Plan - Growth,119598,777,316.5074034759284,481.8103742198629,647.1098415183942,879.1221660156722,1350.1994752595333,309.205
SBI Small Cap Fund - Regular Plan - Growth,119598,778,318.54964530951975,481.680057999446,647.3542163275096,879.3444338845661,1351.831214879851,309.205
SBI Small Cap Fund - Regular Plan - Growth,119598,779,318.6656827974947,482.7832867611667,649.3487938763953,879.4643537716795,1350.7658172032416,309.205
SBI Small Cap Fund - Regular Plan - Growth,119598,780,319.45885569572584,482.67528700884554,649.5536189967875,879.5681452984785,1354.005571028477,309.205
SBI Small Cap Fund - Regular Plan - Growth,119598,781,319.9496016244466,483.92783644622426,650.916828385776,880.3115583259946,1354.1303771462656,309.205
SBI Small Cap Fund - Regular Plan - Growth,119598,782,320.5004808893194,484.466847156454,649.1442646470807,879.9923139883247,1353.0735993282663,309.205
SBI Small Cap Fund - Regular Plan - Growth,119598,783,319.38072363971946,484.3545451194444,650.1599254968,880.4495263258699,1357.7800959148055,309.205
SBI Small Cap Fund - Regular Plan - Growth,119598,784,319.6316782700612,484.6137232679902,650.9868296310401,882.3669567518937,1360.0922580937095,309.205
SBI Small Cap Fund - Regular Plan - Growth,119598,785,320.1338512002597,485.65568526917696,651.7063915532314,882.3934639482161,1360.6306168199858,309.205
SBI Small Cap Fund - Regular Plan - Growth,119598,786,321.5494462092869,484.29553389041115,652.8523941187175,882.1112980340281,1361.5458142165833,309.205
SBI Small Cap Fund - Regular Plan - Growth,119598,787,320.9065857548111,485.46602735557906,654.4731273634903,884.1803045621418,1366.839571683367,309.205
SBI Small Cap Fund - Regular Plan - Growth,119598,788,321.0137302336094,485.2810653648356,654.227063048505,886.2207994752995,1369.5557359334427,309.205
SBI Small Cap Fund - Regular Plan - Growth,119598,789,320.75395023223774,485.0975502129263,655.6076683200095,886.7684907304032,1369.3458071414282,309.205
SBI Small Cap Fund - Regular Plan - Growth,119598,790,320.9292438990545,486.00998006215025,656.1969459596023,887.9280798321817,1370.391091769231,309.205
SBI Small Cap Fund - Regular Plan - Growth,119598,791,319.5332200650191,486.8547386382632,656.8197070377748,887.3634290254464,1370.7444098053047,309.205
SBI Small Cap Fund - Regular Plan - Growth,119598,792,319.50785422801306,486.9952116519548,658.2735226569438,889.0511069710881,1373.2143759617798,309.205
SBI Small Cap Fund - Regular Plan - Growth,119598,793,320.6502765109783,487.0404100774649,658.6528777698486,889.7267392487124,1375.4894162149697,309.205
SBI Small Cap Fund - Regular Plan - Growth,119598,794,319.17056691435823,485.91648747557116,657.9239515936939,890.8539866762118,1375.2885999724272,309.205
SBI Small Cap Fund - Regular Plan - Growth,119598,795,319.67147360024023,487.21596953438984,659.2764697239036,891.5966371422124,1375.865366717668,309.205
SBI Small Cap Fund - Regular Plan - Growth,119598,796,319.73334973218715,487.2389729931589,659.4102585130931,894.1364281400694,1381.4968734894046,309.205
SBI Small Cap Fund - Regular Plan - Growth,119598,797,320.03312051674453,488.3625437981644,661.5216767944671,895.6466833320073,1384.9722062078904,309.205
SBI Small Cap Fund - Regular Plan - Growth,119598,798,320.0670543214885,489.358106454213,662.1245118457609,894.3138065384962,1384.6855291726652,309.205
SBI Small Cap Fund - Regular Plan - Growth,119598,799,319.8460507943051,488.9189459301176,661.3023032188701,895.2363437224681,1386.675439919864,309.205
SBI Small Cap Fund - Regular Plan - Growth,119598,800,321.02906647241593,490.0648402671893,661.938045723071,897.2739439361123,1393.0741351871845,309.205
SBI Small Cap Fund - Regular Plan - Growth,119598,801,321.59477247182065,489.6721790357034,662.6117384012225,896.5184759997393,1396.4366374617696,309.205
SBI Small Cap Fund - Regular Plan - Growth,119598,802,320.92238976529023,489.15391217427424,661.8826527103132,899.5131768830545,1397.7909007034275,309.205
SBI Small Cap Fund - Regular Plan - Growth,119598,803,321.8165124313088,490.1009905844538,663.9184035889351,901.5398402293605,1393.9209759504997,309.205
SBI Small Cap Fund - Regular Plan - Growth,119598,804,322.1023239792643,490.9371035459174,663.3608085505665,903.9483721757706,1398.0386793820853,309.205
SBI Small Cap Fund - Regular Plan - Growth,119598,805,321.9221938675103,491.38835647669515,664.7514494796726,904.2785443701003,1398.0492027650914,309.205
SBI Small Cap Fund - Regular Plan - Growth,119598,806,321.7374467369517,492.5618002436124,664.4915517270341,902.6952190970605,1396.8158731755855,309.205
SBI Small Cap Fund - Regular Plan - Growth,119598,807,321.70748268004195,492.20586551549457,664.6196851550606,903.8546156763205,1399.3150991496686,309.205
SBI Small Cap Fund - Regular Plan - Growth,119598,808,321.66013794934435,492.47473398514524,665.473112669757,904.9854392651613,1405.6589688565718,309.205
SBI Small Cap Fund - Regular Plan - Growth,119598,809,321.9645775163724,492.2839627387611,666.2063613960319,903.5302912365714,1408.0466218589975,309.205
SBI Small Cap Fund - Regular Plan - Growth,119598,810,321.46488992049296,490.79460603864186,666.2185903172626,906.8896688474865,1409.1407682813642,309.205
SBI Small Cap Fund - Regular Plan - Growth,119598,811,322.3747078738031,491.3482435809627,668.1524978997925,908.1086499221994,1408.8401793374098,309.205
SBI Small Cap Fund - Regular Plan - Growth,119598,812,322.46020318505265,491.7358533366822,668.7254218384655,908.8221970211578,1413.4212153706717,309.205
SBI Small Cap Fund - Regular Plan - Growth,119598,813,321.9029422903629,492.93831474605395,669.1405011254667,911.6724760719636,1413.988051569215,309.205
SBI Small Cap Fund - Regular Plan - Growth,119598,814,321.86007728856873,493.2397933996158,669.3038715813054,911.5702157313427,1417.196398857937,309.205
SBI Small Cap Fund - Regular Plan - Growth,119598,815,322.2939433054751,493.70971192707225,669.4538050199772,911.3849581844155,1423.6043546120275,309.205
SBI Small Cap Fund - Regular Plan - Growth,119598,816,322.406559835112,492.9892238994948,670.5253530182115,912.7764960009866,1426.4287571900775,309.205
SBI Small Cap Fund - Regular Plan - Growth,119598,817,321.79495763415736,493.53063196376155,671.3238457520348,913.8789130869902,1429.7813410502329,309.205
SBI Small Cap Fund - Regular Plan - Growth,119598,818,321.7384820517044,493.20775785814953,672.8027541834649,914.835468805941,1428.9026161152583,309.205
SBI Small Cap Fund - Regular Plan - Growth,119598,819,321.13576004819396,494.4482136031449,673.8036072498865,915.8642894634401,1431.2799022553047,309.205
SBI Small Cap Fund - Regular Plan - Growth,119598,820,321.39900231319706,494.60900335971496,673.9989854830667,916.2229770643025,1430.4380665622157,309.205
SBI Small Cap Fund - Regular Plan - Growth,119598,821,321.17748241785057,494.2547429093998,673.9146010598561,918.5544247440772,1433.146308772034,309.205
SBI Small Cap Fund - Regular Plan - Growth,119598,822,320.5322819654255,493.9782101451395,675.2400045792597,917.958727724558,1434.7124901398333,309.205
SBI Small Cap Fund - Regular Plan - Growth,119598,823,321.1498167450503,494.29639812092535,675.8334099861153,918.7203666257587,1434.448545243021,309.205
SBI Small Cap Fund - Regular Plan - Growth,119598,824,322.18935067983205,493.5335105184397,677.0515030890533,918.740693082043,1435.1017457211758,309.205
SBI Small Cap Fund - Regular Plan - Growth,119598,825,322.79377540622096,492.848135377499,677.878409906976,919.5178913928855,1436.3592712508723,309.205
SBI Small Cap Fund - Regular Plan - Growth,119598,826,323.59538816110467,493.4823563563215,677.0111982721792,921.8763453665243,1435.1652343958935,309.205
SBI Small Cap Fund - Regular Plan - Growth,119598,827,324.2467408236771,494.51432047172864,676.9488713425915,921.7701846357938,1438.3631910751913,309.205
SBI Small Cap Fund - Regular Plan - Growth,119598,828,323.808688222892,495.57102929254484,679.9811669786591,922.8794386462449,1446.0665166300234,309.205
SBI Small Cap Fund - Regular Plan - Growth,119598,829,323.83723326494595,496.93347151624187,680.7036929710176,926.672994998531,1444.5422697431516,309.205
SBI Small Cap Fund - Regular Plan - Growth,119598,830,323.14754508337717,497.80136847161793,681.4282839705504,927.9187658600076,1448.1588163169677,309.205
SBI Small Cap Fund - Regular Plan - Growth,119598,831,323.64761276160266,498.71394416768175,681.4340537059459,927.2357449694762,1447.1931275381694,309.205
SBI Small Cap Fund - Regular Plan - Growth,119598,832,323.6625495940672,498.26714430805805,682.3684029535483,928.7507394809824,1453.1017476159227,309.205
SBI Small Cap Fund - Regular Plan - Growth,119598,833,323.5593784344419,498.2095653812723,682.5966751818099,929.9102874094315,1451.3258225637337,309.205
SBI Small Cap Fund - Regular Plan - Growth,119598,834,323.8453134893531,498.4129902616203,682.7648427189249,930.1286004302451,1454.5897513663435,309.205
SBI Small Cap Fund - Regular Plan - Growth,119598,835,324.44501115149296,499.15585887198887,684.534530155373,930.7773121932856,1456.967513136373,309.205
SBI Small Cap Fund - Regular Plan - Growth,119598,836,323.675439241646,500.07031791117276,683.4030716381917,932.836817394223,1459.863204112081,309.205
SBI Small Cap Fund - Regular Plan - Growth,119598,837,325.4236670011751,501.027407049927,685.4002742779958,935.2916273718348,1462.7716582750365,309.205
SBI Small Cap Fund - Regular Plan - Growth,119598,838,325.61838198148286,501.60827418884975,686.6592648916303,937.9820645959985,1467.6518990262848,309.205
SBI Small Cap Fund - Regular Plan - Growth,119598,839,324.32163390813935,501.62767578817466,686.2840265356294,937.9872535797649,1466.9071523360342,309.205
SBI Small Cap Fund - Regular Plan - Growth,119598,840,324.56127464069624,502.06150966650114,688.3823494338932,936.9677933274535,1471.161737360972,309.205
SBI Small Cap Fund - Regular Plan - Growth,119598,841,324.38936991331497,503.1842287543225,688.4486824453129,936.825222601705,1472.5996627855156,309.205
SBI Small Cap Fund - Regular Plan - Growth,119598,842,325.4100686703566,504.19306585789286,689.6995260534039,937.475016750032,1469.3279450506388,309.205
SBI Small Cap Fund - Regular Plan - Growth,119598,843,325.1615826537292,504.5301555734385,689.1606669023818,940.1729557450818,1474.0946349802234,309.205
SBI Small Cap Fund - Regular Plan - Growth,119598,844,327.1981956304831,504.65162456798987,690.6783350968904,940.5656897027944,1472.5132922933662,309.205
SBI Small Cap Fund - Regular Plan - Growth,119598,845,326.63435581561794,505.4073423863159,690.3594607893007,941.3297520818523,1477.7643665114372,309.205
SBI Small Cap Fund - Regular Plan - Growth,119598,846,326.7728488775177,505.8807805369414,691.1103733509783,942.5626075120259,1475.814627025239,309.205
SBI Small Cap Fund - Regular Plan - Growth,119598,847,328.68904000812375,505.675452652769,690.9490831348622,942.6927434670547,1482.4374079583076,309.205
SBI Small Cap Fund - Regular Plan - Growth,119598,848,328.74652615476555,505.97317517089186,690.9464883422786,941.9246425906244,1481.0412092046704,309.205
SBI Small Cap Fund - Regular Plan - Growth,119598,849,327.8402019270677,507.2907083136826,691.6102319928361,944.1827373777458,1483.992126779463,309.205
SBI Small Cap Fund - Regular Plan - Growth,119598,850,327.8809479127977,506.93754025184,691.8642699538086,943.5493831935903,1485.1776949013592,309.205
SBI Small Cap Fund - Regular Plan - Growth,119598,851,327.6509831303874,508.0299527503769,691.9011842908083,944.7985278635327,1489.3382104810864,309.205
SBI Small Cap Fund - Regular Plan - Growth,119598,852,328.15073887658133,509.4984719496506,691.9267625697657,946.6326063917896,1491.6121803893157,309.205
SBI Small Cap Fund - Regular Plan - Growth,119598,853,327.2436175154921,510.28282215373315,693.898111121752,949.2459261498918,1495.287395952666,309.205
SBI Small Cap Fund - Regular Plan - Growth,119598,854,326.973061138986,508.99033986353066,695.3299968290955,950.4297838603832,1489.284690229404,309.205
SBI Small Cap Fund - Regular Plan - Growth,119598,855,328.4624704670158,510.6807888530378,696.8763089421407,951.7880698491484,1498.512289708084,309.205
SBI Small Cap Fund - Regular Plan - Growth,119598,856,328.79683667440986,511.40824256101484,697.7245383841963,953.8366072796653,1504.4944429930752,309.205
SBI Small Cap Fund - Regular Plan - Growth,119598,857,328.222963387093,511.1472602693268,699.3939043530036,955.0050391082088,1505.7554319383905,309.205
SBI Small Cap Fund - Regular Plan - Growth,119598,858,329.331457656158,512.459348684537,699.7567440375017,956.2144832439458,1506.6473562272652,309.205
SBI Small Cap Fund - Regular Plan - Growth,119598,859,328.89288496609856,512.8349611506171,700.0171906544044,957.1652143410294,1510.670162685043,309.205
SBI Small Cap Fund - Regular Plan - Growth,119598,860,329.85658757845283,513.1294877254311,699.3514911795959,958.2512363558529,1512.2982320351769,309.205
SBI Small Cap Fund - Regular Plan - Growth,119598,861,329.70893464275076,514.2618632750407,700.9548169986045,958.8554182126046,1512.6063066346317,309.205
SBI Small Cap Fund - Regular Plan - Growth,119598,862,329.27339099684286,514.2581669650192,701.6410465708941,959.580766966577,1515.3049910429359,309.205
SBI Small Cap Fund - Regular Plan - Growth,119598,863,329.97742791241023,514.4761121278906,702.9133144017413,961.8273374648791,1519.5103505586264,309.205
SBI Small Cap Fund - Regular Plan - Growth,119598,864,329.8155784099471,515.1174941952074,703.0387966663471,964.3800828397664,1522.9818866045593,309.205
SBI Small Cap Fund - Regular Plan - Growth,119598,865,330.93904417497345,515.8474718519168,704.3371128964624,963.2067704155244,1525.6079857181103,309.205
SBI Small Cap Fund - Regular Plan - Growth,119598,866,331.4755557444902,515.2435363851263,705.2544345412239,965.6381975585634,1523.641565013967,309.205
SBI Small Cap Fund - Regular Plan - Growth,119598,867,331.4833107386975,515.9403466432079,704.9512995911806,966.9700386753882,1529.3323389843595,309.205
SBI Small Cap Fund - Regular Plan - Growth,119598,868,330.55523558225366,516.1211791935377,705.4143440996583,966.1574591335893,1526.4455953555607,309.205
SBI Small Cap Fund - Regular Plan - Growth,119598,869,330.0062720965927,517.129121144186,706.9195993174282,968.7164410781406,1529.1673863805233,309.205
SBI Small Cap Fund - Regular Plan - Growth,119598,870,329.9148568141538,517.5595701650116,707.9782449761453,968.9173721942041,1529.9872702751018,309.205
SBI Small Cap Fund - Regular Plan - Growth,119598,871,330.1108049768121,517.372557323767,708.8121062695207,969.2823714087922,1533.8979525520583,309.205
SBI Small Cap Fund - Regular Plan - Growth,119598,872,331.7951571293589,517.4009462038064,710.0314307915929,969.5306241802231,1545.1807561505957,309.205
SBI Small Cap Fund - Regular Plan - Growth,119598,873,332.17354928500635,517.6268638173151,710.4565096547667,970.7640777456681,1541.817696446839,309.205
SBI Small Cap Fund - Regular Plan - Growth,119598,874,332.0425506122694,518.6410038733926,710.4734799053583,971.8807257246456,1546.903299267497,309.205
SBI Small Cap Fund - Regular Plan - Growth,119598,875,330.819280205878,518.0737196145359,712.5564362714573,973.4615826607403,1546.233592111219,309.205
SBI Small Cap Fund - Regular Plan - Growth,119598,876,331.38325592725187,518.8781946954698,711.8149656829349,973.1809043133906,1549.0729694547567,309.205
SBI Small Cap Fund - Regular Plan - Growth,119598,877,331.16581219913996,520.3590332487043,713.3246362042767,975.88794094774,1545.5996168119752,309.205
SBI Small Cap Fund - Regular Plan - Growth,119598,878,331.2791363983467,520.7862803018957,713.7005391855059,977.8822393661173,1556.814547236165,309.205
SBI Small Cap Fund - Regular Plan - Growth,119598,879,331.2792474558431,521.1620652016718,715.5190501059426,977.5547494122925,1556.3961428569235,309.205
SBI Small Cap Fund - Regular Plan - Growth,119598,880,331.7975313050783,521.8602518477934,715.9127052755107,978.9276859278375,1560.641589439727,309.205
SBI Small Cap Fund - Regular Plan - Growth,119598,881,332.08799252649163,521.6886539380778,715.9977730763984,980.9588127596165,1561.8109897611205,309.205
SBI Small Cap Fund - Regular Plan - Growth,119598,882,331.64434239917796,521.0651866307884,716.5008564767529,979.9382581445434,1562.1886552885535,309.205
SBI Small Cap Fund - Regular Plan - Growth,119598,883,331.0359669276167,521.9845415049678,716.195273283328,980.9967636008191,1563.0878888416992,309.205
SBI Small Cap Fund - Regular Plan - Growth,119598,884,331.8123054111265,521.9926378580443,717.6999767510595,982.7764804328799,1563.270360690886,309.205
SBI Small Cap Fund - Regular Plan - Growth,119598,885,330.9328795759947,521.2581572870056,717.6883058418496,982.7792185923895,1565.5425631817766,309.205
SBI Small Cap Fund - Regular Plan - Growth,119598,886,330.82224672071555,523.0135903403059,719.0529193279626,983.0169932981723,1568.5763699497754,309.205
SBI Small Cap Fund - Regular Plan - Growth,119598,887,331.83159378458896,523.1242085368324,719.7898231396887,985.1788600179095,1567.1201848626085,309.205
SBI Small Cap Fund - Regular Plan - Growth,119598,888,332.2007201228123,523.5535232746773,720.7287913000617,987.8217371247342,1568.5329921270463,309.205
SBI Small Cap Fund - Regular Plan - Growth,119598,889,331.7648756414315,523.275144432338,720.837515314312,987.4086770758048,1572.1965312857449,309.205
SBI Small Cap Fund - Regular Plan - Growth,119598,890,332.21841329396807,523.2720104414223,722.6635502397901,991.1868017850304,1571.2614895646107,309.205
SBI Small Cap Fund - Regular Plan - Growth,119598,891,331.53160382737406,524.6789345860399,722.9337443218975,991.9601078745733,1572.7626218614216,309.205
SBI Small Cap Fund - Regular Plan - Growth,119598,892,331.4559546131995,525.3527576483348,722.7887400390073,993.8424881401626,1576.8616685216105,309.205
SBI Small Cap Fund - Regular Plan - Growth,119598,893,331.5076799410149,526.6976916023867,725.2815415943129,994.6881605557323,1583.7091061091053,309.205
SBI Small Cap Fund - Regular Plan - Growth,119598,894,331.49798646082985,526.7399481846141,726.0757645775204,995.1159186067396,1583.2060006774077,309.205
SBI Small Cap Fund - Regular Plan - Growth,119598,895,331.3164482200803,526.7609608704175,726.6671703080846,993.8021143758674,1579.4611117942625,309.205
SBI Small Cap Fund - Regular Plan - Growth,119598,896,332.57043850057306,527.2984545862662,727.0264866219463,997.0674215785625,1583.731369741192,309.205
SBI Small Cap Fund - Regular Plan - Growth,119598,897,332.16512200786184,527.3159207717736,727.1990467636917,997.8669741248186,1590.6787783732811,309.205
SBI Small Cap Fund - Regular Plan - Growth,119598,898,333.26149112977384,526.9575872658274,724.9084892191456,997.6353078424598,1596.061431162222,309.205
SBI Small Cap Fund - Regular Plan - Growth,119598,899,333.4616852793962,527.9092635506503,726.3477141618291,999.5919099311199,1593.0443448201331,309.205
SBI Small Cap Fund - Regular Plan - Growth,119598,900,333.35972642588865,527.2360467392336,728.0453545082432,1002.2847464589233,1602.0774792791722,309.205
SBI Small Cap Fund - Regular Plan - Growth,119598,901,333.2102220631287,528.2318969656574,727.7379637614234,1003.5592379129371,1604.5994872943406,309.205
SBI Small Cap Fund - Regular Plan - Growth,119598,902,333.7949306934102,528.8338496365004,729.5791939049475,1003.0673956487931,1603.797742715398,309.205
SBI Small Cap Fund - Regular Plan - Growth,119598,903,333.8990635963136,528.4611032873289,730.3488515790093,1005.5560854695208,1606.510488954164,309.205
SBI Small Cap Fund - Regular Plan - Growth,119598,904,333.55548628202075,529.4160570584469,730.6638234531912,1004.9036713595572,1611.546909710425,309.205
SBI Small Cap Fund - Regular Plan - Growth,119598,905,332.93060872171213,530.0338107506813,731.6856098236634,1007.198947569932,1614.5316914729729,309.205
SBI Small Cap Fund - Regular Plan - Growth,119598,906,333.72092739965353,531.3907453787579,732.352703986936,1009.4008853960354,1620.8492396124361,309.205
SBI Small Cap Fund - Regular Plan - Growth,119598,907,333.1578010184417,532.0969535975099,732.701950151357,1007.4808050833938,1621.9490091815383,309.205
SBI Small Cap Fund - Regular Plan - Growth,119598,908,332.94545292079977,532.5094637862421,733.7670536506398,1011.1398008505728,1616.3698527100073,309.205
SBI Small Cap Fund - Regular Plan - Growth,119598,909,334.7001980628423,533.7869582550678,734.8170831295707,1012.621106230022,1613.7769106254423,309.205
SBI Small Cap Fund - Regular Plan - Growth,119598,910,333.8386338115775,533.5427566283834,734.9571596845908,1013.3497385111855,1619.6951529686485,309.205
SBI Small Cap Fund - Regular Plan - Growth,119598,911,334.212619398746,534.4937477015923,735.4657761517211,1013.217059986566,1626.557628582031,309.205
SBI Small Cap Fund - Regular Plan - Growth,119598,912,334.0647791989988,535.1356709575255,734.472439911578,1013.1937639146303,1628.7181022435175,309.205
SBI Small Cap Fund - Regular Plan - Growth,119598,913,335.26937962342413,534.8896873232599,736.071218855885,1013.9381841605682,1627.067837249082,309.205
SBI Small Cap Fund - Regular Plan - Growth,119598,914,337.0944958953474,535.9530421304069,736.559163778142,1016.8933742054962,1630.8779428956643,309.205
SBI Small Cap Fund - Regular Plan - Growth,119598,915,336.84380392698034,537.417433536892,739.3071786145229,1017.113180415556,1630.1999968061461,309.205
SBI Small Cap Fund - Regular Plan - Growth,119598,916,336.0754527956203,537.5932674609852,740.083589100816,1018.1895562495572,1627.8345975758593,309.205
SBI Small Cap Fund - Regular Plan - Growth,119598,917,336.8515729282746,537.6256341266418,741.8913186034415,1016.7873093782687,1622.0642469224804,309.205
SBI Small Cap Fund - Regular Plan - Growth,119598,918,336.50526450387946,538.5107216554204,741.9641925011875,1016.4568983755837,1631.6372533015292,309.205
SBI Small Cap Fund - Regular Plan - Growth,119598,919,336.26956922762156,538.3698811892102,741.1680589926253,1019.6551715563219,1632.7054036656923,309.205
SBI Small Cap Fund - Regular Plan - Growth,119598,920,336.70493057793306,539.125815346075,741.99565942566,1022.7978093546722,1631.6659981335947,309.205
SBI Small Cap Fund - Regular Plan - Growth,119598,921,337.4045650061934,538.8189755993976,741.4142258551642,1023.1526414322286,1634.9814271553098,309.205
SBI Small Cap Fund - Regular Plan - Growth,119598,922,337.7425424624013,539.9467201206578,741.8123319699955,1023.1895702187571,1640.0168841928626,309.205
SBI Small Cap Fund - Regular Plan - Growth,119598,923,337.8150952999921,540.306170369881,742.892488850133,1026.8164151986446,1637.0039613399858,309.205
SBI Small Cap Fund - Regular Plan - Growth,119598,924,338.23599073834146,541.1321877931325,743.3667041673397,1025.526708420866,1639.3915319098421,309.205
SBI Small Cap Fund - Regular Plan - Growth,119598,925,337.4132786161929,541.2815203990111,743.9101936104765,1027.1542825437423,1642.771458267971,309.205
SBI Small Cap Fund - Regular Plan - Growth,119598,926,337.63339445445064,541.3799357377875,746.592386739934,1027.7269569588425,1642.3524833702368,309.205
SBI Small Cap Fund - Regular Plan - Growth,119598,927,338.433647939946,542.0713191533091,746.5573144738523,1031.375901869934,1645.386827995925,309.205
SBI Small Cap Fund - Regular Plan - Growth,119598,928,338.03437981476867,541.6843493794502,746.9911468643577,1031.8497276351477,1650.4154328377165,309.205
SBI Small Cap Fund - Regular Plan - Growth,119598,929,338.75658576189517,541.2151783787319,749.8613890996176,1034.5287912162732,1655.5886197734974,309.205
SBI Small Cap Fund - Regular Plan - Growth,119598,930,338.92299408586604,541.26442237007,750.2161238615424,1034.16260650564,1654.619726627092,309.205
SBI Small Cap Fund - Regular Plan - Growth,119598,931,338.2000493083921,541.7963509802548,751.1025670320632,1034.926047514758,1658.2699868797733,309.205
SBI Small Cap Fund - Regular Plan - Growth,119598,932,337.8885528675012,542.41197553761,751.7051434646021,1038.2294391709797,1660.1731531875964,309.205
SBI Small Cap Fund - Regular Plan - Growth,119598,933,337.00333660857564,542.5109794930668,752.9149634601017,1037.3548850867862,1669.1882636717621,309.205
SBI Small Cap Fund - Regular Plan - Growth,119598,934,337.4006132931673,543.2303191144158,753.5117943199432,1039.8700181667314,1672.3058647338034,309.205
SBI Small Cap Fund - Regular Plan - Growth,119598,935,337.9849723540277,542.9047285522375,754.2727034449968,1040.165649380398,1678.3424956203555,309.205
SBI Small Cap Fund - Regular Plan - Growth,119598,936,338.80631087532106,542.4564264578119,755.2850223473074,1044.7013732315638,1675.7355938360538,309.205
SBI Small Cap Fund - Regular Plan - Growth,119598,937,340.09586542674214,543.8615521432629,755.9309214978034,1043.7842621645316,1672.8505149656232,309.205
SBI Small Cap Fund - Regular Plan - Growth,119598,938,339.7674977966679,543.6400810978478,756.6823113439709,1046.6216300697727,1681.8888673051808,309.205
SBI Small Cap Fund - Regular Plan - Growth,119598,939,339.82600753911504,545.0234093899612,756.9292255050722,1047.4952789371164,1681.7032713348956,309.205
SBI Small Cap Fund - Regular Plan - Growth,119598,940,339.612713102799,545.7119094399161,758.0083602267606,1047.4913480197902,1685.701795321134,309.205
SBI Small Cap Fund - Regular Plan - Growth,119598,941,339.6484048778648,545.9743933027752,757.8341955471062,1049.0410104979903,1681.7346499309929,309.205
SBI Small Cap Fund - Regular Plan - Growth,119598,942,340.786286390125,546.2390217402527,757.6733065604458,1049.3048693719675,1680.663857050631,309.205
SBI Small Cap Fund - Regular Plan - Growth,119598,943,341.72188492285943,546.4544953665014,759.3819935348355,1050.4025098576174,1687.9741199501234,309.205
SBI Small Cap Fund - Regular Plan - Growth,119598,944,341.32457327841195,547.0624157952616,759.7580844615998,1049.5431712353434,1688.576457958017,309.205
SBI Small Cap Fund - Regular Plan - Growth,119598,945,341.84819542336925,548.2794799291122,759.7008535710995,1052.197055572048,1681.5308866551045,309.205
SBI Small Cap Fund - Regular Plan - Growth,119598,946,341.7251635085998,546.9909296786531,759.4664447258602,1051.4652368498098,1689.6026921115854,309.205
SBI Small Cap Fund - Regular Plan - Growth,119598,947,341.386488326495,548.4288330119755,762.2054831526493,1053.1421624750421,1699.1526782580827,309.205
SBI Small Cap Fund - Regular Plan - Growth,119598,948,341.8509853494896,549.2531899741955,761.845759775658,1055.910597776955,1704.6957558249758,309.205
SBI Small Cap Fund - Regular Plan - Growth,119598,949,341.7948594291593,548.9641648373918,762.9725366087932,1055.980125102946,1704.8788824510007,309.205
SBI Small Cap Fund - Regular Plan - Growth,119598,950,343.54997159347937,548.9828970001931,763.6971999805414,1059.1003004457252,1705.4478354480148,309.205
SBI Small Cap Fund - Regular Plan - Growth,119598,951,343.01018887892207,549.3879199331395,764.7611619120854,1060.9978382926777,1709.51040671183,309.205
SBI Small Cap Fund - Regular Plan - Growth,119598,952,343.3564810675023,548.8651273802743,765.2113989583372,1061.6135744103794,1706.3293093087655,309.205
SBI Small Cap Fund - Regular Plan - Growth,119598,953,341.5785395841234,549.8059409175494,767.7025581128712,1062.9339816568636,1709.894871965531,309.205
SBI Small Cap Fund - Regular Plan - Growth,119598,954,341.8112037851024,551.0337604956978,769.5053904010337,1064.005243065244,1714.1722932744476,309.205
SBI Small Cap Fund - Regular Plan - Growth,119598,955,343.2492721534926,551.8848713917456,768.6501967219023,1066.1532451415806,1709.1608919267574,309.205
SBI Small Cap Fund - Regular Plan - Growth,119598,956,341.49903928359987,553.1121413426828,769.2662274133713,1067.7709522743141,1716.920756253645,309.205
SBI Small Cap Fund - Regular Plan - Growth,119598,957,344.27541429823657,552.4147030132333,769.9918862622126,1067.590735048149,1724.135884405378,309.205
SBI Small Cap Fund - Regular Plan - Growth,119598,958,343.5036181848008,553.9456810976528,771.6767912199862,1068.7316112502467,1716.4453383959985,309.205
SBI Small Cap Fund - Regular Plan - Growth,119598,959,343.6397288178571,554.5444671764017,772.8222398057967,1070.9613693859287,1715.955087499477,309.205
SBI Small Cap Fund - Regular Plan - Growth,119598,960,343.93800819317937,554.6974810670331,773.952566899675,1074.2671975548049,1717.1715489690785,309.205
SBI Small Cap Fund - Regular Plan - Growth,119598,961,343.5945859869895,555.6872665001467,774.6348088518882,1076.0563832831858,1722.600809893198,309.205
SBI Small Cap Fund - Regular Plan - Growth,119598,962,343.60842148946085,556.4746046776092,775.7207939317591,1078.4222280822655,1721.0927250108648,309.205
SBI Small Cap Fund - Regular Plan - Growth,119598,963,343.7269388965885,556.4604912083199,775.1350544450036,1079.8623233624999,1727.5884575204543,309.205
SBI Small Cap Fund - Regular Plan - Growth,119598,964,344.46733565866697,557.7707172566609,774.5438937543686,1079.82250310494,1721.1876159145447,309.205
SBI Small Cap Fund - Regular Plan - Growth,119598,965,344.28885353412187,556.6991593218079,776.7693853122032,1079.6385427761031,1724.8699430494553,309.205
SBI Small Cap Fund - Regular Plan - Growth,119598,966,343.12835139553243,557.9757307298721,775.2454201073518,1081.4411577304172,1729.6343471221155,309.205
SBI Small Cap Fund - Regular Plan - Growth,119598,967,343.7138989945706,558.2505620574303,776.6120720675822,1084.0180615972151,1738.2467478183144,309.205
SBI Small Cap Fund - Regular Plan - Growth,119598,968,343.84263184951084,558.9238757878629,776.5109140057433,1085.8230623114755,1750.970892668325,309.205
SBI Small Cap Fund - Regular Plan - Growth,119598,969,342.61136681332204,558.6167433455659,777.9882642662764,1086.09409923014,1747.4179260187489,309.205
SBI Small Cap Fund - Regular Plan - Growth,119598,970,343.8468466233322,558.1880021274674,778.1435728145491,1087.6615389217882,1752.8984047510987,309.205
SBI Small Cap Fund - Regular Plan - Growth,119598,971,345.5012434120074,559.9558187528907,779.840033250758,1084.941475452251,1754.455167373295,309.205
SBI Small Cap Fund - Regular Plan - Growth,119598,972,344.41769696864503,559.5502589460162,780.5124318100403,1089.3293610169028,1754.5066620372702,309.205
SBI Small Cap Fund - Regular Plan - Growth,119598,973,343.8113367114989,560.1544971221531,780.9955603213527,1090.198798094081,1757.9110088613438,309.205
SBI Small Cap Fund - Regular Plan - Growth,119598,974,344.68972332945464,561.027393646201,783.1409656048149,1092.7057405155915,1763.7297660444642,309.205
SBI Small Cap Fund - Regular Plan - Growth,119598,975,345.28321753393465,561.3372137801367,782.5722641902157,1093.2861926272979,1771.6688617296584,309.205
SBI Small Cap Fund - Regular Plan - Growth,119598,976,346.0701910775077,562.2920100699585,783.2553425291048,1094.1834032291265,1771.8695668131857,309.205
SBI Small Cap Fund - Regular Plan - Growth,119598,977,346.8878225740186,561.702525379219,784.3804776960436,1095.8605168425752,1769.736994274705,309.205
SBI Small Cap Fund - Regular Plan - Growth,119598,978,348.51931548020417,562.1903338764854,783.9915427845228,1095.92462479337,1781.3682003395475,309.205
SBI Small Cap Fund - Regular Plan - Growth,119598,979,347.64875270288485,563.4807030852502,784.3765694639586,1097.2548411562234,1779.484800685394,309.205
SBI Small Cap Fund - Regular Plan - Growth,119598,980,348.99060142388737,564.22661184589,785.2287251189409,1099.3019667439883,1781.611635842378,309.205
SBI Small Cap Fund - Regular Plan - Growth,119598,981,347.7468536462315,564.7992425189371,785.6154314663529,1101.476354862939,1779.7838325626046,309.205
SBI Small Cap Fund - Regular Plan - Growth,119598,982,347.0069266032045,565.0661108077163,786.5798498629499,1100.4446404143403,1780.4597797211698,309.205
SBI Small Cap Fund - Regular Plan - Growth,119598,983,346.8285931231932,565.2010425399554,787.5127074842684,1102.6938181852122,1780.029327004603,309.205
SBI Small Cap Fund - Regular Plan - Growth,119598,984,347.24958653175,564.8218623504142,788.4742541894107,1102.4831867020403,1779.4605132556412,309.205
SBI Small Cap Fund - Regular Plan - Growth,119598,985,348.4547786916376,565.4912363202433,790.4264755827699,1105.2738326815595,1782.0833698330482,309.205
SBI Small Cap Fund - Regular Plan - Growth,119598,986,347.66528181236004,567.0526697685664,790.5480950536623,1105.8369195146379,1785.7422959413107,309.205
SBI Small Cap Fund - Regular Plan - Growth,119598,987,347.50603931688363,567.1342472740315,791.7877856462611,1104.6156888676987,1793.4200785958549,309.205
SBI Small Cap Fund - Regular Plan - Growth,119598,988,348.2945869171223,568.8170665011428,791.523776128371,1107.2993733008748,1789.0707160482248,309.205
SBI Small Cap Fund - Regular Plan - Growth,119598,989,348.2625405121185,568.7791687035137,790.8912388603158,1107.680238913443,1798.8587334689041,309.205
SBI Small Cap Fund - Regular Plan - Growth,119598,990,349.2495067948368,567.962366272465,791.4887097629362,1108.9745224181843,1800.5101242697997,309.205
SBI Small Cap Fund - Regular Plan - Growth,119598,991,348.7429471478357,568.2562998690614,793.1507313134977,1111.9798063496837,1799.3847054445923,309.205
SBI Small Cap Fund - Regular Plan - Growth,119598,992,349.4396799488017,568.5807289043166,794.6569845211316,1114.1167510530195,1803.3571257407166,309.205
SBI Small Cap Fund - Regular Plan - Growth,119598,993,350.6195970203271,568.3158840565908,795.1661549093712,1112.4912939209844,1808.1142449978809,309.205
SBI Small Cap Fund - Regular Plan - Growth,119598,994,350.53672792830497,567.9629950795411,794.8550814393495,1114.6699476478752,1813.1422344061566,309.205
SBI Small Cap Fund - Regular Plan - Growth,119598,995,350.0105375566406,570.762824699051,796.4586627149032,1116.474652585992,1812.2338116048156,309.205
SBI Small Cap Fund - Regular Plan - Growth,119598,996,350.9226705515246,571.0230202926411,797.7404461681751,1119.5195047600005,1820.8190024320786,309.205
SBI Small Cap Fund - Regular Plan - Growth,119598,997,348.91425345840935,572.1148639909381,797.899293033346,1121.4043812943007,1825.657580213459,309.205
SBI Small Cap Fund - Regular Plan - Growth,119598,998,349.78819999977145,572.0954969886999,797.9865771490859,1121.8012831045553,1827.7428161840814,309.205
SBI Small Cap Fund - Regular Plan - Growth,119598,999,350.0416144183553,572.7877481376488,798.129087813511,1124.0267126737579,1830.199152669703,309.205
SBI Small Cap Fund - Regular Plan - Growth,119598,1000,349.07209160636495,571.9678781246214,799.1404120560057,1123.6012417397587,1830.5442157255716,309.205
SBI Small Cap Fund - Regular Plan - Growth,119598,1001,349.580897733315,573.2044329432504,801.2308637911439,1128.0724581105608,1829.1656132997648,309.205
SBI Small Cap Fund - Regular Plan - Growth,119598,1002,349.6427219503359,572.8194312534898,803.404514384029,1124.7824668956152,1827.9821315346387,309.205
SBI Small Cap Fund - Regular Plan - Growth,119598,1003,349.43855730191547,572.1144741639222,802.5537114781418,1126.1388210959158,1831.617554374172,309.205
SBI Small Cap Fund - Regular Plan - Growth,119598,1004,349.3492892645837,573.3030560018726,802.7740155359902,1129.9025696594977,1840.0603130734219,309.205
SBI Small Cap Fund - Regular Plan - Growth,119598,1005,349.75745809864287,572.8031923227062,804.3825095916521,1131.3716871086738,1844.9700189792354,309.205
SBI Small Cap Fund - Regular Plan - Growth,119598,1006,349.01401451525066,574.1291192095068,805.610207220134,1129.705346788196,1852.145391549867,309.205
SBI Small Cap Fund - Regular Plan - Growth,119598,1007,350.29841159300133,573.589895172549,806.7166548986304,1132.010668092983,1853.2188059807054,309.205
SBI Small Cap Fund - Regular Plan - Growth,119598,1008,350.8639899148511,574.5686621481678,807.4400163790465,1130.7175806935145,1851.9534472272287,309.205
SBI Small Cap Fund - Regular Plan - Growth,119598,1009,352.0177006940516,574.7873346581981,807.2424438065007,1131.3879595818553,1855.2315416411582,309.205
SBI Small Cap Fund - Regular Plan - Growth,119598,1010,352.6084423704921,575.1775227987096,807.8361414165367,1131.8424486134882,1860.3815427232942,309.205
SBI Small Cap Fund - Regular Plan - Growth,119598,1011,353.20430516248,575.8974008634698,809.5587466759483,1133.5719128712192,1851.924220553077,309.205
SBI Small Cap Fund - Regular Plan - Growth,119598,1012,355.30135658476485,575.9261985029035,809.9007787787702,1133.4289356337117,1852.6155738828777,309.205
SBI Small Cap Fund - Regular Plan - Growth,119598,1013,354.4989746627864,576.0315422693498,810.1401010547347,1136.2891087529574,1857.033514519064,309.205
SBI Small Cap Fund - Regular Plan - Growth,119598,1014,353.5183459557018,576.4487172729073,810.8824716130514,1135.4828186601699,1862.9102261109233,309.205
SBI Small Cap Fund - Regular Plan - Growth,119598,1015,353.17345416275066,577.8273321615213,812.3595093712547,1138.4837622130367,1858.6521080074704,309.205
SBI Small Cap Fund - Regular Plan - Growth,119598,1016,354.02428368510056,578.7932234046481,812.7981795479631,1142.622233458798,1868.06207708974,309.205
SBI Small Cap Fund - Regular Plan - Growth,119598,1017,353.9875482052001,579.736763643351,814.2711785168111,1142.956136378225,1873.3450178461842,309.205
SBI Small Cap Fund - Regular Plan - Growth,119598,1018,353.2367016734887,580.2357285885926,813.9534273173942,1140.2412190114037,1870.2899680056032,309.205
SBI Small Cap Fund - Regular Plan - Growth,119598,1019,353.35543114333746,581.1929754646118,817.1834851508902,1143.5860927456542,1883.8436811693277,309.205
SBI Small Cap Fund - Regular Plan - Growth,119598,1020,354.0469945856433,581.0973359549034,817.952243505811,1146.2995028685375,1882.4775886978218,309.205
SBI Small Cap Fund - Regular Plan - Growth,119598,1021,353.43323030223485,582.0830000679882,818.0821776392697,1146.948502707262,1885.102734095767,309.205
SBI Small Cap Fund - Regular Plan - Growth,119598,1022,353.1679888984321,580.9829768278069,818.8839786333739,1148.3992116745144,1894.6142567529994,309.205
SBI Small Cap Fund - Regular Plan - Growth,119598,1023,355.3629624869716,581.1526082065184,821.1296971877539,1149.3243783834848,1897.1237162587956,309.205
SBI Small Cap Fund - Regular Plan - Growth,119598,1024,355.04437704095153,581.0600928139908,821.2978667082307,1149.7653701210456,1902.1052618078854,309.205
SBI Small Cap Fund - Regular Plan - Growth,119598,1025,356.92571559965137,581.6013463824361,820.072537825865,1149.7080460448572,1902.0918347986355,309.205
SBI Small Cap Fund - Regular Plan - Growth,119598,1026,356.65444425393974,582.9773881916182,820.8381215831716,1153.876412491582,1896.4688561713576,309.205
SBI Small Cap Fund - Regular Plan - Growth,119598,1027,355.88048766835897,583.0486756320647,821.6277656210966,1154.338629149229,1910.7027089843511,309.205
SBI Small Cap Fund - Regular Plan - Growth,119598,1028,356.30141500730326,583.580487715475,822.835152342831,1154.7740959819537,1915.4288268642822,309.205
SBI Small Cap Fund - Regular Plan - Growth,119598,1029,356.00521504811826,583.8361425127534,824.4525327492454,1156.3122442688982,1911.7924059472355,309.205
SBI Small Cap Fund - Regular Plan - Growth,119598,1030,356.4727299567658,585.5976616279667,824.8153062681204,1155.94704249025,1913.8826749753414,309.205
SBI Small Cap Fund - Regular Plan - Growth,119598,1031,357.3555732469615,585.6016621396656,825.3803995111411,1155.0497807799381,1921.9382091878242,309.205
SBI Small Cap Fund - Regular Plan - Growth,119598,1032,355.56423279775584,586.561101240711,827.231783231404,1157.62576272655,1927.85658138498,309.205
SBI Small Cap Fund - Regular Plan - Growth,119598,1033,355.9815229779017,586.9852241516317,828.0885329204414,1157.9682034853724,1928.4922415243848,309.205
SBI Small Cap Fund - Regular Plan - Growth,119598,1034,356.95944129195044,587.4533780583031,830.3367647416067,1161.495548957639,1927.042780567239,309.205
SBI Small Cap Fund - Regular Plan - Growth,119598,1035,356.54101022426437,587.6744173270133,828.8009994855188,1162.5790447648199,1931.7893920291694,309.205
SBI Small Cap Fund - Regular Plan - Growth,119598,1036,357.123756301786,588.5344502738511,830.2360966630245,1163.7044319144657,1932.4517589990282,309.205
SBI Small Cap Fund - Regular Plan - Growth,119598,1037,358.83383009571577,589.218648078784,829.5259160801922,1166.482203121405,1938.2306843303063,309.205
SBI Small Cap Fund - Regular Plan - Growth,119598,1038,357.75128669389983,589.8558086491835,830.2286006868869,1167.8546413934114,1944.9253098886054,309.205
SBI Small Cap Fund - Regular Plan - Growth,119598,1039,358.8840259240077,590.189969027179,830.5149693568757,1168.867847892572,1947.3364616896845,309.205
SBI Small Cap Fund - Regular Plan - Growth,119598,1040,359.57378275355586,590.5911672719806,830.7251603002428,1169.5691752014175,1947.5373203430731,309.205
SBI Small Cap Fund - Regular Plan - Growth,119598,1041,359.69308417422303,591.9901905979939,831.0191741234346,1172.8465904046639,1945.1678277160222,309.205
SBI Small Cap Fund - Regular Plan - Growth,119598,1042,359.47966614181513,592.035355245353,831.6740658199083,1172.5536526789786,1953.016807737394,309.205
SBI Small Cap Fund - Regular Plan - Growth,119598,1043,359.6518208564024,591.5575924810287,834.93513667854,1173.204395216101,1953.6564780483325,309.205
SBI Small Cap Fund - Regular Plan - Growth,119598,1044,361.15603577887043,592.4512821094954,832.9493205687677,1175.734691382723,1959.6209749138454,309.205
SBI Small Cap Fund - Regular Plan - Growth,119598,1045,361.37136302794045,592.7068920926383,834.0503587034318,1177.5045958033215,1958.9460023162837,309.205
SBI Small Cap Fund - Regular Plan - Growth,119598,1046,362.0686872563719,594.343820301764,834.1475924970168,1176.9065425615631,1964.4519007901074,309.205
SBI Small Cap Fund - Regular Plan - Growth,119598,1047,361.61479729596215,594.7264781866172,836.0077746459236,1177.1560412836823,1964.0094632223702,309.205
SBI Small Cap Fund - Regular Plan - Growth,119598,1048,361.1409740173837,594.3996349345596,834.8363671162721,1179.72556779153,1965.3544383442197,309.205
SBI Small Cap Fund - Regular Plan - Growth,119598,1049,361.22407289296075,593.8527739618876,839.3155501165545,1182.2511023779286,1970.5441139512554,309.205
SBI Small Cap Fund - Regular Plan - Growth,119598,1050,362.7366466535268,595.3415658347772,840.4933979100954,1181.7707676179843,1975.507219569874,309.205
SBI Small Cap Fund - Regular Plan - Growth,119598,1051,362.4030750958232,595.6939448202675,839.3070801208378,1184.3443831174461,1984.3352707759045,309.205
SBI Small Cap Fund - Regular Plan - Growth,119598,1052,362.6613522970853,596.5271135497223,840.4325900963004,1183.4489473103847,1988.206284213333,309.205
SBI Small Cap Fund - Regular Plan - Growth,119598,1053,362.3683214106462,597.0059040669139,841.9095100243328,1182.7300172535524,1991.2993412360825,309.205
SBI Small Cap Fund - Regular Plan - Growth,119598,1054,363.3790349103388,598.5130971258768,842.1758244102623,1185.2195142394398,1991.3309309990645,309.205
SBI Small Cap Fund - Regular Plan - Growth,119598,1055,365.55828085036677,599.2336916028518,843.9822194549085,1187.3724908615163,1990.0975191001107,309.205
SBI Small Cap Fund - Regular Plan - Growth,119598,1056,364.98213883941474,599.1293433385604,843.3898774005916,1188.6810715217916,1998.0131679152635,309.205
SBI Small Cap Fund - Regular Plan - Growth,119598,1057,364.4970818231296,599.946681721034,844.8845153212621,1193.18642059346,1992.2759256713607,309.205
SBI Small Cap Fund - Regular Plan - Growth,119598,1058,364.91010734816047,599.300701386763,844.3856005082248,1193.044411542384,1994.120929393044,309.205
SBI Small Cap Fund - Regular Plan - Growth,119598,1059,365.47875545093876,600.0706430517116,843.8187513003743,1193.3337305666626,1991.177300188719,309.205
SBI Small Cap Fund - Regular Plan - Growth,119598,1060,364.80834518486375,602.4675468060462,844.5337263666213,1194.9464559049195,1991.6297450175252,309.205
SBI Small Cap Fund - Regular Plan - Growth,119598,1061,364.8529149646324,602.0520585969564,845.6841301562158,1196.5034489947482,2002.6369876133947,309.205
SBI Small Cap Fund - Regular Plan - Growth,119598,1062,366.18280491734083,603.2339485037899,846.4297844775365,1197.3060442808242,2005.6910758575307,309.205
SBI Small Cap Fund - Regular Plan - Growth,119598,1063,366.2138112420767,603.3333256944105,845.7127255822081,1199.5722591683996,2013.4557342131845,309.205
SBI Small Cap Fund - Regular Plan - Growth,119598,1064,365.4216817371524,604.4998058221589,848.2210104716572,1199.5053975762419,2011.6968758838989,309.205
SBI Small Cap Fund - Regular Plan - Growth,119598,1065,367.0210861204357,604.5753918346398,849.4055861521053,1198.7676688317952,2011.5449968527566,309.205
SBI Small Cap Fund - Regular Plan - Growth,119598,1066,366.80897016176243,604.5512782715699,848.8477889529736,1200.4568745613592,2011.799221236155,309.205
SBI Small Cap Fund - Regular Plan - Growth,119598,1067,366.28090377190074,605.6138508868626,850.7952474776919,1200.3963795666318,2015.8993603640863,309.205
SBI Small Cap Fund - Regular Plan - Growth,119598,1068,367.29749869437757,606.6766974114727,852.0887540402191,1200.5637434035066,2019.345586892325,309.205
SBI Small Cap Fund - Regular Plan - Growth,119598,1069,366.2907181179075,605.8311912926636,853.0216677542176,1203.5963995232298,2017.602163038128,309.205
SBI Small Cap Fund - Regular Plan - Growth,119598,1070,367.6091804973031,605.5241035844142,854.9085134439657,1204.2225586301847,2017.741023714097,309.205
SBI Small Cap Fund - Regular Plan - Growth,119598,1071,366.807365399511,606.3866030297551,854.8000666257531,1207.6250479240812,2021.344251431427,309.205
SBI Small Cap Fund - Regular Plan - Growth,119598,1072,367.9382894423584,607.1155836336749,854.4009919307873,1207.882147181717,2023.1123469142817,309.205
SBI Small Cap Fund - Regular Plan - Growth,119598,1073,368.45716511810076,607.840122295077,856.6713878721647,1210.932678913326,2022.4127668784038,309.205
SBI Small Cap Fund - Regular Plan - Growth,119598,1074,367.2854260910398,608.0626596899056,856.2660091896818,1213.7829520699772,2031.2335999623365,309.205
SBI Small Cap Fund - Regular Plan - Growth,119598,1075,366.4661803541423,610.0160350333299,856.5457853997357,1212.4276946521654,2034.3353442831294,309.205
SBI Small Cap Fund - Regular Plan - Growth,119598,1076,365.89040326790376,610.429991764851,856.4680184355202,1214.2182388221945,2036.655350046141,309.205
SBI Small Cap Fund - Regular Plan - Growth,119598,1077,367.10510453722617,609.8074470415586,859.139722053731,1213.406237663883,2033.3000936525873,309.205
SBI Small Cap Fund - Regular Plan - Growth,119598,1078,367.2738742853043,610.4120494737565,858.868903148018,1214.5336703047064,2040.731093913134,309.205
SBI Small Cap Fund - Regular Plan - Growth,119598,1079,367.49616285717474,610.6429647147262,859.6401665288171,1217.637651761106,2047.3551126471725,309.205
SBI Small Cap Fund - Regular Plan - Growth,119598,1080,369.61038090969214,610.3023721193024,860.0144072005182,1219.7065535558618,2051.167634119243,309.205
SBI Small Cap Fund - Regular Plan - Growth,119598,1081,368.3205208928725,610.6869437769186,859.0291684271126,1220.114663936159,2050.8787722334337,309.205
SBI Small Cap Fund - Regular Plan - Growth,119598,1082,368.87120970523307,610.2930662038016,862.0088526150346,1221.2635874010825,2053.912256317991,309.205
SBI Small Cap Fund - Regular Plan - Growth,119598,1083,368.7884699750601,612.4150018268729,863.576371819763,1222.3438930569937,2058.492655595253,309.205
SBI Small Cap Fund - Regular Plan - Growth,119598,1084,368.44399866863336,612.3394144990348,864.353407226223,1225.599782072789,2066.4404756954464,309.205
SBI Small Cap Fund - Regular Plan - Growth,119598,1085,369.00509301357505,613.8849471001041,864.4303555482604,1228.612400948833,2063.5573448757427,309.205
SBI Small Cap Fund - Regular Plan - Growth,119598,1086,370.58404038875847,615.8105597181261,867.6025992051918,1232.7514246972469,2060.2295811404983,309.205
SBI Small Cap Fund - Regular Plan - Growth,119598,1087,370.8300435430778,615.7641863460806,866.8348816113223,1236.0630862522096,2072.4773896969996,309.205
SBI Small Cap Fund - Regular Plan - Growth,119598,1088,370.83276568622483,616.7069356654224,867.5754899027916,1233.7016835128466,2072.4153828755557,309.205
SBI Small Cap Fund - Regular Plan - Growth,119598,1089,372.49378501480135,618.780838501436,867.0303040241049,1236.690734589561,2076.9348526482013,309.205
SBI Small Cap Fund - Regular Plan - Growth,119598,1090,372.0277220531826,617.8876429490375,868.7013929555017,1237.3425089175962,2086.330765630668,309.205
SBI Small Cap Fund - Regular Plan - Growth,119598,1091,372.8587788730876,618.595093171575,869.1390935052416,1237.4935371507654,2083.2921190582892,309.205
SBI Small Cap Fund - Regular Plan - Growth,119598,1092,372.4051137349527,619.2346324584221,870.1483141414008,1237.6407134150415,2079.014170518417,309.205
SBI Small Cap Fund - Regular Plan - Growth,119598,1093,372.8618922093049,619.6478674244765,870.125352419334,1240.143670765044,2090.208929818295,309.205
SBI Small Cap Fund - Regular Plan - Growth,119598,1094,372.86300013692284,620.1728810035256,870.7070013786613,1243.124918194279,2091.311250095026,309.205
SBI Small Cap Fund - Regular Plan - Growth,119598,1095,374.64955761792805,620.0375720005816,870.3289626009664,1241.3820754939927,2099.3879977733295,309.205
SBI Small Cap Fund - Regular Plan - Growth,119598,1096,374.37052987918366,620.5046227345996,871.5171911616403,1244.693727474449,2110.0148913093485,309.205
SBI Small Cap Fund - Regular Plan - Growth,119598,1097,375.55460211498473,621.3980956683415,871.3273984325372,1245.7487893106575,2112.414453657588,309.205
SBI Small Cap Fund - Regular Plan - Growth,119598,1098,373.62396020748685,622.416962608125,870.2546721856969,1246.7945673854388,2114.4111192647747,309.205
SBI Small Cap Fund - Regular Plan - Growth,119598,1099,374.10214918345355,621.6852639329113,869.9000547207111,1249.323367622983,2119.720050484067,309.205
SBI Small Cap Fund - Regular Plan - Growth,119598,1100,373.255747445268,622.7058027737727,872.2553111380294,1250.0512956592283,2117.595497114125,309.205
SBI Small Cap Fund - Regular Plan - Growth,119598,1101,373.26391592820596,621.0734332975779,872.0457199038276,1253.7030149690204,2126.4359041985617,309.205
SBI Small Cap Fund - Regular Plan - Growth,119598,1102,372.87818808847214,622.4258229770664,873.245599949515,1253.6682842966804,2122.1124883468187,309.205
SBI Small Cap Fund - Regular Plan - Growth,119598,1103,373.13401999274697,623.6305647763663,873.2835279077221,1254.0061750091863,2129.9731367896734,309.205
SBI Small Cap Fund - Regular Plan - Growth,119598,1104,373.8848362782831,621.4252311297497,875.0154304922049,1255.8176379645913,2130.5668523085233,309.205
SBI Small Cap Fund - Regular Plan - Growth,119598,1105,373.597470231933,622.8619970920195,876.498869487924,1257.4205262774378,2130.8318575350877,309.205
SBI Small Cap Fund - Regular Plan - Growth,119598,1106,374.66621416034985,624.742364212355,877.309737709865,1259.059769166208,2133.463520260479,309.205
SBI Small Cap Fund - Regular Plan - Growth,119598,1107,374.1227133048118,624.8373841637338,878.0555593375879,1260.310741812953,2134.790628146692,309.205
SBI Small Cap Fund - Regular Plan - Growth,119598,1108,373.956446601939,624.0889837105876,879.5269068731534,1260.144835776032,2133.430150214308,309.205
SBI Small Cap Fund - Regular Plan - Growth,119598,1109,374.4212340467144,623.8521287450723,879.5330429308673,1260.2744643715298,2146.1448638339907,309.205
SBI Small Cap Fund - Regular Plan - Growth,119598,1110,373.92838691590674,624.7586733987515,880.5077180754663,1261.298361353432,2151.7039185712893,309.205
SBI Small Cap Fund - Regular Plan - Growth,119598,1111,373.98317339972573,623.7661957086593,879.946414178877,1265.5786814721187,2150.4300423372783,309.205
SBI Small Cap Fund - Regular Plan - Growth,119598,1112,375.37381041822624,622.9769146609839,880.9352964056264,1266.309429375452,2152.53293206648,309.205
SBI Small Cap Fund - Regular Plan - Growth,119598,1113,374.6885812879909,625.1503637343499,882.5419640259443,1269.8630241129465,2163.834220914757,309.205
SBI Small Cap Fund - Regular Plan - Growth,119598,1114,375.36965194254867,624.9939225509293,884.5972942109761,1270.2395428168456,2159.5197999049346,309.205
SBI Small Cap Fund - Regular Plan - Growth,119598,1115,375.3993692385189,625.646726235087,885.6488553933332,1269.8359700524684,2168.266893167858,309.205
SBI Small Cap Fund - Regular Plan - Growth,119598,1116,374.7965692936831,625.2315833726398,886.5770820597462,1271.4057572742818,2176.6481951598203,309.205
SBI Small Cap Fund - Regular Plan - Growth,119598,1117,374.87683037795335,624.6925983466884,886.9414998914491,1272.4183928450357,2169.4034764764738,309.205
SBI Small Cap Fund - Regular Plan - Growth,119598,1118,375.9830261391215,625.8381652108454,889.5165915492889,1275.0263760586558,2177.398166939666,309.205
SBI Small Cap Fund - Regular Plan - Growth,119598,1119,376.16155307834197,627.123503476666,889.0362267137532,1276.329159857822,2180.961726610415,309.205
SBI Small Cap Fund - Regular Plan - Growth,119598,1120,375.9651889056992,627.2552401587831,889.3911842952866,1277.9110389094144,2180.2975250387767,309.205
SBI Small Cap Fund - Regular Plan - Growth,119598,1121,376.7156060733409,627.0837142329692,890.8258352318821,1278.5241925066402,2181.447362652702,309.205
SBI Small Cap Fund - Regular Plan - Growth,119598,1122,375.30046143954354,628.3636183626024,892.1277039919262,1277.5460928835403,2185.1515412158274,309.205
SBI Small Cap Fund - Regular Plan - Growth,119598,1123,378.537282752149,629.7252977816428,892.6819594094245,1279.2038178127423,2183.7822709476563,309.205
SBI Small Cap Fund - Regular Plan - Growth,119598,1124,379.0826100907338,631.0894864893583,892.4709620392975,1278.5773675428406,2182.576550241751,309.205
SBI Small Cap Fund - Regular Plan - Growth,119598,1125,378.6184939334844,629.4251539104367,892.4867159345079,1280.2494054236186,2188.5545714192217,309.205
SBI Small Cap Fund - Regular Plan - Growth,119598,1126,379.7020573840467,629.8138295598055,890.7348244671136,1282.529823226215,2182.683527737578,309.205
SBI Small Cap Fund - Regular Plan - Growth,119598,1127,380.9602465254011,630.1125731427079,892.0174340653386,1282.7665480157518,2179.833298346675,309.205
SBI Small Cap Fund - Regular Plan - Growth,119598,1128,381.1383133517636,629.863988240257,893.5278789514944,1285.1682829517745,2191.108106649681,309.205
SBI Small Cap Fund - Regular Plan - Growth,119598,1129,380.92932909053525,629.2060449405055,895.4042223670422,1287.7115886993156,2194.9438203760237,309.205
SBI Small Cap Fund - Regular Plan - Growth,119598,1130,380.6274328121123,630.1245960859187,896.3728594439206,1289.1977015645252,2200.308526580561,309.205
SBI Small Cap Fund - Regular Plan - Growth,119598,1131,381.5926105882295,630.9029972190901,896.6964911545942,1289.0163060341247,2207.229644312338,309.205
SBI Small Cap Fund - Regular Plan - Growth,119598,1132,381.27822105226335,632.6835337665127,899.4817423893105,1290.381934444682,2211.562987880509,309.205
SBI Small Cap Fund - Regular Plan - Growth,119598,1133,380.6210850805102,631.6348558901047,900.3002993087359,1292.8781270136105,2209.8889049142726,309.205
SBI Small Cap Fund - Regular Plan - Growth,119598,1134,379.9195013585537,633.0661002906858,903.8760768266425,1293.712105943797,2207.663741450427,309.205
SBI Small Cap Fund - Regular Plan - Growth,119598,1135,380.8662347327841,633.8941827818213,903.3379652382819,1293.4373642511687,2205.007136648541,309.205
SBI Small Cap Fund - Regular Plan - Growth,119598,1136,380.434967918611,634.0111320019746,903.3626872783209,1298.3557877274807,2214.9192577998447,309.205
SBI Small Cap Fund - Regular Plan - Growth,119598,1137,381.202005247481,634.2053976808656,905.2693190963042,1294.925293691626,2215.33400545209,309.205
SBI Small Cap Fund - Regular Plan - Growth,119598,1138,381.723138420473,633.5982062657681,904.779121002435,1296.5241128185758,2213.4633175140752,309.205
SBI Small Cap Fund - Regular Plan - Growth,119598,1139,381.7010293522572,636.2277088395227,904.0260130041854,1301.1732580423206,2217.8590482856484,309.205
SBI Small Cap Fund - Regular Plan - Growth,119598,1140,381.0942027738586,636.5529406622334,904.791934881174,1301.0021390625645,2212.5417944167298,309.205
SBI Small Cap Fund - Regular Plan - Growth,119598,1141,382.61020317088753,637.1229000494372,904.6500764954346,1304.3037196117566,2207.5337251386045,309.205
SBI Small Cap Fund - Regular Plan - Growth,119598,1142,381.9878723717132,637.1637249204828,907.7881073467402,1305.2601423050844,2216.71827568305,309.205
SBI Small Cap Fund - Regular Plan - Growth,119598,1143,381.5716450035005,638.0692988426713,907.6064319058905,1305.9710813271433,2221.530981576924,309.205
SBI Small Cap Fund - Regular Plan - Growth,119598,1144,381.61484058861004,639.1123940923094,908.6525356682131,1308.3313795960553,2225.334095836294,309.205
SBI Small Cap Fund - Regular Plan - Growth,119598,1145,383.0738768946609,640.3350141424328,909.0756573868834,1310.701051732135,2227.3896818459393,309.205
SBI Small Cap Fund - Regular Plan - Growth,119598,1146,383.9210838305496,642.1919247118784,909.9254706271649,1312.9957725730574,2232.761654989083,309.205
SBI Small Cap Fund - Regular Plan - Growth,119598,1147,385.02780005987563,641.7679873785098,910.5932384242965,1314.4909758814106,2230.9636743455667,309.205
SBI Small Cap Fund - Regular Plan - Growth,119598,1148,385.1272903447436,641.1466593396781,911.9536612444385,1314.9867329497874,2239.665776135484,309.205
SBI Small Cap Fund - Regular Plan - Growth,119598,1149,384.3716996603251,642.3325680141133,912.594958307723,1313.9886193214497,2238.553914872305,309.205
SBI Small Cap Fund - Regular Plan - Growth,119598,1150,385.037048066352,641.554945274284,914.5218013622475,1316.8710267993429,2237.8560642304515,309.205
SBI Small Cap Fund - Regular Plan - Growth,119598,1151,386.80796690436455,642.8380145561346,914.5981051661913,1319.8913019635656,2246.7438785925324,309.205
SBI Small Cap Fund - Regular Plan - Growth,119598,1152,385.7487974872341,642.2512907703826,915.3608277095962,1324.2552970829777,2244.5541360839006,309.205
SBI Small Cap Fund - Regular Plan - Growth,119598,1153,384.87457113004274,642.5092663342481,915.4943488712414,1321.954491703557,2243.7451990719023,309.205
SBI Small Cap Fund - Regular Plan - Growth,119598,1154,385.4099867528384,643.4959196505463,916.8668990930341,1321.2873466059598,2242.9627324423454,309.205
SBI Small Cap Fund - Regular Plan - Growth,119598,1155,385.85616695929906,642.3448042448173,917.9240195850102,1322.8426344114207,2252.8676053441877,309.205
SBI Small Cap Fund - Regular Plan - Growth,119598,1156,387.9334430826656,645.145913970398,920.2720119007855,1323.409841130261,2254.9517266946427,309.205
SBI Small Cap Fund - Regular Plan - Growth,119598,1157,387.16328235038077,644.6644408121441,921.928337352918,1327.5350652446461,2259.7468344370523,309.205
SBI Small Cap Fund - Regular Plan - Growth,119598,1158,387.00870158255435,643.5073087250898,922.6406243770584,1328.2608108441577,2263.993775897264,309.205
SBI Small Cap Fund - Regular Plan - Growth,119598,1159,386.6818613121686,645.2143818376912,924.3452548244541,1329.3291721334983,2264.839159895952,309.205
SBI Small Cap Fund - Regular Plan - Growth,119598,1160,385.8527054753924,647.5635785754421,923.2508253137146,1328.837835650797,2272.7326294372747,309.205
SBI Small Cap Fund - Regular Plan - Growth,119598,1161,389.18228028633285,646.9798660211183,924.2427046310117,1331.5322525586698,2273.786929173914,309.205
SBI Small Cap Fund - Regular Plan - Growth,119598,1162,387.5375112487298,647.9931420718436,925.9015761767034,1334.4244289254038,2283.4261690364297,309.205
SBI Small Cap Fund - Regular Plan - Growth,119598,1163,388.98736996402494,647.8664561972377,924.0030960365068,1335.7158732123344,2290.2127689770346,309.205
SBI Small Cap Fund - Regular Plan - Growth,119598,1164,389.67052800358164,649.084538799403,925.7819089622333,1335.3770328822848,2300.48444620884,309.205
SBI Small Cap Fund - Regular Plan - Growth,119598,1165,389.52775574532143,648.3792295102189,927.5185894960046,1337.6702753780182,2297.048178283957,309.205
SBI Small Cap Fund - Regular Plan - Growth,119598,1166,389.58062556901655,649.0185299929718,928.8778557434302,1339.56702246007,2300.2519646460078,309.205
SBI Small Cap Fund - Regular Plan - Growth,119598,1167,390.54431823960533,649.4971154270886,928.6667462697895,1338.8383633882004,2299.7967311442553,309.205
SBI Small Cap Fund - Regular Plan - Growth,119598,1168,389.70843329697806,650.6806485895362,933.2158827775379,1342.4622377553071,2299.1969740256122,309.205
SBI Small Cap Fund - Regular Plan - Growth,119598,1169,388.8892439844519,653.0343203278078,930.5154707583216,1341.4305097938623,2305.7808248590986,309.205
SBI Small Cap Fund - Regular Plan - Growth,119598,1170,390.7188988152126,652.1335632003368,932.0886909744384,1346.1043754498862,2307.548170795108,309.205
SBI Small Cap Fund - Regular Plan - Growth,119598,1171,391.70894380272966,651.4486460398244,934.0954197328001,1347.5736378693161,2318.2509786885694,309.205
SBI Small Cap Fund - Regular Plan - Growth,119598,1172,391.18974462587767,652.4340769648591,933.4541314722585,1350.2515256710353,2316.2751082112854,309.205
SBI Small Cap Fund - Regular Plan - Growth,119598,1173,391.7580396083636,651.9945429828374,934.8720572518669,1352.5443917853252,2320.7498954578386,309.205
SBI Small Cap Fund - Regular Plan - Growth,119598,1174,391.24205368447247,654.121926313996,936.8831747611309,1353.673986102057,2322.1209548142588,309.205
SBI Small Cap Fund - Regular Plan - Growth,119598,1175,391.6611506243175,654.1340201426135,936.2851254947391,1357.8644238867896,2326.026977901562,309.205
SBI Small Cap Fund - Regular Plan - Growth,119598,1176,391.3517858056219,652.6369596472896,938.2581001707388,1357.7751422104382,2331.3747238460096,309.205
SBI Small Cap Fund - Regular Plan - Growth,119598,1177,391.5457623447186,654.326566587893,939.4416550670348,1361.578194592933,2327.8980128758126,309.205
SBI Small Cap Fund - Regular Plan - Growth,119598,1178,392.9889941771703,655.4212808500583,940.6674546818073,1361.7055751804514,2324.48653818255,309.205
SBI Small Cap Fund - Regular Plan - Growth,119598,1179,394.11355685383387,656.3349115008095,940.9936584316295,1360.6210848916712,2328.04597661618,309.205
SBI Small Cap Fund - Regular Plan - Growth,119598,1180,391.9505369410482,655.9118026452493,941.1806851582948,1365.0056602796922,2337.0378381963405,309.205
SBI Small Cap Fund - Regular Plan - Growth,119598,1181,392.11774362345665,657.0741978570027,943.0496078192837,1369.0039158889,2345.5229889501097,309.205
SBI Small Cap Fund - Regular Plan - Growth,119598,1182,392.99318001978247,657.7985802802318,943.2216016063797,1370.2777019983896,2356.4184216980216,309.205
SBI Small Cap Fund - Regular Plan - Growth,119598,1183,393.8316577240614,657.468772985347,942.7581516242897,1372.3075434239893,2360.777092261069,309.205
SBI Small Cap Fund - Regular Plan - Growth,119598,1184,392.00994569620735,658.4547712146397,945.5235624254017,1371.0906535553438,2353.485208372278,309.205
SBI Small Cap Fund - Regular Plan - Growth,119598,1185,392.44745045480533,658.6802133878355,946.1658683713231,1373.3120174317432,2354.2318848490504,309.205
SBI Small Cap Fund - Regular Plan - Growth,119598,1186,393.0115053663263,658.9389568752372,946.9176880443788,1375.1626659542908,2352.0646750610235,309.205
SBI Small Cap Fund - Regular Plan - Growth,119598,1187,393.35937177781767,659.3542817776324,947.5793759869819,1379.797568766082,2349.2193879196047,309.205
SBI Small Cap Fund - Regular Plan - Growth,119598,1188,394.5526392689776,659.2592515234785,949.4716606421434,1379.920959074064,2361.039703568693,309.205
SBI Small Cap Fund - Regular Plan - Growth,119598,1189,395.6390464627176,660.4189961184491,950.4168718777763,1381.149578624665,2362.782070625622,309.205
SBI Small Cap Fund - Regular Plan - Growth,119598,1190,393.5288827817851,660.6120207898332,950.4430395832014,1382.8738712489335,2359.164563362487,309.205
SBI Small Cap Fund - Regular Plan - Growth,119598,1191,394.0388533034138,663.5566006494131,952.7283502823304,1385.507026088484,2365.863911108322,309.205
SBI Small Cap Fund - Regular Plan - Growth,119598,1192,394.62670466389875,664.1752964352652,951.9879445391005,1386.8035086800649,2376.3120458993867,309.205
SBI Small Cap Fund - Regular Plan - Growth,119598,1193,392.1782020897207,664.3399019767974,953.6350314145093,1386.9949253248187,2369.090882582755,309.205
SBI Small Cap Fund - Regular Plan - Growth,119598,1194,392.97808855238776,663.676905029193,954.6305521967893,1391.1442933985227,2376.2276856031294,309.205
SBI Small Cap Fund - Regular Plan - Growth,119598,1195,392.55514832459255,666.0225116358476,955.5813400342279,1393.7351878836917,2371.5630611175893,309.205
SBI Small Cap Fund - Regular Plan - Growth,119598,1196,393.2467036423267,665.4146083763312,955.0579547874896,1394.774727499163,2376.93993500796,309.205
SBI Small Cap Fund - Regular Plan - Growth,119598,1197,394.1110779726721,664.4522414050815,955.2715659218334,1395.2082477155427,2384.4590142940588,309.205
SBI Small Cap Fund - Regular Plan - Growth,119598,1198,394.72591127466654,666.5138513148829,955.2625634266038,1395.9699760832725,2391.6898631558993,309.205
SBI Small Cap Fund - Regular Plan - Growth,119598,1199,396.02072307777325,668.2237085199226,957.4728385259573,1400.278672368675,2392.6994875239493,309.205
SBI Small Cap Fund - Regular Plan - Growth,119598,1200,395.87151230495016,667.7593687604603,957.6415267080458,1401.1845076410552,2397.8672367459644,309.205
SBI Small Cap Fund - Regular Plan - Growth,119598,1201,396.08895173688256,667.359778078312,960.1902376493108,1407.4110985868642,2409.0531328166985,309.205
SBI Small Cap Fund - Regular Plan - Growth,119598,1202,395.4161282805485,666.3238928453679,961.8699755742101,1406.4668763222287,2415.9839656940494,309.205
SBI Small Cap Fund - Regular Plan - Growth,119598,1203,395.9837701570986,667.7154035309417,963.2103145059318,1406.7787656129299,2414.2523607692424,309.205
SBI Small Cap Fund - Regular Plan - Growth,119598,1204,395.57514117159656,669.9259849634977,961.2683377992252,1409.543690960927,2427.6632355565725,309.205
SBI Small Cap Fund - Regular Plan - Growth,119598,1205,396.81110142604166,670.3803185955979,963.2161622925889,1412.5651494633132,2424.637701034474,309.205
SBI Small Cap Fund - Regular Plan - Growth,119598,1206,398.1280753218875,671.8985283419814,963.0676931331457,1412.0183525309749,2425.813364356541,309.205
SBI Small Cap Fund - Regular Plan - Growth,119598,1207,398.13239255888783,672.0738908451777,963.8084809009626,1414.4588176354716,2424.402854486409,309.205
SBI Small Cap Fund - Regular Plan - Growth,119598,1208,396.3428736741786,671.8649155925958,967.326556041519,1416.4004759763611,2427.963529754496,309.205
SBI Small Cap Fund - Regular Plan - Growth,119598,1209,397.9460009838929,674.6678293666025,966.7010781420117,1421.5558447872793,2423.0943372304578,309.205
SBI Small Cap Fund - Regular Plan - Growth,119598,1210,399.33285419017534,673.8724079936391,967.0126789164966,1421.933422916869,2416.5672078870953,309.205
SBI Small Cap Fund - Regular Plan - Growth,119598,1211,399.34004419320945,674.9631060779857,969.55970694859,1420.917589569644,2420.940225586499,309.205
SBI Small Cap Fund - Regular Plan - Growth,119598,1212,398.3290085254927,675.9927486289071,970.2534730880745,1426.4983124706778,2425.6530332385983,309.205
SBI Small Cap Fund - Regular Plan - Growth,119598,1213,399.5272342939377,677.7366943600651,972.4109169381306,1426.508451599797,2430.4353159364928,309.205
SBI Small Cap Fund - Regular Plan - Growth,119598,1214,397.76222480424934,678.9816764769835,970.7652959097543,1427.045374593572,2438.1194509491734,309.205
SBI Small Cap Fund - Regular Plan - Growth,119598,1215,399.49661178022217,678.1462150011923,971.3122714012279,1428.626135290557,2437.788738914372,309.205
SBI Small Cap Fund - Regular Plan - Growth,119598,1216,398.2990199066381,678.0723554254489,972.7657006898048,1431.9700634007652,2439.600184877205,309.205
SBI Small Cap Fund - Regular Plan - Growth,119598,1217,400.1089695233997,679.3705038851491,972.9987753889457,1429.2612460941457,2451.13544729645,309.205
SBI Small Cap Fund - Regular Plan - Growth,119598,1218,400.45548776941416,678.4091866186341,975.0700505418465,1429.0847813453288,2450.843103108909,309.205
SBI Small Cap Fund - Regular Plan - Growth,119598,1219,401.13011324134163,680.6660761786844,974.7997395145787,1432.1056484372616,2450.5033648134963,309.205
SBI Small Cap Fund - Regular Plan - Growth,119598,1220,400.65801845498305,680.9465544401875,976.2537611394082,1431.5889677443452,2459.066672739152,309.205
SBI Small Cap Fund - Regular Plan - Growth,119598,1221,399.3647986331919,681.1290148138895,976.5698527706462,1437.642573293271,2465.296777229026,309.205
SBI Small Cap Fund - Regular Plan - Growth,119598,1222,400.09272540852044,682.0897805763733,975.2628194542465,1438.4590034644757,2460.778591719167,309.205
SBI Small Cap Fund - Regular Plan - Growth,119598,1223,401.95848738555696,681.5518495113998,979.1337136610463,1438.565096920538,2455.421267270572,309.205
SBI Small Cap Fund - Regular Plan - Growth,119598,1224,401.87284051372734,683.4089914521185,979.9539961055603,1441.4765280325898,2468.188804549049,309.205
SBI Small Cap Fund - Regular Plan - Growth,119598,1225,402.91483118227876,682.6807181166439,980.2297835659945,1444.7173253658675,2472.464758608715,309.205
SBI Small Cap Fund - Regular Plan - Growth,119598,1226,403.42329430744843,683.2797258336719,982.0364835046646,1448.5767466658194,2475.9841342020845,309.205
SBI Small Cap Fund - Regular Plan - Growth,119598,1227,403.83178586028026,684.4322741490597,981.7778381473145,1450.1004606911881,2484.4047133856525,309.205
SBI Small Cap Fund - Regular Plan - Growth,119598,1228,403.4612205058621,685.2516903241756,981.6172812569025,1449.5740172322555,2482.6283176399334,309.205
SBI Small Cap Fund - Regular Plan - Growth,119598,1229,405.5684428178971,685.8234548354353,981.8999187570613,1448.4478380731523,2497.3963818664274,309.205
SBI Small Cap Fund - Regular Plan - Growth,119598,1230,405.2296931267619,687.3024789725024,982.060256179482,1451.882151876864,2494.6287940315406,309.205
SBI Small Cap Fund - Regular Plan - Growth,119598,1231,405.8070766559899,688.6120420989134,985.8486080241769,1451.6688204140505,2495.892298990707,309.205
SBI Small Cap Fund - Regular Plan - Growth,119598,1232,406.205152419651,687.8764550118658,985.6574399598815,1453.573576369597,2500.1994406521035,309.205
SBI Small Cap Fund - Regular Plan - Growth,119598,1233,407.160287891775,688.8422562328378,988.4663910252001,1453.991383402445,2495.558932188747,309.205
SBI Small Cap Fund - Regular Plan - Growth,119598,1234,406.7253714000238,689.046387343476,989.1799938679899,1455.2836889454427,2500.3131528315257,309.205
SBI Small Cap Fund - Regular Plan - Growth,119598,1235,405.8156041733148,689.1102546477362,987.7224974666597,1458.092934014147,2498.5956009121137,309.205
SBI Small Cap Fund - Regular Plan - Growth,119598,1236,406.63344601215925,690.4598711362776,988.3574088595194,1459.0976626114768,2504.999623601162,309.205
SBI Small Cap Fund - Regular Plan - Growth,119598,1237,406.80388956855757,690.6138808487553,989.8644832779485,1460.6487896288,2518.5983909224738,309.205
SBI Small Cap Fund - Regular Plan - Growth,119598,1238,407.29529281045996,692.4948861506563,991.3632791131843,1462.2385355520155,2530.529708126329,309.205
SBI Small Cap Fund - Regular Plan - Growth,119598,1239,407.3381577602123,691.2134563020618,990.5589104721507,1463.7664907717851,2520.2274077349857,309.205
SBI Small Cap Fund - Regular Plan - Growth,119598,1240,409.6931189249563,691.839162444656,993.5942999884647,1464.5049161843995,2512.076374164309,309.205
SBI Small Cap Fund - Regular Plan - Growth,119598,1241,411.15106219441174,693.0964731120556,993.7834457306614,1465.0054262289816,2533.1237224151596,309.205
SBI Small Cap Fund - Regular Plan - Growth,119598,1242,410.31940104799827,693.7436755326887,993.5166192518501,1466.9384520149213,2524.129940873213,309.205
SBI Small Cap Fund - Regular Plan - Growth,119598,1243,409.25445316009507,693.4085505569071,993.8660379978691,1471.1241394339386,2517.097094905894,309.205
SBI Small Cap Fund - Regular Plan - Growth,119598,1244,410.11891550128934,695.6605196060221,993.638657405422,1472.9477303119452,2506.6383782547928,309.205
SBI Small Cap Fund - Regular Plan - Growth,119598,1245,410.81868751343296,696.2059416785823,995.6068947428904,1470.4585045815793,2510.205692604892,309.205
SBI Small Cap Fund - Regular Plan - Growth,119598,1246,409.2893356438924,697.4935596506191,998.5857636575897,1471.0407527785478,2521.6873314445206,309.205
SBI Small Cap Fund - Regular Plan - Growth,119598,1247,409.04221967608134,698.3954046667066,1000.2893010550573,1472.7117400757625,2529.359858460365,309.205
SBI Small Cap Fund - Regular Plan - Growth,119598,1248,411.1510649922102,698.4956551718276,1002.0291848944245,1475.2491153332232,2535.0135538420595,309.205
SBI Small Cap Fund - Regular Plan - Growth,119598,1249,410.00727573636584,698.6320691144173,1002.3540348752315,1477.3405530739587,2537.06260849577,309.205
SBI Small Cap Fund - Regular Plan - Growth,119598,1250,410.5353988190106,699.2045614758338,1004.4290658323123,1480.3554011096398,2547.6116865536146,309.205
SBI Small Cap Fund - Regular Plan - Growth,119598,1251,410.9242837492135,698.9276662735114,1006.9158773780331,1481.7328179992896,2552.9375115983694,309.205
SBI Small Cap Fund - Regular Plan - Growth,119598,1252,410.3466430349697,699.2924761573823,1007.2486750658322,1484.5097905621292,2560.6456425821775,309.205
SBI Small Cap Fund - Regular Plan - Growth,119598,1253,411.5657678311017,698.7414288902854,1008.2327816880384,1485.4331041131575,2552.9646869884614,309.205
SBI Small Cap Fund - Regular Plan - Growth,119598,1254,411.8819003996956,700.3851120485252,1010.7441521700184,1489.9136895146219,2560.2858605056836,309.205
SBI Small Cap Fund - Regular Plan - Growth,119598,1255,412.26324601177976,699.3115804179612,1013.3754754913281,1490.8384758373322,2553.3028520722482,309.205
SBI Small Cap Fund - Regular Plan - Growth,119598,1256,413.1217998366836,699.7088290494627,1013.136179751899,1490.8802018854926,2556.5596281689204,309.205
SBI Small Cap Fund - Regular Plan - Growth,119598,1257,413.262000491008,699.1875585821086,1013.7842504128587,1498.6899155605274,2567.760820430012,309.205
SBI Small Cap Fund - Regular Plan - Growth,119598,1258,411.213392181077,700.8278427878548,1014.2708649989029,1496.1172903446075,2577.491183423536,309.205
SBI Small Cap Fund - Regular Plan - Growth,119598,1259,412.87501901953675,702.152027523582,1013.5243846121364,1497.3709045140552,2573.6500176136215,309.205
SBI Small Cap Fund - Regular Plan - Growth,119598,1260,412.12126077286473,701.5961541117609,1014.9039281692653,1496.7731057517333,2579.2113955356745,309.205
